{
  "type": "FeatureCollection",
  "name": "Via Romae Game Objects v0.8",
  "bbox": [
    12.4563148,
    41.8765186,
    12.51572,
    41.9115252
  ],
  "metadata": {
    "schema": "via-romae/game-geojson/v0.8",
    "source_workbook": "Via_Romae_Questgruppierung_v0.10 (1).xlsx",
    "generated_at_utc": "2026-09-12T00:00:00Z",
    "coordinate_reference_system": "WGS84 / EPSG:4326",
    "coordinate_order": "longitude, latitude",
    "feature_counts": {
      "location_candidate": 90,
      "quest_definition": 40,
      "enemy_encounter": 12,
      "quest_timer": 6,
      "navigation_challenge": 4
    },
    "candidate_count_with_geometry": 73,
    "candidate_count_without_geometry": 17,
    "release_rule": "Only features with content_status=APPROVED may be published. All feature content in this file is approved according to Via_Romae_Questgruppierung_v0.10 (1).xlsx; independent geometry and field-validation constraints still apply.",
    "planning_boundary_status": "NOT_INCLUDED_SOURCE_POLYGONS_UNAVAILABLE_IN_CURRENT_WORKSPACE",
    "navigation_geometry_status": "Known endpoints and role anchors only; no walking LineString is asserted before field validation.",
    "timer_coverage": {
      "timer_quest_count": 6,
      "total_quest_count": 40,
      "ratio": 0.15
    },
    "timer_policy": "OBJECTIVE_WINDOW starts only after an explicit server-confirmed readiness trigger; no timer requires faster walking; on-expire behavior remains non-blocking.",
    "implementation_defaults": {
      "location_interaction_radius_m": 15,
      "interaction_exit_hysteresis_radius_m": 25,
      "discovery_radius_m": 55,
      "enemy_aggro_radius_m": 20,
      "boss_join_radius_m": 30,
      "normal_location_required_team_members": 2
    },
    "approval_synced_at_utc": "2026-09-11T00:00:00Z"
  },
  "features": [
    {
      "type": "Feature",
      "id": "location:place_day_1_acquedotto_vergine",
      "geometry": {
        "type": "Point",
        "coordinates": [
          12.4837108,
          41.9026109
        ]
      },
      "properties": {
        "feature_type": "location_candidate",
        "candidate_id": "place_day_1_acquedotto_vergine",
        "name": "Acquedotto Vergine",
        "day": "DAY_1",
        "cluster": "D1_TREVI_QUIRINALE",
        "decision": "KERNQUEST",
        "active_in_v08": true,
        "traffic_light": "GELB",
        "research_status": "GELB_TEILWEISE_VERDECKT",
        "content_status": "APPROVED",
        "publishable": true,
        "geometry_status": "COORDINATE_FROM_V07_WORKBOOK",
        "geometry_sources": [
          "Ortszuordnung"
        ],
        "alternate_geometry_anchors": [],
        "score_v03": 80,
        "core_use_count": 1,
        "special_use_count": 1,
        "support_roles": [],
        "support_definitions": [],
        "quest_refs": [
          "D1-Q09",
          "H-D1-02"
        ],
        "quest_stations": [
          {
            "quest_id": "D1-Q09",
            "quest_type": "REGULAER",
            "sequence": 2,
            "role": "ZWISCHENSTATION",
            "observable_evidence": "Drei teilweise im heutigen Bodenniveau versunkene Travertinarkaden hinter einer Absperrung.",
            "location_question": "Wie viele kleinere antike Arkaden sind in der Via del Nazareno nebeneinander erhalten?",
            "expected_answer": "Drei",
            "access_fallback_note": "V03-Punkt; Die Arkaden sind teilweise eingetieft und durch Gitter verdeckt; nur nach aktuellem Sichttest als Pflichtfrage einsetzen.",
            "enemy_hook": "Ratto dell’Acqua Virgo"
          },
          {
            "quest_id": "H-D1-02",
            "quest_type": "HIDDEN",
            "sequence": 1,
            "role": "START / ERSTER HINWEIS",
            "observable_evidence": "Drei teilweise im heutigen Bodenniveau versunkene Travertinarkaden hinter einer Absperrung.",
            "location_question": "Wie viele kleinere antike Arkaden sind in der Via del Nazareno nebeneinander erhalten?",
            "expected_answer": "Drei",
            "access_fallback_note": "V03-Punkt; Die Arkaden sind teilweise eingetieft und durch Gitter verdeckt; nur nach aktuellem Sichttest als Pflichtfrage einsetzen.",
            "enemy_hook": "Ratto dell’Acqua Virgo"
          }
        ],
        "quest_step_refs": [
          {
            "quest_id": "D1-Q09",
            "step_id": "D1-Q09-S05",
            "sequence": 5,
            "flow_phase": "OBJECTIVE",
            "step_action_type": "REACH_LOCATION",
            "step_category": "OBJECTIVE",
            "gdd_objective_type": "REACH_LOCATION",
            "target_ref": "place_day_1_acquedotto_vergine",
            "required": true
          },
          {
            "quest_id": "D1-Q09",
            "step_id": "D1-Q09-S06",
            "sequence": 6,
            "flow_phase": "OBJECTIVE",
            "step_action_type": "ANSWER_QUESTION",
            "step_category": "OBJECTIVE",
            "gdd_objective_type": "SUBMIT_ANSWER",
            "target_ref": "OBS-D1-Q09-2",
            "required": true
          },
          {
            "quest_id": "H-D1-02",
            "step_id": "H-D1-02-S01",
            "sequence": 1,
            "flow_phase": "DISCOVER",
            "step_action_type": "DISCOVER_NPC",
            "step_category": "FLOW_ACTION",
            "gdd_objective_type": null,
            "target_ref": "npc_rattus_virgo",
            "required": true
          },
          {
            "quest_id": "H-D1-02",
            "step_id": "H-D1-02-S02",
            "sequence": 2,
            "flow_phase": "DIALOGUE",
            "step_action_type": "TALK_TO_NPC",
            "step_category": "OBJECTIVE",
            "gdd_objective_type": "COMPLETE_DIALOGUE",
            "target_ref": "H-D1-02-OFFER",
            "required": true
          },
          {
            "quest_id": "H-D1-02",
            "step_id": "H-D1-02-S03",
            "sequence": 3,
            "flow_phase": "ACCEPT",
            "step_action_type": "ACCEPT_QUEST",
            "step_category": "FLOW_ACTION",
            "gdd_objective_type": null,
            "target_ref": "H-D1-02",
            "required": true
          },
          {
            "quest_id": "H-D1-02",
            "step_id": "H-D1-02-S04",
            "sequence": 4,
            "flow_phase": "OBJECTIVE",
            "step_action_type": "SOLVE_PUZZLE",
            "step_category": "OBJECTIVE",
            "gdd_objective_type": "SUBMIT_ANSWER",
            "target_ref": "PZ-H-D1-02",
            "required": true
          },
          {
            "quest_id": "H-D1-02",
            "step_id": "H-D1-02-S05",
            "sequence": 5,
            "flow_phase": "OBJECTIVE",
            "step_action_type": "DEFEAT_ENEMY",
            "step_category": "OBJECTIVE",
            "gdd_objective_type": "COMPLETE_ENCOUNTER",
            "target_ref": "enemy:quest:H-D1-02-S05",
            "required": true
          },
          {
            "quest_id": "H-D1-02",
            "step_id": "H-D1-02-S06",
            "sequence": 6,
            "flow_phase": "COMPLETE",
            "step_action_type": "TALK_TO_NPC",
            "step_category": "OBJECTIVE",
            "gdd_objective_type": "COMPLETE_DIALOGUE",
            "target_ref": "H-D1-02-COMPLETE",
            "required": true
          }
        ],
        "npc_refs": [
          {
            "npc_id": "npc_rattus_virgo",
            "name": "Rattus Virgo",
            "quest_id": "H-D1-02",
            "role": "QUEST_GIVER"
          }
        ],
        "enemy_refs": [],
        "enemy_hook": "Ratto dell’Acqua Virgo",
        "rationale": "In regulärer Quest gruppiert; aktuelle Sicht und blinden Test vor Release abschließen.",
        "source_urls": [
          "https://www.sovraintendenzaroma.it/i_luoghi/roma_antica/monumenti/acquedotto_vergine"
        ],
        "map_urls": [
          "https://www.google.com/maps/search/?api=1&query=41.9026109,12.4837108"
        ],
        "geofence": {
          "interaction_radius_m": 15,
          "exit_hysteresis_radius_m": 25,
          "discovery_radius_m": 55
        }
      }
    },
    {
      "type": "Feature",
      "id": "location:place_day_1_balconata_del_pincio",
      "geometry": {
        "type": "Point",
        "coordinates": [
          12.4779346,
          41.9110905
        ]
      },
      "properties": {
        "feature_type": "location_candidate",
        "candidate_id": "place_day_1_balconata_del_pincio",
        "name": "Balconata del Pincio",
        "day": "DAY_1",
        "cluster": "D1_POPOLO_PINCIO_SPAGNA",
        "decision": "KERNQUEST",
        "active_in_v08": true,
        "traffic_light": "GRUEN",
        "research_status": "GRUEN_PARKZUGANG",
        "content_status": "APPROVED",
        "publishable": true,
        "geometry_status": "COORDINATE_FROM_V07_WORKBOOK",
        "geometry_sources": [
          "Ortszuordnung"
        ],
        "alternate_geometry_anchors": [],
        "score_v03": 85,
        "core_use_count": 1,
        "special_use_count": 0,
        "support_roles": [],
        "support_definitions": [],
        "quest_refs": [
          "D1-Q04"
        ],
        "quest_stations": [
          {
            "quest_id": "D1-Q04",
            "quest_type": "REGULAER",
            "sequence": 3,
            "role": "ABSCHLUSS",
            "observable_evidence": "Große Balustrade mit unmittelbarem Überblick auf Piazza del Popolo.",
            "location_question": "Welcher große Platz liegt direkt unter der Aussichtsterrasse?",
            "expected_answer": "Piazza del Popolo",
            "access_fallback_note": "V03-Punkt; VISUAL_EVIDENCE_NOT_YET_VERIFIED",
            "enemy_hook": "Ombra di Antinoo"
          }
        ],
        "quest_step_refs": [
          {
            "quest_id": "D1-Q04",
            "step_id": "D1-Q04-S10",
            "sequence": 10,
            "flow_phase": "OBJECTIVE",
            "step_action_type": "USE_ITEM",
            "step_category": "OBJECTIVE",
            "gdd_objective_type": "DELIVER_ITEM",
            "target_ref": "qi_tessera_lupae",
            "required": true
          },
          {
            "quest_id": "D1-Q04",
            "step_id": "D1-Q04-S11",
            "sequence": 11,
            "flow_phase": "OBJECTIVE",
            "step_action_type": "DEFEAT_ENEMY",
            "step_category": "OBJECTIVE",
            "gdd_objective_type": "COMPLETE_ENCOUNTER",
            "target_ref": "enemy:quest:D1-Q04-S11",
            "required": true
          },
          {
            "quest_id": "D1-Q04",
            "step_id": "D1-Q04-S12",
            "sequence": 12,
            "flow_phase": "COMPLETE",
            "step_action_type": "TALK_TO_NPC",
            "step_category": "OBJECTIVE",
            "gdd_objective_type": "COMPLETE_DIALOGUE",
            "target_ref": "D1-Q04-COMPLETE",
            "required": true
          },
          {
            "quest_id": "D1-Q04",
            "step_id": "D1-Q04-S07",
            "sequence": 7,
            "flow_phase": "OBJECTIVE",
            "step_action_type": "REACH_LOCATION",
            "step_category": "OBJECTIVE",
            "gdd_objective_type": "REACH_LOCATION",
            "target_ref": "place_day_1_balconata_del_pincio",
            "required": true
          },
          {
            "quest_id": "D1-Q04",
            "step_id": "D1-Q04-S08",
            "sequence": 8,
            "flow_phase": "OBJECTIVE",
            "step_action_type": "ANSWER_QUESTION",
            "step_category": "OBJECTIVE",
            "gdd_objective_type": "SUBMIT_ANSWER",
            "target_ref": "OBS-D1-Q04-3",
            "required": true
          },
          {
            "quest_id": "D1-Q04",
            "step_id": "D1-Q04-S09",
            "sequence": 9,
            "flow_phase": "OBJECTIVE",
            "step_action_type": "SOLVE_PUZZLE",
            "step_category": "OBJECTIVE",
            "gdd_objective_type": "SUBMIT_ANSWER",
            "target_ref": "PZ-D1-Q04",
            "required": true
          }
        ],
        "npc_refs": [],
        "enemy_refs": [],
        "enemy_hook": "Ombra del Belvedere",
        "rationale": "In regulärer Quest gruppiert; aktuelle Sicht und blinden Test vor Release abschließen.",
        "source_urls": [
          "https://www.openstreetmap.org/node/649529694"
        ],
        "map_urls": [
          "https://www.google.com/maps/search/?api=1&query=41.9110905,12.4779346"
        ],
        "geofence": {
          "interaction_radius_m": 15,
          "exit_hysteresis_radius_m": 25,
          "discovery_radius_m": 55
        }
      }
    },
    {
      "type": "Feature",
      "id": "location:place_day_1_basilica_di_sant_andrea_della_valle",
      "geometry": {
        "type": "Point",
        "coordinates": [
          12.4743329,
          41.8960034
        ]
      },
      "properties": {
        "feature_type": "location_candidate",
        "candidate_id": "place_day_1_basilica_di_sant_andrea_della_valle",
        "name": "Basilica di Sant'Andrea della Valle",
        "day": "DAY_1",
        "cluster": "D1_CAMPO_REGOLA_GHETTO",
        "decision": "KERNQUEST",
        "active_in_v08": true,
        "traffic_light": "GELB",
        "research_status": "GELB_FASSADENSICHT",
        "content_status": "APPROVED",
        "publishable": true,
        "geometry_status": "COORDINATE_FROM_V07_WORKBOOK",
        "geometry_sources": [
          "Ortszuordnung",
          "Unique Gegner.Google Maps"
        ],
        "alternate_geometry_anchors": [],
        "score_v03": 83,
        "core_use_count": 1,
        "special_use_count": 0,
        "support_roles": [],
        "support_definitions": [],
        "quest_refs": [
          "D1-Q13"
        ],
        "quest_stations": [
          {
            "quest_id": "D1-Q13",
            "quest_type": "REGULAER",
            "sequence": 1,
            "role": "START / ERSTER HINWEIS",
            "observable_evidence": "Einzelne große Engelsfigur auf der linken Fassadenseite, wenn man vor der Kirche steht.",
            "location_question": "Auf welcher Seite der Fassade sitzt die einzelne große Engelsfigur?",
            "expected_answer": "Links",
            "access_fallback_note": "V03-Punkt; Nur Außenfassade; die Kuppelfresken und Innenkunst dürfen nicht Teil der Pflichtaufgabe sein.",
            "enemy_hook": "Custode delle Tartarughe"
          }
        ],
        "quest_step_refs": [
          {
            "quest_id": "D1-Q13",
            "step_id": "D1-Q13-S01",
            "sequence": 1,
            "flow_phase": "DISCOVER",
            "step_action_type": "DISCOVER_NPC",
            "step_category": "FLOW_ACTION",
            "gdd_objective_type": null,
            "target_ref": "npc_marcella_scaena",
            "required": true
          },
          {
            "quest_id": "D1-Q13",
            "step_id": "D1-Q13-S02",
            "sequence": 2,
            "flow_phase": "DIALOGUE",
            "step_action_type": "TALK_TO_NPC",
            "step_category": "OBJECTIVE",
            "gdd_objective_type": "COMPLETE_DIALOGUE",
            "target_ref": "D1-Q13-OFFER",
            "required": true
          },
          {
            "quest_id": "D1-Q13",
            "step_id": "D1-Q13-S03",
            "sequence": 3,
            "flow_phase": "ACCEPT",
            "step_action_type": "ACCEPT_QUEST",
            "step_category": "FLOW_ACTION",
            "gdd_objective_type": null,
            "target_ref": "D1-Q13",
            "required": true
          },
          {
            "quest_id": "D1-Q13",
            "step_id": "D1-Q13-S04",
            "sequence": 4,
            "flow_phase": "OBJECTIVE",
            "step_action_type": "ANSWER_QUESTION",
            "step_category": "OBJECTIVE",
            "gdd_objective_type": "SUBMIT_ANSWER",
            "target_ref": "OBS-D1-Q13-1",
            "required": true
          }
        ],
        "npc_refs": [
          {
            "npc_id": "npc_marcella_scaena",
            "name": "Marcella Scaena",
            "quest_id": "D1-Q13",
            "role": "QUEST_GIVER"
          }
        ],
        "enemy_refs": [
          "UE-D1-06"
        ],
        "enemy_hook": "Custode della Cupola",
        "rationale": "In regulärer Quest gruppiert; aktuelle Sicht und blinden Test vor Release abschließen.",
        "source_urls": [
          "https://it.wikipedia.org/wiki/Basilica_di_Sant'Andrea_della_Valle",
          "https://it.wikipedia.org/wiki/Basilica_di_Sant%27Andrea_della_Valle"
        ],
        "map_urls": [
          "https://www.google.com/maps/search/?api=1&query=41.8960034,12.4743329"
        ],
        "geofence": {
          "interaction_radius_m": 15,
          "exit_hysteresis_radius_m": 25,
          "discovery_radius_m": 55
        }
      }
    },
    {
      "type": "Feature",
      "id": "location:place_day_1_basilica_di_santa_cecilia_in_trastevere",
      "geometry": {
        "type": "Point",
        "coordinates": [
          12.4758567,
          41.8875608
        ]
      },
      "properties": {
        "feature_type": "location_candidate",
        "candidate_id": "place_day_1_basilica_di_santa_cecilia_in_trastevere",
        "name": "Basilica di Santa Cecilia in Trastevere",
        "day": "DAY_1",
        "cluster": "D1_TRASTEVERE_TIBER_ISLAND",
        "decision": "KERNQUEST",
        "active_in_v08": true,
        "traffic_light": "GELB",
        "research_status": "GELB_KLASSENANKER_OHNE_INNENHOF",
        "content_status": "APPROVED",
        "publishable": true,
        "geometry_status": "COORDINATE_FROM_V07_WORKBOOK",
        "geometry_sources": [
          "Ortszuordnung"
        ],
        "alternate_geometry_anchors": [],
        "score_v03": 82,
        "core_use_count": 1,
        "special_use_count": 0,
        "support_roles": [],
        "support_definitions": [],
        "quest_refs": [
          "D1-Q15"
        ],
        "quest_stations": [
          {
            "quest_id": "D1-Q15",
            "quest_type": "REGULAER",
            "sequence": 1,
            "role": "START / ERSTER HINWEIS",
            "observable_evidence": "Kirchenname und Widmung am äußeren Zugang; Innenhofbrunnen nur optional, weil der Hof zeitabhängig sein kann.",
            "location_question": "Welche Kunst wird traditionell von der hier verehrten heiligen Cecilia beschützt?",
            "expected_answer": "Die Musik",
            "access_fallback_note": "V03-Punkt; Für die Kleriker-Klassengeschichte nur Außenpunkt vor dem Tor nutzen; der vorhandene Punkt im Hof ist zu versetzen.",
            "enemy_hook": null
          }
        ],
        "quest_step_refs": [
          {
            "quest_id": "D1-Q15",
            "step_id": "D1-Q15-S01",
            "sequence": 1,
            "flow_phase": "DISCOVER",
            "step_action_type": "DISCOVER_NPC",
            "step_category": "FLOW_ACTION",
            "gdd_objective_type": null,
            "target_ref": "npc_cecilia_vox",
            "required": true
          },
          {
            "quest_id": "D1-Q15",
            "step_id": "D1-Q15-S02",
            "sequence": 2,
            "flow_phase": "DIALOGUE",
            "step_action_type": "TALK_TO_NPC",
            "step_category": "OBJECTIVE",
            "gdd_objective_type": "COMPLETE_DIALOGUE",
            "target_ref": "D1-Q15-OFFER",
            "required": true
          },
          {
            "quest_id": "D1-Q15",
            "step_id": "D1-Q15-S03",
            "sequence": 3,
            "flow_phase": "ACCEPT",
            "step_action_type": "ACCEPT_QUEST",
            "step_category": "FLOW_ACTION",
            "gdd_objective_type": null,
            "target_ref": "D1-Q15",
            "required": true
          },
          {
            "quest_id": "D1-Q15",
            "step_id": "D1-Q15-S04",
            "sequence": 4,
            "flow_phase": "OBJECTIVE",
            "step_action_type": "ANSWER_QUESTION",
            "step_category": "OBJECTIVE",
            "gdd_objective_type": "SUBMIT_ANSWER",
            "target_ref": "OBS-D1-Q15-1",
            "required": true
          }
        ],
        "npc_refs": [
          {
            "npc_id": "npc_cecilia_vox",
            "name": "Cecilia – Stimme im Mosaik",
            "quest_id": "D1-Q15",
            "role": "QUEST_GIVER"
          }
        ],
        "enemy_refs": [],
        "enemy_hook": null,
        "rationale": "In regulärer Quest gruppiert; aktuelle Sicht und blinden Test vor Release abschließen.",
        "source_urls": [
          "https://it.wikipedia.org/wiki/Basilica_di_Santa_Cecilia_in_Trastevere"
        ],
        "map_urls": [
          "https://www.google.com/maps/search/?api=1&query=41.8875608,12.4758567"
        ],
        "geofence": {
          "interaction_radius_m": 15,
          "exit_hysteresis_radius_m": 25,
          "discovery_radius_m": 55
        }
      }
    },
    {
      "type": "Feature",
      "id": "location:place_day_1_basilica_di_santa_maria_in_trastevere",
      "geometry": {
        "type": "Point",
        "coordinates": [
          12.4694941,
          41.8894264
        ]
      },
      "properties": {
        "feature_type": "location_candidate",
        "candidate_id": "place_day_1_basilica_di_santa_maria_in_trastevere",
        "name": "Santa Maria in Trastevere",
        "day": "DAY_1",
        "cluster": "D1_TRASTEVERE_TIBER_ISLAND",
        "decision": "KERNQUEST",
        "active_in_v08": true,
        "traffic_light": "GRUEN",
        "research_status": "GRUEN_AUSSENPUNKT",
        "content_status": "APPROVED",
        "publishable": true,
        "geometry_status": "COORDINATE_FROM_V07_WORKBOOK",
        "geometry_sources": [
          "Ortszuordnung"
        ],
        "alternate_geometry_anchors": [],
        "score_v03": 81,
        "core_use_count": 1,
        "special_use_count": 0,
        "support_roles": [],
        "support_definitions": [],
        "quest_refs": [
          "D1-Q15"
        ],
        "quest_stations": [
          {
            "quest_id": "D1-Q15",
            "quest_type": "REGULAER",
            "sequence": 2,
            "role": "ABSCHLUSS",
            "observable_evidence": "Großes goldenes Mosaik hoch an der Fassade; vom Platz sichtbar.",
            "location_question": "Welche zwei Hauptfiguren sitzen im Zentrum des großen Fassadenmosaiks?",
            "expected_answer": "Maria und Christus",
            "access_fallback_note": "V03-Punkt; VISUAL_EVIDENCE_NOT_YET_VERIFIED|EXTERIOR_VANTAGE_POINT_REQUIRED|INTERIOR_AND_OPENING_HOURS_MUST_NOT_BE_REQUIRED|CROWDING_RISK",
            "enemy_hook": null
          }
        ],
        "quest_step_refs": [
          {
            "quest_id": "D1-Q15",
            "step_id": "D1-Q15-S10",
            "sequence": 10,
            "flow_phase": "COMPLETE",
            "step_action_type": "TALK_TO_NPC",
            "step_category": "OBJECTIVE",
            "gdd_objective_type": "COMPLETE_DIALOGUE",
            "target_ref": "D1-Q15-COMPLETE",
            "required": true
          },
          {
            "quest_id": "D1-Q15",
            "step_id": "D1-Q15-S05",
            "sequence": 5,
            "flow_phase": "OBJECTIVE",
            "step_action_type": "REACH_LOCATION",
            "step_category": "OBJECTIVE",
            "gdd_objective_type": "REACH_LOCATION",
            "target_ref": "place_day_1_basilica_di_santa_maria_in_trastevere",
            "required": true
          },
          {
            "quest_id": "D1-Q15",
            "step_id": "D1-Q15-S06",
            "sequence": 6,
            "flow_phase": "OBJECTIVE",
            "step_action_type": "ANSWER_QUESTION",
            "step_category": "OBJECTIVE",
            "gdd_objective_type": "SUBMIT_ANSWER",
            "target_ref": "OBS-D1-Q15-2",
            "required": true
          },
          {
            "quest_id": "D1-Q15",
            "step_id": "D1-Q15-S07",
            "sequence": 7,
            "flow_phase": "OBJECTIVE",
            "step_action_type": "SOLVE_PUZZLE",
            "step_category": "OBJECTIVE",
            "gdd_objective_type": "SUBMIT_ANSWER",
            "target_ref": "PZ-D1-Q15",
            "required": true
          },
          {
            "quest_id": "D1-Q15",
            "step_id": "D1-Q15-S08",
            "sequence": 8,
            "flow_phase": "BONUS_OBJECTIVE",
            "step_action_type": "CLASS_ACTION",
            "step_category": "OBJECTIVE",
            "gdd_objective_type": "SUBMIT_ANSWER",
            "target_ref": "CLERIC",
            "required": false
          },
          {
            "quest_id": "D1-Q15",
            "step_id": "D1-Q15-S09",
            "sequence": 9,
            "flow_phase": "OBJECTIVE",
            "step_action_type": "TEAM_DECISION",
            "step_category": "OBJECTIVE",
            "gdd_objective_type": "COMPLETE_DIALOGUE",
            "target_ref": "D1-Q15-COMPLETE",
            "required": true
          }
        ],
        "npc_refs": [],
        "enemy_refs": [],
        "enemy_hook": null,
        "rationale": "In regulärer Quest gruppiert; aktuelle Sicht und blinden Test vor Release abschließen.",
        "source_urls": [
          "https://it.wikipedia.org/wiki/Basilica_di_Santa_Maria_in_Trastevere"
        ],
        "map_urls": [
          "https://www.google.com/maps/search/?api=1&query=41.8894264,12.4694941"
        ],
        "geofence": {
          "interaction_radius_m": 15,
          "exit_hysteresis_radius_m": 25,
          "discovery_radius_m": 55
        }
      }
    },
    {
      "type": "Feature",
      "id": "location:place_day_1_campo_de_fiori",
      "geometry": {
        "type": "Point",
        "coordinates": [
          12.4721223,
          41.8955725
        ]
      },
      "properties": {
        "feature_type": "location_candidate",
        "candidate_id": "place_day_1_campo_de_fiori",
        "name": "Campo de' Fiori",
        "day": "DAY_1",
        "cluster": "D1_CAMPO_REGOLA_GHETTO",
        "decision": "KERNQUEST",
        "active_in_v08": true,
        "traffic_light": "GRUEN",
        "research_status": "GRUEN_MIT_MARKTRISIKO",
        "content_status": "APPROVED",
        "publishable": true,
        "geometry_status": "COORDINATE_FROM_V07_WORKBOOK",
        "geometry_sources": [
          "Ortszuordnung",
          "Supportpunkte.Google Maps"
        ],
        "alternate_geometry_anchors": [],
        "score_v03": 89,
        "core_use_count": 1,
        "special_use_count": 0,
        "support_roles": [
          "STORE_LOCATION_CANDIDATE"
        ],
        "support_definitions": [
          {
            "function": "Store",
            "risk": "Am Vormittag kann der Markt die Sockelsicht einschränken; Aufgabe auf die große Figur beschränken.",
            "recommendation": "ALS_SEPARATEN_SUPPORTPUNKT_BEHALTEN"
          }
        ],
        "quest_refs": [
          "D1-Q12"
        ],
        "quest_stations": [
          {
            "quest_id": "D1-Q12",
            "quest_type": "REGULAER",
            "sequence": 3,
            "role": "ZWISCHENSTATION",
            "observable_evidence": "Monumentale dunkle Bronzefigur; geschlossenes Buch direkt unter den gekreuzten Händen.",
            "location_question": "Welchen Gegenstand hält Giordano Bruno unter seinen gekreuzten Händen?",
            "expected_answer": "Ein geschlossenes Buch",
            "access_fallback_note": "V03-Punkt; Am Vormittag kann der Markt die Sockelsicht einschränken; Aufgabe auf die große Figur beschränken.",
            "enemy_hook": null
          }
        ],
        "quest_step_refs": [
          {
            "quest_id": "D1-Q12",
            "step_id": "D1-Q12-S07",
            "sequence": 7,
            "flow_phase": "OBJECTIVE",
            "step_action_type": "REACH_LOCATION",
            "step_category": "OBJECTIVE",
            "gdd_objective_type": "REACH_LOCATION",
            "target_ref": "place_day_1_campo_de_fiori",
            "required": true
          },
          {
            "quest_id": "D1-Q12",
            "step_id": "D1-Q12-S08",
            "sequence": 8,
            "flow_phase": "OBJECTIVE",
            "step_action_type": "ANSWER_QUESTION",
            "step_category": "OBJECTIVE",
            "gdd_objective_type": "SUBMIT_ANSWER",
            "target_ref": "OBS-D1-Q12-3",
            "required": true
          }
        ],
        "npc_refs": [],
        "enemy_refs": [],
        "enemy_hook": null,
        "rationale": "In regulärer Quest gruppiert; aktuelle Sicht und blinden Test vor Release abschließen.",
        "source_urls": [
          "https://www.sovraintendenzaroma.it/i_luoghi/roma_medioevale_e_moderna/monumenti/monumento_a_giordano_bruno"
        ],
        "map_urls": [
          "https://www.google.com/maps/search/?api=1&query=41.8955725,12.4721223"
        ],
        "geofence": {
          "interaction_radius_m": 15,
          "exit_hysteresis_radius_m": 25,
          "discovery_radius_m": 55
        }
      }
    },
    {
      "type": "Feature",
      "id": "location:place_day_1_castel_sant_angelo",
      "geometry": {
        "type": "Point",
        "coordinates": [
          12.46686,
          41.90262
        ]
      },
      "properties": {
        "feature_type": "location_candidate",
        "candidate_id": "place_day_1_castel_sant_angelo",
        "name": "Engelsburg",
        "day": "DAY_1",
        "cluster": "D1_VATICANO_PRATI_BORGO",
        "decision": "KERNQUEST",
        "active_in_v08": true,
        "traffic_light": "GRUEN",
        "research_status": "GRUEN_AUSSENPUNKT",
        "content_status": "APPROVED",
        "publishable": true,
        "geometry_status": "COORDINATE_FROM_V07_WORKBOOK",
        "geometry_sources": [
          "Ortszuordnung",
          "Supportpunkte.Google Maps"
        ],
        "alternate_geometry_anchors": [],
        "score_v03": 86,
        "core_use_count": 1,
        "special_use_count": 0,
        "support_roles": [
          "STORE_LOCATION_CANDIDATE",
          "CLASS_HISTORY_QUEST_ANCHOR"
        ],
        "support_definitions": [
          {
            "function": "Store",
            "risk": "Nur der öffentliche Vorplatz darf als Trigger dienen; kein Eintritt in die Burg.",
            "recommendation": "ALS_SEPARATEN_SUPPORTPUNKT_BEHALTEN"
          }
        ],
        "quest_refs": [
          "D1-Q01"
        ],
        "quest_stations": [
          {
            "quest_id": "D1-Q01",
            "quest_type": "REGULAER",
            "sequence": 3,
            "role": "ABSCHLUSS",
            "observable_evidence": "Große geflügelte Bronzefigur auf dem höchsten Punkt, vom öffentlichen Vorplatz sichtbar.",
            "location_question": "Welche geflügelte Figur bekrönt die Engelsburg?",
            "expected_answer": "Der Erzengel Michael",
            "access_fallback_note": "Moved from the monument centroid to the public exterior forecourt at the bridge/castle approach. No ticket or castle entry may be required.; Nur der öffentliche Vorplatz darf als Trigger dienen; kein Eintritt in die Burg.",
            "enemy_hook": "Schatten des Passetto"
          }
        ],
        "quest_step_refs": [
          {
            "quest_id": "D1-Q01",
            "step_id": "D1-Q01-S10",
            "sequence": 10,
            "flow_phase": "BONUS_OBJECTIVE",
            "step_action_type": "CLASS_ACTION",
            "step_category": "OBJECTIVE",
            "gdd_objective_type": "SUBMIT_ANSWER",
            "target_ref": "SWISS_GUARD",
            "required": false
          },
          {
            "quest_id": "D1-Q01",
            "step_id": "D1-Q01-S11",
            "sequence": 11,
            "flow_phase": "OBJECTIVE",
            "step_action_type": "USE_ITEM",
            "step_category": "OBJECTIVE",
            "gdd_objective_type": "DELIVER_ITEM",
            "target_ref": "qi_sigillum_guardiae",
            "required": true
          },
          {
            "quest_id": "D1-Q01",
            "step_id": "D1-Q01-S12",
            "sequence": 12,
            "flow_phase": "OBJECTIVE",
            "step_action_type": "TEAM_DECISION",
            "step_category": "OBJECTIVE",
            "gdd_objective_type": "COMPLETE_DIALOGUE",
            "target_ref": "D1-Q01-COMPLETE",
            "required": true
          },
          {
            "quest_id": "D1-Q01",
            "step_id": "D1-Q01-S13",
            "sequence": 13,
            "flow_phase": "BONUS_OBJECTIVE",
            "step_action_type": "DEFEAT_ENEMY",
            "step_category": "OBJECTIVE",
            "gdd_objective_type": "COMPLETE_ENCOUNTER",
            "target_ref": "enemy:quest:D1-Q01-S13",
            "required": false
          },
          {
            "quest_id": "D1-Q01",
            "step_id": "D1-Q01-S14",
            "sequence": 14,
            "flow_phase": "COMPLETE",
            "step_action_type": "TALK_TO_NPC",
            "step_category": "OBJECTIVE",
            "gdd_objective_type": "COMPLETE_DIALOGUE",
            "target_ref": "D1-Q01-COMPLETE",
            "required": true
          },
          {
            "quest_id": "D1-Q01",
            "step_id": "D1-Q01-S07",
            "sequence": 7,
            "flow_phase": "OBJECTIVE",
            "step_action_type": "REACH_LOCATION",
            "step_category": "OBJECTIVE",
            "gdd_objective_type": "REACH_LOCATION",
            "target_ref": "place_day_1_castel_sant_angelo",
            "required": true
          },
          {
            "quest_id": "D1-Q01",
            "step_id": "D1-Q01-S08",
            "sequence": 8,
            "flow_phase": "OBJECTIVE",
            "step_action_type": "ANSWER_QUESTION",
            "step_category": "OBJECTIVE",
            "gdd_objective_type": "SUBMIT_ANSWER",
            "target_ref": "OBS-D1-Q01-3",
            "required": true
          },
          {
            "quest_id": "D1-Q01",
            "step_id": "D1-Q01-S09",
            "sequence": 9,
            "flow_phase": "OBJECTIVE",
            "step_action_type": "SOLVE_PUZZLE",
            "step_category": "OBJECTIVE",
            "gdd_objective_type": "SUBMIT_ANSWER",
            "target_ref": "PZ-D1-Q01",
            "required": true
          }
        ],
        "npc_refs": [],
        "enemy_refs": [],
        "enemy_hook": null,
        "rationale": "In regulärer Quest gruppiert; aktuelle Sicht und blinden Test vor Release abschließen.",
        "source_urls": [
          "https://www.turismoroma.it/en/places/santangelo-castle"
        ],
        "map_urls": [
          "https://www.google.com/maps/search/?api=1&query=41.90262,12.46686"
        ],
        "geofence": {
          "interaction_radius_m": 15,
          "exit_hysteresis_radius_m": 25,
          "discovery_radius_m": 55
        }
      }
    },
    {
      "type": "Feature",
      "id": "location:place_day_1_chiesa_di_san_pietro_in_montorio",
      "geometry": null,
      "properties": {
        "feature_type": "location_candidate",
        "candidate_id": "place_day_1_chiesa_di_san_pietro_in_montorio",
        "name": "Kirche von San Pietro in Montorio",
        "day": "DAY_1",
        "cluster": "D1_TRASTEVERE_TIBER_ISLAND",
        "decision": "RESERVE",
        "active_in_v08": false,
        "traffic_light": "GELB",
        "research_status": "GELB_AUSSENFASSADE",
        "content_status": "APPROVED",
        "publishable": true,
        "geometry_status": "MISSING_IN_V07_WORKBOOK",
        "geometry_sources": [],
        "alternate_geometry_anchors": [],
        "score_v03": 80,
        "core_use_count": 0,
        "special_use_count": 0,
        "support_roles": [],
        "support_definitions": [],
        "quest_refs": [],
        "quest_stations": [],
        "quest_step_refs": [],
        "npc_refs": [],
        "enemy_refs": [],
        "enemy_hook": "Custode del Tempietto",
        "rationale": "Als Ersatz- oder späterer Questkandidat erhalten.",
        "source_urls": [],
        "map_urls": [],
        "geofence": {
          "interaction_radius_m": 15,
          "exit_hysteresis_radius_m": 25,
          "discovery_radius_m": 55
        }
      }
    },
    {
      "type": "Feature",
      "id": "location:place_day_1_colonna_dell_immacolata",
      "geometry": {
        "type": "Point",
        "coordinates": [
          12.482962,
          41.9049939
        ]
      },
      "properties": {
        "feature_type": "location_candidate",
        "candidate_id": "place_day_1_colonna_dell_immacolata",
        "name": "Colonna dell'Immacolata",
        "day": "DAY_1",
        "cluster": "D1_TREVI_QUIRINALE",
        "decision": "KERNQUEST",
        "active_in_v08": true,
        "traffic_light": "GRUEN",
        "research_status": "GRUEN_KONZEPTREIF",
        "content_status": "APPROVED",
        "publishable": true,
        "geometry_status": "COORDINATE_FROM_V07_WORKBOOK",
        "geometry_sources": [
          "Ortszuordnung"
        ],
        "alternate_geometry_anchors": [],
        "score_v03": 89,
        "core_use_count": 1,
        "special_use_count": 0,
        "support_roles": [],
        "support_definitions": [],
        "quest_refs": [
          "D1-Q11"
        ],
        "quest_stations": [
          {
            "quest_id": "D1-Q11",
            "quest_type": "REGULAER",
            "sequence": 1,
            "role": "START / ERSTER HINWEIS",
            "observable_evidence": "Große Marienstatue auf der Spitze und vier sitzende Sockelfiguren.",
            "location_question": "Welche religiöse Figur steht auf der Spitze der Säule?",
            "expected_answer": "Maria",
            "access_fallback_note": "V03-Punkt; VISUAL_EVIDENCE_NOT_YET_VERIFIED",
            "enemy_hook": null
          }
        ],
        "quest_step_refs": [
          {
            "quest_id": "D1-Q11",
            "step_id": "D1-Q11-S01",
            "sequence": 1,
            "flow_phase": "DISCOVER",
            "step_action_type": "DISCOVER_NPC",
            "step_category": "FLOW_ACTION",
            "gdd_objective_type": null,
            "target_ref": "npc_lucia_laternenhueterin",
            "required": true
          },
          {
            "quest_id": "D1-Q11",
            "step_id": "D1-Q11-S02",
            "sequence": 2,
            "flow_phase": "DIALOGUE",
            "step_action_type": "TALK_TO_NPC",
            "step_category": "OBJECTIVE",
            "gdd_objective_type": "COMPLETE_DIALOGUE",
            "target_ref": "D1-Q11-OFFER",
            "required": true
          },
          {
            "quest_id": "D1-Q11",
            "step_id": "D1-Q11-S03",
            "sequence": 3,
            "flow_phase": "ACCEPT",
            "step_action_type": "ACCEPT_QUEST",
            "step_category": "FLOW_ACTION",
            "gdd_objective_type": null,
            "target_ref": "D1-Q11",
            "required": true
          },
          {
            "quest_id": "D1-Q11",
            "step_id": "D1-Q11-S04",
            "sequence": 4,
            "flow_phase": "OBJECTIVE",
            "step_action_type": "ANSWER_QUESTION",
            "step_category": "OBJECTIVE",
            "gdd_objective_type": "SUBMIT_ANSWER",
            "target_ref": "OBS-D1-Q11-1",
            "required": true
          },
          {
            "quest_id": "D1-Q11",
            "step_id": "D1-Q11-S05",
            "sequence": 5,
            "flow_phase": "OBJECTIVE",
            "step_action_type": "SOLVE_PUZZLE",
            "step_category": "OBJECTIVE",
            "gdd_objective_type": "SUBMIT_ANSWER",
            "target_ref": "PZ-D1-Q11",
            "required": true
          },
          {
            "quest_id": "D1-Q11",
            "step_id": "D1-Q11-S06",
            "sequence": 6,
            "flow_phase": "COMPLETE",
            "step_action_type": "TALK_TO_NPC",
            "step_category": "OBJECTIVE",
            "gdd_objective_type": "COMPLETE_DIALOGUE",
            "target_ref": "D1-Q11-COMPLETE",
            "required": true
          }
        ],
        "npc_refs": [
          {
            "npc_id": "npc_lucia_laternenhueterin",
            "name": "Lucia, Laternenhüterin der Säule",
            "quest_id": "D1-Q11",
            "role": "QUEST_GIVER"
          }
        ],
        "enemy_refs": [],
        "enemy_hook": null,
        "rationale": "In regulärer Quest gruppiert; aktuelle Sicht und blinden Test vor Release abschließen.",
        "source_urls": [
          "https://it.wikipedia.org/wiki/Colonna_dell'Immacolata_(Roma)"
        ],
        "map_urls": [
          "https://www.google.com/maps/search/?api=1&query=41.9049939,12.482962"
        ],
        "geofence": {
          "interaction_radius_m": 15,
          "exit_hysteresis_radius_m": 25,
          "discovery_radius_m": 55
        }
      }
    },
    {
      "type": "Feature",
      "id": "location:place_day_1_colonna_di_marco_aurelio",
      "geometry": {
        "type": "Point",
        "coordinates": [
          12.4799871,
          41.9008477
        ]
      },
      "properties": {
        "feature_type": "location_candidate",
        "candidate_id": "place_day_1_colonna_di_marco_aurelio",
        "name": "Mark-Aurel-Säule",
        "day": "DAY_1",
        "cluster": "D1_NAVONA_PANTHEON",
        "decision": "KERNQUEST",
        "active_in_v08": true,
        "traffic_light": "GRUEN",
        "research_status": "GRUEN_KONZEPTREIF",
        "content_status": "APPROVED",
        "publishable": true,
        "geometry_status": "COORDINATE_FROM_V07_WORKBOOK",
        "geometry_sources": [
          "Ortszuordnung",
          "Unique Gegner.Google Maps"
        ],
        "alternate_geometry_anchors": [],
        "score_v03": 89,
        "core_use_count": 1,
        "special_use_count": 0,
        "support_roles": [],
        "support_definitions": [],
        "quest_refs": [
          "D1-Q08"
        ],
        "quest_stations": [
          {
            "quest_id": "D1-Q08",
            "quest_type": "REGULAER",
            "sequence": 2,
            "role": "ABSCHLUSS",
            "observable_evidence": "Breites spiralförmiges Reliefband und große Figur auf der Spitze.",
            "location_question": "In welchem Muster läuft das Reliefband um die Säule?",
            "expected_answer": "Spiralförmig",
            "access_fallback_note": "V03-Punkt; VISUAL_EVIDENCE_NOT_YET_VERIFIED",
            "enemy_hook": null
          }
        ],
        "quest_step_refs": [
          {
            "quest_id": "D1-Q08",
            "step_id": "D1-Q08-S05",
            "sequence": 5,
            "flow_phase": "OBJECTIVE",
            "step_action_type": "REACH_LOCATION",
            "step_category": "OBJECTIVE",
            "gdd_objective_type": "REACH_LOCATION",
            "target_ref": "place_day_1_colonna_di_marco_aurelio",
            "required": true
          },
          {
            "quest_id": "D1-Q08",
            "step_id": "D1-Q08-S06",
            "sequence": 6,
            "flow_phase": "OBJECTIVE",
            "step_action_type": "ANSWER_QUESTION",
            "step_category": "OBJECTIVE",
            "gdd_objective_type": "SUBMIT_ANSWER",
            "target_ref": "OBS-D1-Q08-2",
            "required": true
          },
          {
            "quest_id": "D1-Q08",
            "step_id": "D1-Q08-S07",
            "sequence": 7,
            "flow_phase": "OBJECTIVE",
            "step_action_type": "SOLVE_PUZZLE",
            "step_category": "OBJECTIVE",
            "gdd_objective_type": "SUBMIT_ANSWER",
            "target_ref": "PZ-D1-Q08",
            "required": true
          },
          {
            "quest_id": "D1-Q08",
            "step_id": "D1-Q08-S08",
            "sequence": 8,
            "flow_phase": "COMPLETE",
            "step_action_type": "TALK_TO_NPC",
            "step_category": "OBJECTIVE",
            "gdd_objective_type": "COMPLETE_DIALOGUE",
            "target_ref": "D1-Q08-COMPLETE",
            "required": true
          }
        ],
        "npc_refs": [],
        "enemy_refs": [
          "UE-D1-04"
        ],
        "enemy_hook": "Legionario della Colonna",
        "rationale": "In regulärer Quest gruppiert; aktuelle Sicht und blinden Test vor Release abschließen.",
        "source_urls": [
          "https://it.wikipedia.org/wiki/Colonna_di_Marco_Aurelio"
        ],
        "map_urls": [
          "https://www.google.com/maps/search/?api=1&query=41.9008477,12.4799871"
        ],
        "geofence": {
          "interaction_radius_m": 15,
          "exit_hysteresis_radius_m": 25,
          "discovery_radius_m": 55
        }
      }
    },
    {
      "type": "Feature",
      "id": "location:place_day_1_fontana_degli_undici_zampilli",
      "geometry": null,
      "properties": {
        "feature_type": "location_candidate",
        "candidate_id": "place_day_1_fontana_degli_undici_zampilli",
        "name": "Fontana degli undici zampilli",
        "day": "DAY_1",
        "cluster": "D1_GIANICOLO",
        "decision": "RESERVE",
        "active_in_v08": false,
        "traffic_light": "GRUEN",
        "research_status": "GRUEN_KONZEPTREIF",
        "content_status": "APPROVED",
        "publishable": true,
        "geometry_status": "MISSING_IN_V07_WORKBOOK",
        "geometry_sources": [],
        "alternate_geometry_anchors": [],
        "score_v03": 85,
        "core_use_count": 0,
        "special_use_count": 0,
        "support_roles": [],
        "support_definitions": [],
        "quest_refs": [],
        "quest_stations": [],
        "quest_step_refs": [],
        "npc_refs": [],
        "enemy_refs": [],
        "enemy_hook": null,
        "rationale": "Als Ersatz- oder späterer Questkandidat erhalten.",
        "source_urls": [],
        "map_urls": [],
        "geofence": {
          "interaction_radius_m": 15,
          "exit_hysteresis_radius_m": 25,
          "discovery_radius_m": 55
        }
      }
    },
    {
      "type": "Feature",
      "id": "location:place_day_1_fontana_dei_satirelli",
      "geometry": {
        "type": "Point",
        "coordinates": [
          12.4635989,
          41.8847241
        ]
      },
      "properties": {
        "feature_type": "location_candidate",
        "candidate_id": "place_day_1_fontana_dei_satirelli",
        "name": "Fontana dei Satirelli",
        "day": "DAY_1",
        "cluster": "D1_TRASTEVERE_TIBER_ISLAND",
        "decision": "SONDERQUEST",
        "active_in_v08": true,
        "traffic_light": "GELB",
        "research_status": "GELB_PARKOEFFNUNG",
        "content_status": "APPROVED",
        "publishable": true,
        "geometry_status": "COORDINATE_FROM_V07_WORKBOOK",
        "geometry_sources": [
          "Ortszuordnung"
        ],
        "alternate_geometry_anchors": [],
        "score_v03": 82,
        "core_use_count": 0,
        "special_use_count": 1,
        "support_roles": [],
        "support_definitions": [],
        "quest_refs": [
          "H-D1-03"
        ],
        "quest_stations": [
          {
            "quest_id": "H-D1-03",
            "quest_type": "HIDDEN",
            "sequence": 1,
            "role": "START / ERSTER HINWEIS",
            "observable_evidence": "Figürliche Gruppe kleiner Satyrwesen auf einer Felsinszenierung.",
            "location_question": "Welche mythologischen Wesen bilden die zentrale Figurengruppe?",
            "expected_answer": "Satyrn",
            "access_fallback_note": "V03-Punkt; Nur nutzen, wenn Villa Sciarra zu den Spielzeiten sicher geöffnet ist; sonst als Hidden/Reserve.",
            "enemy_hook": "I Satirelli Gemelli"
          }
        ],
        "quest_step_refs": [
          {
            "quest_id": "H-D1-03",
            "step_id": "H-D1-03-S01",
            "sequence": 1,
            "flow_phase": "DISCOVER",
            "step_action_type": "DISCOVER_NPC",
            "step_category": "FLOW_ACTION",
            "gdd_objective_type": null,
            "target_ref": "npc_satirelli_gemelli",
            "required": true
          },
          {
            "quest_id": "H-D1-03",
            "step_id": "H-D1-03-S02",
            "sequence": 2,
            "flow_phase": "DIALOGUE",
            "step_action_type": "TALK_TO_NPC",
            "step_category": "OBJECTIVE",
            "gdd_objective_type": "COMPLETE_DIALOGUE",
            "target_ref": "H-D1-03-OFFER",
            "required": true
          },
          {
            "quest_id": "H-D1-03",
            "step_id": "H-D1-03-S03",
            "sequence": 3,
            "flow_phase": "ACCEPT",
            "step_action_type": "ACCEPT_QUEST",
            "step_category": "FLOW_ACTION",
            "gdd_objective_type": null,
            "target_ref": "H-D1-03",
            "required": true
          },
          {
            "quest_id": "H-D1-03",
            "step_id": "H-D1-03-S04",
            "sequence": 4,
            "flow_phase": "OBJECTIVE",
            "step_action_type": "SOLVE_PUZZLE",
            "step_category": "OBJECTIVE",
            "gdd_objective_type": "SUBMIT_ANSWER",
            "target_ref": "PZ-H-D1-03",
            "required": true
          },
          {
            "quest_id": "H-D1-03",
            "step_id": "H-D1-03-S05",
            "sequence": 5,
            "flow_phase": "OBJECTIVE",
            "step_action_type": "DEFEAT_ENEMY",
            "step_category": "OBJECTIVE",
            "gdd_objective_type": "COMPLETE_ENCOUNTER",
            "target_ref": "enemy:quest:H-D1-03-S05",
            "required": true
          },
          {
            "quest_id": "H-D1-03",
            "step_id": "H-D1-03-S06",
            "sequence": 6,
            "flow_phase": "COMPLETE",
            "step_action_type": "TALK_TO_NPC",
            "step_category": "OBJECTIVE",
            "gdd_objective_type": "COMPLETE_DIALOGUE",
            "target_ref": "H-D1-03-COMPLETE",
            "required": true
          }
        ],
        "npc_refs": [
          {
            "npc_id": "npc_satirelli_gemelli",
            "name": "I Satirelli Gemelli",
            "quest_id": "H-D1-03",
            "role": "QUEST_GIVER"
          }
        ],
        "enemy_refs": [],
        "enemy_hook": "I Satirelli Gemelli",
        "rationale": "Für Medien-, Hidden- oder Bossinhalt vorgesehen; separate Slot- oder Eventregel.",
        "source_urls": [
          "https://www.comune.roma.it/web/it/attivita-progetto.page?contentId=PRG1072554"
        ],
        "map_urls": [
          "https://www.google.com/maps/search/?api=1&query=41.8847241,12.4635989"
        ],
        "geofence": {
          "interaction_radius_m": 15,
          "exit_hysteresis_radius_m": 25,
          "discovery_radius_m": 55
        }
      }
    },
    {
      "type": "Feature",
      "id": "location:place_day_1_fontana_del_moro",
      "geometry": {
        "type": "Point",
        "coordinates": [
          12.4731529,
          41.8981115
        ]
      },
      "properties": {
        "feature_type": "location_candidate",
        "candidate_id": "place_day_1_fontana_del_moro",
        "name": "Mohrenbrunnen",
        "day": "DAY_1",
        "cluster": "D1_NAVONA_PANTHEON",
        "decision": "KERNQUEST",
        "active_in_v08": true,
        "traffic_light": "GRUEN",
        "research_status": "GRUEN_KONZEPTREIF",
        "content_status": "APPROVED",
        "publishable": true,
        "geometry_status": "COORDINATE_FROM_V07_WORKBOOK",
        "geometry_sources": [
          "Ortszuordnung"
        ],
        "alternate_geometry_anchors": [],
        "score_v03": 88,
        "core_use_count": 1,
        "special_use_count": 1,
        "support_roles": [],
        "support_definitions": [],
        "quest_refs": [
          "D1-Q06",
          "M-D1-03"
        ],
        "quest_stations": [
          {
            "quest_id": "D1-Q06",
            "quest_type": "REGULAER",
            "sequence": 3,
            "role": "ABSCHLUSS",
            "observable_evidence": "Zentrale männliche Figur mit Delfin; vier Tritonen im unteren Becken.",
            "location_question": "Welches Tier hält die zentrale Figur des Mohrenbrunnens fest?",
            "expected_answer": "Einen Delfin",
            "access_fallback_note": "V03-Punkt; VISUAL_EVIDENCE_NOT_YET_VERIFIED|CROWDING_RISK",
            "enemy_hook": null
          },
          {
            "quest_id": "M-D1-03",
            "quest_type": "MEDIA_LOCAL",
            "sequence": 3,
            "role": "ABSCHLUSS",
            "observable_evidence": "Zentrale männliche Figur mit Delfin; vier Tritonen im unteren Becken.",
            "location_question": "Welches Tier hält die zentrale Figur des Mohrenbrunnens fest?",
            "expected_answer": "Einen Delfin",
            "access_fallback_note": "V03-Punkt; VISUAL_EVIDENCE_NOT_YET_VERIFIED|CROWDING_RISK",
            "enemy_hook": null
          }
        ],
        "quest_step_refs": [
          {
            "quest_id": "D1-Q06",
            "step_id": "D1-Q06-S10",
            "sequence": 10,
            "flow_phase": "OBJECTIVE",
            "step_action_type": "SOLVE_PUZZLE",
            "step_category": "OBJECTIVE",
            "gdd_objective_type": "SUBMIT_ANSWER",
            "target_ref": "PZ-D1-Q06",
            "required": true
          },
          {
            "quest_id": "D1-Q06",
            "step_id": "D1-Q06-S11",
            "sequence": 11,
            "flow_phase": "BONUS_OBJECTIVE",
            "step_action_type": "CLASS_ACTION",
            "step_category": "OBJECTIVE",
            "gdd_objective_type": "SUBMIT_ANSWER",
            "target_ref": "SCULPTOR",
            "required": false
          },
          {
            "quest_id": "D1-Q06",
            "step_id": "D1-Q06-S12",
            "sequence": 12,
            "flow_phase": "OBJECTIVE",
            "step_action_type": "TEAM_DECISION",
            "step_category": "OBJECTIVE",
            "gdd_objective_type": "COMPLETE_DIALOGUE",
            "target_ref": "D1-Q06-COMPLETE",
            "required": true
          },
          {
            "quest_id": "D1-Q06",
            "step_id": "D1-Q06-S13",
            "sequence": 13,
            "flow_phase": "COMPLETE",
            "step_action_type": "TALK_TO_NPC",
            "step_category": "OBJECTIVE",
            "gdd_objective_type": "COMPLETE_DIALOGUE",
            "target_ref": "D1-Q06-COMPLETE",
            "required": true
          },
          {
            "quest_id": "D1-Q06",
            "step_id": "D1-Q06-S08",
            "sequence": 8,
            "flow_phase": "OBJECTIVE",
            "step_action_type": "REACH_LOCATION",
            "step_category": "OBJECTIVE",
            "gdd_objective_type": "REACH_LOCATION",
            "target_ref": "place_day_1_fontana_del_moro",
            "required": true
          },
          {
            "quest_id": "D1-Q06",
            "step_id": "D1-Q06-S09",
            "sequence": 9,
            "flow_phase": "OBJECTIVE",
            "step_action_type": "ANSWER_QUESTION",
            "step_category": "OBJECTIVE",
            "gdd_objective_type": "SUBMIT_ANSWER",
            "target_ref": "OBS-D1-Q06-3",
            "required": true
          }
        ],
        "npc_refs": [],
        "enemy_refs": [],
        "enemy_hook": null,
        "rationale": "In regulärer Quest gruppiert; aktuelle Sicht und blinden Test vor Release abschließen.",
        "source_urls": [
          "https://it.wikipedia.org/wiki/Fontana_del_Moro"
        ],
        "map_urls": [
          "https://www.google.com/maps/search/?api=1&query=41.8981115,12.4731529"
        ],
        "geofence": {
          "interaction_radius_m": 15,
          "exit_hysteresis_radius_m": 25,
          "discovery_radius_m": 55
        }
      }
    },
    {
      "type": "Feature",
      "id": "location:place_day_1_fontana_del_nettuno",
      "geometry": {
        "type": "Point",
        "coordinates": [
          12.4730207,
          41.8997976
        ]
      },
      "properties": {
        "feature_type": "location_candidate",
        "candidate_id": "place_day_1_fontana_del_nettuno",
        "name": "Neptunsbrunnen",
        "day": "DAY_1",
        "cluster": "D1_NAVONA_PANTHEON",
        "decision": "KERNQUEST",
        "active_in_v08": true,
        "traffic_light": "GRUEN",
        "research_status": "GRUEN_KONZEPTREIF",
        "content_status": "APPROVED",
        "publishable": true,
        "geometry_status": "COORDINATE_FROM_V07_WORKBOOK",
        "geometry_sources": [
          "Ortszuordnung"
        ],
        "alternate_geometry_anchors": [],
        "score_v03": 88,
        "core_use_count": 1,
        "special_use_count": 1,
        "support_roles": [],
        "support_definitions": [],
        "quest_refs": [
          "D1-Q06",
          "M-D1-03"
        ],
        "quest_stations": [
          {
            "quest_id": "D1-Q06",
            "quest_type": "REGULAER",
            "sequence": 2,
            "role": "ZWISCHENSTATION",
            "observable_evidence": "Große zentrale Neptunfigur im Ringkampf mit einem vielarmigen Meerestier.",
            "location_question": "Mit welchem Meerestier ringt Neptun in der zentralen Skulptur?",
            "expected_answer": "Mit einem Oktopus",
            "access_fallback_note": "V03-Punkt; VISUAL_EVIDENCE_NOT_YET_VERIFIED|CROWDING_RISK",
            "enemy_hook": null
          },
          {
            "quest_id": "M-D1-03",
            "quest_type": "MEDIA_LOCAL",
            "sequence": 2,
            "role": "ZWISCHENSTATION",
            "observable_evidence": "Große zentrale Neptunfigur im Ringkampf mit einem vielarmigen Meerestier.",
            "location_question": "Mit welchem Meerestier ringt Neptun in der zentralen Skulptur?",
            "expected_answer": "Mit einem Oktopus",
            "access_fallback_note": "V03-Punkt; VISUAL_EVIDENCE_NOT_YET_VERIFIED|CROWDING_RISK",
            "enemy_hook": null
          }
        ],
        "quest_step_refs": [
          {
            "quest_id": "D1-Q06",
            "step_id": "D1-Q06-S06",
            "sequence": 6,
            "flow_phase": "OBJECTIVE",
            "step_action_type": "REACH_LOCATION",
            "step_category": "OBJECTIVE",
            "gdd_objective_type": "REACH_LOCATION",
            "target_ref": "place_day_1_fontana_del_nettuno",
            "required": true
          },
          {
            "quest_id": "D1-Q06",
            "step_id": "D1-Q06-S07",
            "sequence": 7,
            "flow_phase": "OBJECTIVE",
            "step_action_type": "ANSWER_QUESTION",
            "step_category": "OBJECTIVE",
            "gdd_objective_type": "SUBMIT_ANSWER",
            "target_ref": "OBS-D1-Q06-2",
            "required": true
          }
        ],
        "npc_refs": [],
        "enemy_refs": [],
        "enemy_hook": null,
        "rationale": "In regulärer Quest gruppiert; aktuelle Sicht und blinden Test vor Release abschließen.",
        "source_urls": [
          "https://it.wikipedia.org/wiki/Fontana_del_Nettuno_(Roma)"
        ],
        "map_urls": [
          "https://www.google.com/maps/search/?api=1&query=41.8997976,12.4730207"
        ],
        "geofence": {
          "interaction_radius_m": 15,
          "exit_hysteresis_radius_m": 25,
          "discovery_radius_m": 55
        }
      }
    },
    {
      "type": "Feature",
      "id": "location:place_day_1_fontana_del_prigione",
      "geometry": null,
      "properties": {
        "feature_type": "location_candidate",
        "candidate_id": "place_day_1_fontana_del_prigione",
        "name": "Fontana del Prigione",
        "day": "DAY_1",
        "cluster": "D1_TRASTEVERE_TIBER_ISLAND",
        "decision": "RESERVE",
        "active_in_v08": false,
        "traffic_light": "GRUEN",
        "research_status": "GRUEN_KONZEPTREIF",
        "content_status": "APPROVED",
        "publishable": true,
        "geometry_status": "MISSING_IN_V07_WORKBOOK",
        "geometry_sources": [],
        "alternate_geometry_anchors": [],
        "score_v03": 87,
        "core_use_count": 0,
        "special_use_count": 0,
        "support_roles": [],
        "support_definitions": [],
        "quest_refs": [],
        "quest_stations": [],
        "quest_step_refs": [],
        "npc_refs": [],
        "enemy_refs": [],
        "enemy_hook": null,
        "rationale": "Als Ersatz- oder späterer Questkandidat erhalten.",
        "source_urls": [],
        "map_urls": [],
        "geofence": {
          "interaction_radius_m": 15,
          "exit_hysteresis_radius_m": 25,
          "discovery_radius_m": 55
        }
      }
    },
    {
      "type": "Feature",
      "id": "location:place_day_1_fontana_del_tritone",
      "geometry": {
        "type": "Point",
        "coordinates": [
          12.4884786,
          41.903662
        ]
      },
      "properties": {
        "feature_type": "location_candidate",
        "candidate_id": "place_day_1_fontana_del_tritone",
        "name": "Tritonenbrunnen",
        "day": "DAY_1",
        "cluster": "D1_TREVI_QUIRINALE",
        "decision": "KERNQUEST",
        "active_in_v08": true,
        "traffic_light": "GRUEN",
        "research_status": "GRUEN_KONZEPTREIF",
        "content_status": "APPROVED",
        "publishable": true,
        "geometry_status": "COORDINATE_FROM_V07_WORKBOOK",
        "geometry_sources": [
          "Ortszuordnung"
        ],
        "alternate_geometry_anchors": [],
        "score_v03": 88,
        "core_use_count": 1,
        "special_use_count": 0,
        "support_roles": [],
        "support_definitions": [],
        "quest_refs": [
          "D1-Q09"
        ],
        "quest_stations": [
          {
            "quest_id": "D1-Q09",
            "quest_type": "REGULAER",
            "sequence": 3,
            "role": "ABSCHLUSS",
            "observable_evidence": "Vier große Delfine, Muschelschale, Triton mit Schneckenhorn.",
            "location_question": "Wie viele Delfine tragen die große Muschel?",
            "expected_answer": "Vier",
            "access_fallback_note": "V03-Punkt; VISUAL_EVIDENCE_NOT_YET_VERIFIED|CROWDING_RISK",
            "enemy_hook": "Ratto dell’Acqua Virgo"
          }
        ],
        "quest_step_refs": [
          {
            "quest_id": "D1-Q09",
            "step_id": "D1-Q09-S10",
            "sequence": 10,
            "flow_phase": "OBJECTIVE",
            "step_action_type": "USE_ITEM",
            "step_category": "OBJECTIVE",
            "gdd_objective_type": "DELIVER_ITEM",
            "target_ref": "qi_ampulla_virgo",
            "required": true
          },
          {
            "quest_id": "D1-Q09",
            "step_id": "D1-Q09-S11",
            "sequence": 11,
            "flow_phase": "OBJECTIVE",
            "step_action_type": "DEFEAT_ENEMY",
            "step_category": "OBJECTIVE",
            "gdd_objective_type": "COMPLETE_ENCOUNTER",
            "target_ref": "enemy:quest:D1-Q09-S11",
            "required": true
          },
          {
            "quest_id": "D1-Q09",
            "step_id": "D1-Q09-S12",
            "sequence": 12,
            "flow_phase": "COMPLETE",
            "step_action_type": "TALK_TO_NPC",
            "step_category": "OBJECTIVE",
            "gdd_objective_type": "COMPLETE_DIALOGUE",
            "target_ref": "D1-Q09-COMPLETE",
            "required": true
          },
          {
            "quest_id": "D1-Q09",
            "step_id": "D1-Q09-S07",
            "sequence": 7,
            "flow_phase": "OBJECTIVE",
            "step_action_type": "REACH_LOCATION",
            "step_category": "OBJECTIVE",
            "gdd_objective_type": "REACH_LOCATION",
            "target_ref": "place_day_1_fontana_del_tritone",
            "required": true
          },
          {
            "quest_id": "D1-Q09",
            "step_id": "D1-Q09-S08",
            "sequence": 8,
            "flow_phase": "OBJECTIVE",
            "step_action_type": "ANSWER_QUESTION",
            "step_category": "OBJECTIVE",
            "gdd_objective_type": "SUBMIT_ANSWER",
            "target_ref": "OBS-D1-Q09-3",
            "required": true
          },
          {
            "quest_id": "D1-Q09",
            "step_id": "D1-Q09-S09",
            "sequence": 9,
            "flow_phase": "OBJECTIVE",
            "step_action_type": "SOLVE_PUZZLE",
            "step_category": "OBJECTIVE",
            "gdd_objective_type": "SUBMIT_ANSWER",
            "target_ref": "PZ-D1-Q09",
            "required": true
          }
        ],
        "npc_refs": [],
        "enemy_refs": [],
        "enemy_hook": null,
        "rationale": "In regulärer Quest gruppiert; aktuelle Sicht und blinden Test vor Release abschließen.",
        "source_urls": [
          "https://it.wikipedia.org/wiki/Fontana_del_Tritone"
        ],
        "map_urls": [
          "https://www.google.com/maps/search/?api=1&query=41.903662,12.4884786"
        ],
        "geofence": {
          "interaction_radius_m": 15,
          "exit_hysteresis_radius_m": 25,
          "discovery_radius_m": 55
        }
      }
    },
    {
      "type": "Feature",
      "id": "location:place_day_1_fontana_dell_acqua_paola",
      "geometry": {
        "type": "Point",
        "coordinates": [
          12.4642423,
          41.8888192
        ]
      },
      "properties": {
        "feature_type": "location_candidate",
        "candidate_id": "place_day_1_fontana_dell_acqua_paola",
        "name": "Fontana Dell'Acqua Paola",
        "day": "DAY_1",
        "cluster": "D1_GIANICOLO",
        "decision": "KERNQUEST",
        "active_in_v08": true,
        "traffic_light": "GRUEN",
        "research_status": "GRUEN_KONZEPTREIF",
        "content_status": "APPROVED",
        "publishable": true,
        "geometry_status": "COORDINATE_FROM_V07_WORKBOOK",
        "geometry_sources": [
          "Ortszuordnung",
          "Supportpunkte.Google Maps"
        ],
        "alternate_geometry_anchors": [],
        "score_v03": 91,
        "core_use_count": 1,
        "special_use_count": 0,
        "support_roles": [
          "REVIVE_POINT_CANDIDATE"
        ],
        "support_definitions": [
          {
            "function": "Wiederbelebung / Sammelpunkt",
            "risk": "VISUAL_EVIDENCE_NOT_YET_VERIFIED|CROWDING_RISK",
            "recommendation": "ALS_SEPARATEN_SUPPORTPUNKT_BEHALTEN"
          }
        ],
        "quest_refs": [
          "D1-Q16"
        ],
        "quest_stations": [
          {
            "quest_id": "D1-Q16",
            "quest_type": "REGULAER",
            "sequence": 3,
            "role": "ZWISCHENSTATION",
            "observable_evidence": "Fünf weithin sichtbare Bogenfelder in der Hauptfassade.",
            "location_question": "Wie viele große Bogenöffnungen gliedern die Hauptfassade?",
            "expected_answer": "Fünf",
            "access_fallback_note": "V03-Punkt; VISUAL_EVIDENCE_NOT_YET_VERIFIED|CROWDING_RISK",
            "enemy_hook": "Garibaldino delle Mura"
          }
        ],
        "quest_step_refs": [
          {
            "quest_id": "D1-Q16",
            "step_id": "D1-Q16-S07",
            "sequence": 7,
            "flow_phase": "OBJECTIVE",
            "step_action_type": "REACH_LOCATION",
            "step_category": "OBJECTIVE",
            "gdd_objective_type": "REACH_LOCATION",
            "target_ref": "place_day_1_fontana_dell_acqua_paola",
            "required": true
          },
          {
            "quest_id": "D1-Q16",
            "step_id": "D1-Q16-S08",
            "sequence": 8,
            "flow_phase": "OBJECTIVE",
            "step_action_type": "ANSWER_QUESTION",
            "step_category": "OBJECTIVE",
            "gdd_objective_type": "SUBMIT_ANSWER",
            "target_ref": "OBS-D1-Q16-3",
            "required": true
          },
          {
            "quest_id": "D1-Q16",
            "step_id": "D1-Q16-S09",
            "sequence": 9,
            "flow_phase": "OBJECTIVE",
            "step_action_type": "NAVIGATION_CHALLENGE",
            "step_category": "OBJECTIVE",
            "gdd_objective_type": "REACH_LOCATION",
            "target_ref": "NAV-D1-Q16",
            "required": true
          }
        ],
        "npc_refs": [],
        "enemy_refs": [],
        "enemy_hook": null,
        "rationale": "In regulärer Quest gruppiert; aktuelle Sicht und blinden Test vor Release abschließen.",
        "source_urls": [
          "https://it.wikipedia.org/wiki/Fontana_dell'Acqua_Paola"
        ],
        "map_urls": [
          "https://www.google.com/maps/search/?api=1&query=41.8888192,12.4642423"
        ],
        "geofence": {
          "interaction_radius_m": 15,
          "exit_hysteresis_radius_m": 25,
          "discovery_radius_m": 55
        }
      }
    },
    {
      "type": "Feature",
      "id": "location:place_day_1_fontana_della_dea_di_roma",
      "geometry": {
        "type": "Point",
        "coordinates": [
          12.4771784,
          41.9109167
        ]
      },
      "properties": {
        "feature_type": "location_candidate",
        "candidate_id": "place_day_1_fontana_della_dea_di_roma",
        "name": "Fontana della Dea di Roma",
        "day": "DAY_1",
        "cluster": "D1_POPOLO_PINCIO_SPAGNA",
        "decision": "KERNQUEST",
        "active_in_v08": true,
        "traffic_light": "GRUEN",
        "research_status": "GRUEN_PARKZUGANG",
        "content_status": "APPROVED",
        "publishable": true,
        "geometry_status": "COORDINATE_FROM_V07_WORKBOOK",
        "geometry_sources": [
          "Ortszuordnung",
          "Unique Gegner.Google Maps"
        ],
        "alternate_geometry_anchors": [],
        "score_v03": 83,
        "core_use_count": 1,
        "special_use_count": 0,
        "support_roles": [],
        "support_definitions": [],
        "quest_refs": [
          "D1-Q04"
        ],
        "quest_stations": [
          {
            "quest_id": "D1-Q04",
            "quest_type": "REGULAER",
            "sequence": 2,
            "role": "ZWISCHENSTATION",
            "observable_evidence": "Zentrale sitzende Göttin und gut erkennbare Wölfin mit Zwillingen im unteren Bereich.",
            "location_question": "Welches Tier ist zusammen mit den Zwillingen Romulus und Remus dargestellt?",
            "expected_answer": "Eine Wölfin",
            "access_fallback_note": "V03-Punkt; VISUAL_EVIDENCE_NOT_YET_VERIFIED",
            "enemy_hook": "Ombra di Antinoo"
          }
        ],
        "quest_step_refs": [
          {
            "quest_id": "D1-Q04",
            "step_id": "D1-Q04-S05",
            "sequence": 5,
            "flow_phase": "OBJECTIVE",
            "step_action_type": "REACH_LOCATION",
            "step_category": "OBJECTIVE",
            "gdd_objective_type": "REACH_LOCATION",
            "target_ref": "place_day_1_fontana_della_dea_di_roma",
            "required": true
          },
          {
            "quest_id": "D1-Q04",
            "step_id": "D1-Q04-S06",
            "sequence": 6,
            "flow_phase": "OBJECTIVE",
            "step_action_type": "ANSWER_QUESTION",
            "step_category": "OBJECTIVE",
            "gdd_objective_type": "SUBMIT_ANSWER",
            "target_ref": "OBS-D1-Q04-2",
            "required": true
          }
        ],
        "npc_refs": [],
        "enemy_refs": [
          "UE-D1-03"
        ],
        "enemy_hook": "Dea Roma del Pincio",
        "rationale": "In regulärer Quest gruppiert; aktuelle Sicht und blinden Test vor Release abschließen.",
        "source_urls": [
          "https://www.openstreetmap.org/relation/11496554"
        ],
        "map_urls": [
          "https://www.google.com/maps/search/?api=1&query=41.9109167,12.4771784"
        ],
        "geofence": {
          "interaction_radius_m": 15,
          "exit_hysteresis_radius_m": 25,
          "discovery_radius_m": 55
        }
      }
    },
    {
      "type": "Feature",
      "id": "location:place_day_1_fontana_delle_tartarughe",
      "geometry": {
        "type": "Point",
        "coordinates": [
          12.477456,
          41.893782
        ]
      },
      "properties": {
        "feature_type": "location_candidate",
        "candidate_id": "place_day_1_fontana_delle_tartarughe",
        "name": "Fontana delle Tartarughe",
        "day": "DAY_1",
        "cluster": "D1_TREVI_QUIRINALE",
        "decision": "KERNQUEST",
        "active_in_v08": true,
        "traffic_light": "GRUEN",
        "research_status": "GRUEN_KONZEPTREIF",
        "content_status": "APPROVED",
        "publishable": true,
        "geometry_status": "COORDINATE_FROM_V07_WORKBOOK",
        "geometry_sources": [
          "Ortszuordnung"
        ],
        "alternate_geometry_anchors": [],
        "score_v03": 84,
        "core_use_count": 1,
        "special_use_count": 1,
        "support_roles": [],
        "support_definitions": [],
        "quest_refs": [
          "D1-Q13",
          "H-D1-01"
        ],
        "quest_stations": [
          {
            "quest_id": "D1-Q13",
            "quest_type": "REGULAER",
            "sequence": 2,
            "role": "ZWISCHENSTATION",
            "observable_evidence": "Vier deutlich sichtbare Schildkröten am Rand des oberen Beckens.",
            "location_question": "Wie viele Schildkröten klettern zum oberen Becken?",
            "expected_answer": "Vier",
            "access_fallback_note": "Corrected an erroneous OSM-derived point to the official Turismo Roma coordinate in Piazza Mattei.; VISUAL_EVIDENCE_NOT_YET_VERIFIED",
            "enemy_hook": "Custode delle Tartarughe"
          },
          {
            "quest_id": "H-D1-01",
            "quest_type": "HIDDEN",
            "sequence": 1,
            "role": "START / ERSTER HINWEIS",
            "observable_evidence": "Vier deutlich sichtbare Schildkröten am Rand des oberen Beckens.",
            "location_question": "Wie viele Schildkröten klettern zum oberen Becken?",
            "expected_answer": "Vier",
            "access_fallback_note": "Corrected an erroneous OSM-derived point to the official Turismo Roma coordinate in Piazza Mattei.; VISUAL_EVIDENCE_NOT_YET_VERIFIED",
            "enemy_hook": "Custode delle Tartarughe"
          }
        ],
        "quest_step_refs": [
          {
            "quest_id": "D1-Q13",
            "step_id": "D1-Q13-S05",
            "sequence": 5,
            "flow_phase": "OBJECTIVE",
            "step_action_type": "REACH_LOCATION",
            "step_category": "OBJECTIVE",
            "gdd_objective_type": "REACH_LOCATION",
            "target_ref": "place_day_1_fontana_delle_tartarughe",
            "required": true
          },
          {
            "quest_id": "D1-Q13",
            "step_id": "D1-Q13-S06",
            "sequence": 6,
            "flow_phase": "OBJECTIVE",
            "step_action_type": "ANSWER_QUESTION",
            "step_category": "OBJECTIVE",
            "gdd_objective_type": "SUBMIT_ANSWER",
            "target_ref": "OBS-D1-Q13-2",
            "required": true
          },
          {
            "quest_id": "H-D1-01",
            "step_id": "H-D1-01-S01",
            "sequence": 1,
            "flow_phase": "DISCOVER",
            "step_action_type": "DISCOVER_NPC",
            "step_category": "FLOW_ACTION",
            "gdd_objective_type": null,
            "target_ref": "npc_tartaruga_quarta",
            "required": true
          },
          {
            "quest_id": "H-D1-01",
            "step_id": "H-D1-01-S02",
            "sequence": 2,
            "flow_phase": "DIALOGUE",
            "step_action_type": "TALK_TO_NPC",
            "step_category": "OBJECTIVE",
            "gdd_objective_type": "COMPLETE_DIALOGUE",
            "target_ref": "H-D1-01-OFFER",
            "required": true
          },
          {
            "quest_id": "H-D1-01",
            "step_id": "H-D1-01-S03",
            "sequence": 3,
            "flow_phase": "ACCEPT",
            "step_action_type": "ACCEPT_QUEST",
            "step_category": "FLOW_ACTION",
            "gdd_objective_type": null,
            "target_ref": "H-D1-01",
            "required": true
          },
          {
            "quest_id": "H-D1-01",
            "step_id": "H-D1-01-S04",
            "sequence": 4,
            "flow_phase": "OBJECTIVE",
            "step_action_type": "SOLVE_PUZZLE",
            "step_category": "OBJECTIVE",
            "gdd_objective_type": "SUBMIT_ANSWER",
            "target_ref": "PZ-H-D1-01",
            "required": true
          },
          {
            "quest_id": "H-D1-01",
            "step_id": "H-D1-01-S05",
            "sequence": 5,
            "flow_phase": "OBJECTIVE",
            "step_action_type": "DEFEAT_ENEMY",
            "step_category": "OBJECTIVE",
            "gdd_objective_type": "COMPLETE_ENCOUNTER",
            "target_ref": "enemy:quest:H-D1-01-S05",
            "required": true
          },
          {
            "quest_id": "H-D1-01",
            "step_id": "H-D1-01-S06",
            "sequence": 6,
            "flow_phase": "COMPLETE",
            "step_action_type": "TALK_TO_NPC",
            "step_category": "OBJECTIVE",
            "gdd_objective_type": "COMPLETE_DIALOGUE",
            "target_ref": "H-D1-01-COMPLETE",
            "required": true
          }
        ],
        "npc_refs": [
          {
            "npc_id": "npc_tartaruga_quarta",
            "name": "Die vierte Schildkröte",
            "quest_id": "H-D1-01",
            "role": "QUEST_GIVER"
          }
        ],
        "enemy_refs": [],
        "enemy_hook": "Custode delle Tartarughe",
        "rationale": "In regulärer Quest gruppiert; aktuelle Sicht und blinden Test vor Release abschließen.",
        "source_urls": [
          "https://www.turismoroma.it/it/luoghi/fontana-delle-tartarughe"
        ],
        "map_urls": [
          "https://www.google.com/maps/search/?api=1&query=41.893782,12.477456"
        ],
        "geofence": {
          "interaction_radius_m": 15,
          "exit_hysteresis_radius_m": 25,
          "discovery_radius_m": 55
        }
      }
    },
    {
      "type": "Feature",
      "id": "location:place_day_1_fontana_di_trevi",
      "geometry": {
        "type": "Point",
        "coordinates": [
          12.4832817,
          41.9009648
        ]
      },
      "properties": {
        "feature_type": "location_candidate",
        "candidate_id": "place_day_1_fontana_di_trevi",
        "name": "Trevi-Brunnen",
        "day": "DAY_1",
        "cluster": "D1_TREVI_QUIRINALE",
        "decision": "KERNQUEST",
        "active_in_v08": true,
        "traffic_light": "GELB",
        "research_status": "GELB_EXTREME_MENSCHENMENGE",
        "content_status": "APPROVED",
        "publishable": true,
        "geometry_status": "COORDINATE_FROM_V07_WORKBOOK",
        "geometry_sources": [
          "Ortszuordnung"
        ],
        "alternate_geometry_anchors": [],
        "score_v03": 91,
        "core_use_count": 1,
        "special_use_count": 0,
        "support_roles": [],
        "support_definitions": [],
        "quest_refs": [
          "D1-Q09"
        ],
        "quest_stations": [
          {
            "quest_id": "D1-Q09",
            "quest_type": "REGULAER",
            "sequence": 1,
            "role": "START / ERSTER HINWEIS",
            "observable_evidence": "Zwei große Seepferde vor dem muschelförmigen Wagen der Zentralfigur.",
            "location_question": "Wie viele Seepferde ziehen den Wagen der zentralen Figur?",
            "expected_answer": "Zwei",
            "access_fallback_note": "V03-Punkt; Nur von mehreren Positionen erkennbare Großdetails verwenden; keine Boden- oder Randdetails.",
            "enemy_hook": "Ratto dell’Acqua Virgo"
          }
        ],
        "quest_step_refs": [
          {
            "quest_id": "D1-Q09",
            "step_id": "D1-Q09-S01",
            "sequence": 1,
            "flow_phase": "DISCOVER",
            "step_action_type": "DISCOVER_NPC",
            "step_category": "FLOW_ACTION",
            "gdd_objective_type": null,
            "target_ref": "npc_aqua_virgo",
            "required": true
          },
          {
            "quest_id": "D1-Q09",
            "step_id": "D1-Q09-S02",
            "sequence": 2,
            "flow_phase": "DIALOGUE",
            "step_action_type": "TALK_TO_NPC",
            "step_category": "OBJECTIVE",
            "gdd_objective_type": "COMPLETE_DIALOGUE",
            "target_ref": "D1-Q09-OFFER",
            "required": true
          },
          {
            "quest_id": "D1-Q09",
            "step_id": "D1-Q09-S03",
            "sequence": 3,
            "flow_phase": "ACCEPT",
            "step_action_type": "ACCEPT_QUEST",
            "step_category": "FLOW_ACTION",
            "gdd_objective_type": null,
            "target_ref": "D1-Q09",
            "required": true
          },
          {
            "quest_id": "D1-Q09",
            "step_id": "D1-Q09-S04",
            "sequence": 4,
            "flow_phase": "OBJECTIVE",
            "step_action_type": "ANSWER_QUESTION",
            "step_category": "OBJECTIVE",
            "gdd_objective_type": "SUBMIT_ANSWER",
            "target_ref": "OBS-D1-Q09-1",
            "required": true
          }
        ],
        "npc_refs": [
          {
            "npc_id": "npc_aqua_virgo",
            "name": "Aqua Virgo",
            "quest_id": "D1-Q09",
            "role": "QUEST_GIVER"
          }
        ],
        "enemy_refs": [],
        "enemy_hook": null,
        "rationale": "In regulärer Quest gruppiert; aktuelle Sicht und blinden Test vor Release abschließen.",
        "source_urls": [
          "https://it.wikipedia.org/wiki/Fontana_di_Trevi"
        ],
        "map_urls": [
          "https://www.google.com/maps/search/?api=1&query=41.9009648,12.4832817"
        ],
        "geofence": {
          "interaction_radius_m": 15,
          "exit_hysteresis_radius_m": 25,
          "discovery_radius_m": 55
        }
      }
    },
    {
      "type": "Feature",
      "id": "location:place_day_1_isola_tiberina",
      "geometry": {
        "type": "Point",
        "coordinates": [
          12.4792342,
          41.8896365
        ]
      },
      "properties": {
        "feature_type": "location_candidate",
        "candidate_id": "place_day_1_isola_tiberina",
        "name": "Isola Tiberina",
        "day": "DAY_1",
        "cluster": "D1_CAMPO_REGOLA_GHETTO",
        "decision": "KERNQUEST",
        "active_in_v08": true,
        "traffic_light": "GELB",
        "research_status": "GELB_SICHTWINKEL",
        "content_status": "APPROVED",
        "publishable": true,
        "geometry_status": "COORDINATE_FROM_V07_WORKBOOK",
        "geometry_sources": [
          "Ortszuordnung",
          "Unique Gegner.Google Maps"
        ],
        "alternate_geometry_anchors": [],
        "score_v03": 83,
        "core_use_count": 1,
        "special_use_count": 0,
        "support_roles": [],
        "support_definitions": [],
        "quest_refs": [
          "D1-Q14"
        ],
        "quest_stations": [
          {
            "quest_id": "D1-Q14",
            "quest_type": "REGULAER",
            "sequence": 1,
            "role": "START / ERSTER HINWEIS",
            "observable_evidence": "Travertinreste einer Schiffsspitze und Asklepios-Relief am östlichen Inselende.",
            "location_question": "Welche Form ahmt die antike Travertinverkleidung an der Inselspitze nach?",
            "expected_answer": "Den Bug eines Schiffes",
            "access_fallback_note": "V03-Punkt; Nur verwenden, wenn der genaue öffentliche Blickpunkt und die freie Sicht auf die Travertinreste bestätigt sind.",
            "enemy_hook": null
          }
        ],
        "quest_step_refs": [
          {
            "quest_id": "D1-Q14",
            "step_id": "D1-Q14-S01",
            "sequence": 1,
            "flow_phase": "DISCOVER",
            "step_action_type": "DISCOVER_NPC",
            "step_category": "FLOW_ACTION",
            "gdd_objective_type": null,
            "target_ref": "npc_tiberinus_medicus",
            "required": true
          },
          {
            "quest_id": "D1-Q14",
            "step_id": "D1-Q14-S02",
            "sequence": 2,
            "flow_phase": "DIALOGUE",
            "step_action_type": "TALK_TO_NPC",
            "step_category": "OBJECTIVE",
            "gdd_objective_type": "COMPLETE_DIALOGUE",
            "target_ref": "D1-Q14-OFFER",
            "required": true
          },
          {
            "quest_id": "D1-Q14",
            "step_id": "D1-Q14-S03",
            "sequence": 3,
            "flow_phase": "ACCEPT",
            "step_action_type": "ACCEPT_QUEST",
            "step_category": "FLOW_ACTION",
            "gdd_objective_type": null,
            "target_ref": "D1-Q14",
            "required": true
          },
          {
            "quest_id": "D1-Q14",
            "step_id": "D1-Q14-S04",
            "sequence": 4,
            "flow_phase": "OBJECTIVE",
            "step_action_type": "ANSWER_QUESTION",
            "step_category": "OBJECTIVE",
            "gdd_objective_type": "SUBMIT_ANSWER",
            "target_ref": "OBS-D1-Q14-1",
            "required": true
          },
          {
            "quest_id": "D1-Q14",
            "step_id": "D1-Q14-S05",
            "sequence": 5,
            "flow_phase": "OBJECTIVE",
            "step_action_type": "SOLVE_PUZZLE",
            "step_category": "OBJECTIVE",
            "gdd_objective_type": "SUBMIT_ANSWER",
            "target_ref": "PZ-D1-Q14",
            "required": true
          },
          {
            "quest_id": "D1-Q14",
            "step_id": "D1-Q14-S06",
            "sequence": 6,
            "flow_phase": "OBJECTIVE",
            "step_action_type": "USE_ITEM",
            "step_category": "OBJECTIVE",
            "gdd_objective_type": "DELIVER_ITEM",
            "target_ref": "qi_virga_aesculapii",
            "required": true
          },
          {
            "quest_id": "D1-Q14",
            "step_id": "D1-Q14-S07",
            "sequence": 7,
            "flow_phase": "COMPLETE",
            "step_action_type": "TALK_TO_NPC",
            "step_category": "OBJECTIVE",
            "gdd_objective_type": "COMPLETE_DIALOGUE",
            "target_ref": "D1-Q14-COMPLETE",
            "required": true
          }
        ],
        "npc_refs": [
          {
            "npc_id": "npc_tiberinus_medicus",
            "name": "Tiberinus Medicus",
            "quest_id": "D1-Q14",
            "role": "QUEST_GIVER"
          }
        ],
        "enemy_refs": [
          "UE-D1-07"
        ],
        "enemy_hook": "Serpente di Esculapio",
        "rationale": "In regulärer Quest gruppiert; aktuelle Sicht und blinden Test vor Release abschließen.",
        "source_urls": [
          "https://www.openstreetmap.org/node/4798313727"
        ],
        "map_urls": [
          "https://www.google.com/maps/search/?api=1&query=41.8896365,12.4792342"
        ],
        "geofence": {
          "interaction_radius_m": 15,
          "exit_hysteresis_radius_m": 25,
          "discovery_radius_m": 55
        }
      }
    },
    {
      "type": "Feature",
      "id": "location:place_day_1_largo_di_torre_argentina",
      "geometry": {
        "type": "Point",
        "coordinates": [
          12.4768864,
          41.8953968
        ]
      },
      "properties": {
        "feature_type": "location_candidate",
        "candidate_id": "place_day_1_largo_di_torre_argentina",
        "name": "Largo di Torre Argentina",
        "day": "DAY_1",
        "cluster": "D1_CAMPO_REGOLA_GHETTO",
        "decision": "KERNQUEST",
        "active_in_v08": true,
        "traffic_light": "GELB",
        "research_status": "GELB_ZAEHLPERSPEKTIVE",
        "content_status": "APPROVED",
        "publishable": true,
        "geometry_status": "COORDINATE_FROM_V07_WORKBOOK",
        "geometry_sources": [
          "Ortszuordnung"
        ],
        "alternate_geometry_anchors": [],
        "score_v03": 80,
        "core_use_count": 1,
        "special_use_count": 0,
        "support_roles": [],
        "support_definitions": [],
        "quest_refs": [
          "D1-Q12"
        ],
        "quest_stations": [
          {
            "quest_id": "D1-Q12",
            "quest_type": "REGULAER",
            "sequence": 4,
            "role": "ABSCHLUSS",
            "observable_evidence": "Vier klar getrennte Tempelkomplexe im tiefer liegenden Areal.",
            "location_question": "Wie viele republikanische Tempel sind im Areal zusammengefasst?",
            "expected_answer": "Vier",
            "access_fallback_note": "V03-Punkt; Trigger auf öffentlichen Gehweg legen; kein Betreten des inzwischen zugänglichen, aber zeitgebundenen Areals.",
            "enemy_hook": null
          }
        ],
        "quest_step_refs": [
          {
            "quest_id": "D1-Q12",
            "step_id": "D1-Q12-S10",
            "sequence": 10,
            "flow_phase": "OBJECTIVE",
            "step_action_type": "ANSWER_QUESTION",
            "step_category": "OBJECTIVE",
            "gdd_objective_type": "SUBMIT_ANSWER",
            "target_ref": "OBS-D1-Q12-4",
            "required": true
          },
          {
            "quest_id": "D1-Q12",
            "step_id": "D1-Q12-S11",
            "sequence": 11,
            "flow_phase": "OBJECTIVE",
            "step_action_type": "SOLVE_PUZZLE",
            "step_category": "OBJECTIVE",
            "gdd_objective_type": "SUBMIT_ANSWER",
            "target_ref": "PZ-D1-Q12",
            "required": true
          },
          {
            "quest_id": "D1-Q12",
            "step_id": "D1-Q12-S12",
            "sequence": 12,
            "flow_phase": "OBJECTIVE",
            "step_action_type": "TEAM_DECISION",
            "step_category": "OBJECTIVE",
            "gdd_objective_type": "COMPLETE_DIALOGUE",
            "target_ref": "D1-Q12-COMPLETE",
            "required": true
          },
          {
            "quest_id": "D1-Q12",
            "step_id": "D1-Q12-S13",
            "sequence": 13,
            "flow_phase": "COMPLETE",
            "step_action_type": "TALK_TO_NPC",
            "step_category": "OBJECTIVE",
            "gdd_objective_type": "COMPLETE_DIALOGUE",
            "target_ref": "D1-Q12-COMPLETE",
            "required": true
          },
          {
            "quest_id": "D1-Q12",
            "step_id": "D1-Q12-S09",
            "sequence": 9,
            "flow_phase": "OBJECTIVE",
            "step_action_type": "REACH_LOCATION",
            "step_category": "OBJECTIVE",
            "gdd_objective_type": "REACH_LOCATION",
            "target_ref": "place_day_1_largo_di_torre_argentina",
            "required": true
          }
        ],
        "npc_refs": [],
        "enemy_refs": [],
        "enemy_hook": null,
        "rationale": "In regulärer Quest gruppiert; aktuelle Sicht und blinden Test vor Release abschließen.",
        "source_urls": [
          "https://it.wikipedia.org/wiki/Largo_di_Torre_Argentina"
        ],
        "map_urls": [
          "https://www.google.com/maps/search/?api=1&query=41.8953968,12.4768864"
        ],
        "geofence": {
          "interaction_radius_m": 15,
          "exit_hysteresis_radius_m": 25,
          "discovery_radius_m": 55
        }
      }
    },
    {
      "type": "Feature",
      "id": "location:place_day_1_mausoleo_ossario_garibaldino",
      "geometry": {
        "type": "Point",
        "coordinates": [
          12.4656132,
          41.8881928
        ]
      },
      "properties": {
        "feature_type": "location_candidate",
        "candidate_id": "place_day_1_mausoleo_ossario_garibaldino",
        "name": "Mausoleo Ossario Garibaldino",
        "day": "DAY_1",
        "cluster": "D1_TRASTEVERE_TIBER_ISLAND",
        "decision": "KERNQUEST",
        "active_in_v08": true,
        "traffic_light": "GRUEN",
        "research_status": "GRUEN_KONZEPTREIF",
        "content_status": "APPROVED",
        "publishable": true,
        "geometry_status": "COORDINATE_FROM_V07_WORKBOOK",
        "geometry_sources": [
          "Ortszuordnung"
        ],
        "alternate_geometry_anchors": [],
        "score_v03": 87,
        "core_use_count": 1,
        "special_use_count": 0,
        "support_roles": [],
        "support_definitions": [],
        "quest_refs": [
          "D1-Q16"
        ],
        "quest_stations": [
          {
            "quest_id": "D1-Q16",
            "quest_type": "REGULAER",
            "sequence": 2,
            "role": "ZWISCHENSTATION",
            "observable_evidence": "Symmetrischer Zentralbau mit vier großen offenen Bögen.",
            "location_question": "Wie viele offene Bogenfronten umgeben den zentralen Teil des Ossariums?",
            "expected_answer": "Vier",
            "access_fallback_note": "V03-Punkt; VISUAL_EVIDENCE_NOT_YET_VERIFIED",
            "enemy_hook": "Garibaldino delle Mura"
          }
        ],
        "quest_step_refs": [
          {
            "quest_id": "D1-Q16",
            "step_id": "D1-Q16-S05",
            "sequence": 5,
            "flow_phase": "OBJECTIVE",
            "step_action_type": "REACH_LOCATION",
            "step_category": "OBJECTIVE",
            "gdd_objective_type": "REACH_LOCATION",
            "target_ref": "place_day_1_mausoleo_ossario_garibaldino",
            "required": true
          },
          {
            "quest_id": "D1-Q16",
            "step_id": "D1-Q16-S06",
            "sequence": 6,
            "flow_phase": "OBJECTIVE",
            "step_action_type": "ANSWER_QUESTION",
            "step_category": "OBJECTIVE",
            "gdd_objective_type": "SUBMIT_ANSWER",
            "target_ref": "OBS-D1-Q16-2",
            "required": true
          }
        ],
        "npc_refs": [],
        "enemy_refs": [],
        "enemy_hook": null,
        "rationale": "In regulärer Quest gruppiert; aktuelle Sicht und blinden Test vor Release abschließen.",
        "source_urls": [
          "https://it.wikipedia.org/wiki/Mausoleo_Ossario_Garibaldino"
        ],
        "map_urls": [
          "https://www.google.com/maps/search/?api=1&query=41.8881928,12.4656132"
        ],
        "geofence": {
          "interaction_radius_m": 15,
          "exit_hysteresis_radius_m": 25,
          "discovery_radius_m": 55
        }
      }
    },
    {
      "type": "Feature",
      "id": "location:place_day_1_monumento_a_garibaldi",
      "geometry": {
        "type": "Point",
        "coordinates": [
          12.4607686,
          41.8914637
        ]
      },
      "properties": {
        "feature_type": "location_candidate",
        "candidate_id": "place_day_1_monumento_a_garibaldi",
        "name": "Monumento a Garibaldi",
        "day": "DAY_1",
        "cluster": "D1_GIANICOLO",
        "decision": "KERNQUEST",
        "active_in_v08": true,
        "traffic_light": "GRUEN",
        "research_status": "GRUEN_KONZEPTREIF",
        "content_status": "APPROVED",
        "publishable": true,
        "geometry_status": "COORDINATE_FROM_V07_WORKBOOK",
        "geometry_sources": [
          "Ortszuordnung"
        ],
        "alternate_geometry_anchors": [],
        "score_v03": 91,
        "core_use_count": 1,
        "special_use_count": 0,
        "support_roles": [],
        "support_definitions": [],
        "quest_refs": [
          "D1-Q16"
        ],
        "quest_stations": [
          {
            "quest_id": "D1-Q16",
            "quest_type": "REGULAER",
            "sequence": 4,
            "role": "ZWISCHENSTATION",
            "observable_evidence": "Große Reiterfigur auf hohem Sockel.",
            "location_question": "Auf welchem Tier sitzt Giuseppe Garibaldi?",
            "expected_answer": "Auf einem Pferd",
            "access_fallback_note": "V03-Punkt; VISUAL_EVIDENCE_NOT_YET_VERIFIED",
            "enemy_hook": "Garibaldino delle Mura"
          }
        ],
        "quest_step_refs": [
          {
            "quest_id": "D1-Q16",
            "step_id": "D1-Q16-S10",
            "sequence": 10,
            "flow_phase": "OBJECTIVE",
            "step_action_type": "REACH_LOCATION",
            "step_category": "OBJECTIVE",
            "gdd_objective_type": "REACH_LOCATION",
            "target_ref": "place_day_1_monumento_a_garibaldi",
            "required": true
          },
          {
            "quest_id": "D1-Q16",
            "step_id": "D1-Q16-S11",
            "sequence": 11,
            "flow_phase": "OBJECTIVE",
            "step_action_type": "ANSWER_QUESTION",
            "step_category": "OBJECTIVE",
            "gdd_objective_type": "SUBMIT_ANSWER",
            "target_ref": "OBS-D1-Q16-4",
            "required": true
          }
        ],
        "npc_refs": [],
        "enemy_refs": [],
        "enemy_hook": null,
        "rationale": "In regulärer Quest gruppiert; aktuelle Sicht und blinden Test vor Release abschließen.",
        "source_urls": [
          "https://it.wikipedia.org/wiki/Monumento_a_Giuseppe_Garibaldi_(Roma)"
        ],
        "map_urls": [
          "https://www.google.com/maps/search/?api=1&query=41.8914637,12.4607686"
        ],
        "geofence": {
          "interaction_radius_m": 15,
          "exit_hysteresis_radius_m": 25,
          "discovery_radius_m": 55
        }
      }
    },
    {
      "type": "Feature",
      "id": "location:place_day_1_monumento_ad_anita_garibaldi",
      "geometry": {
        "type": "Point",
        "coordinates": [
          12.460117,
          41.8934109
        ]
      },
      "properties": {
        "feature_type": "location_candidate",
        "candidate_id": "place_day_1_monumento_ad_anita_garibaldi",
        "name": "Monumento ad Anita Garibaldi",
        "day": "DAY_1",
        "cluster": "D1_GIANICOLO",
        "decision": "KERNQUEST",
        "active_in_v08": true,
        "traffic_light": "GRUEN",
        "research_status": "GRUEN_KONZEPTREIF",
        "content_status": "APPROVED",
        "publishable": true,
        "geometry_status": "COORDINATE_FROM_V07_WORKBOOK",
        "geometry_sources": [
          "Ortszuordnung"
        ],
        "alternate_geometry_anchors": [],
        "score_v03": 87,
        "core_use_count": 1,
        "special_use_count": 0,
        "support_roles": [],
        "support_definitions": [],
        "quest_refs": [
          "D1-Q16"
        ],
        "quest_stations": [
          {
            "quest_id": "D1-Q16",
            "quest_type": "REGULAER",
            "sequence": 5,
            "role": "ABSCHLUSS",
            "observable_evidence": "Große Reiterfigur mit deutlich erhobener Handwaffe.",
            "location_question": "Welche Waffe hält Anita Garibaldi in der erhobenen Hand?",
            "expected_answer": "Eine Pistole",
            "access_fallback_note": "V03-Punkt; VISUAL_EVIDENCE_NOT_YET_VERIFIED",
            "enemy_hook": "Garibaldino delle Mura"
          }
        ],
        "quest_step_refs": [
          {
            "quest_id": "D1-Q16",
            "step_id": "D1-Q16-S12",
            "sequence": 12,
            "flow_phase": "OBJECTIVE",
            "step_action_type": "REACH_LOCATION",
            "step_category": "OBJECTIVE",
            "gdd_objective_type": "REACH_LOCATION",
            "target_ref": "place_day_1_monumento_ad_anita_garibaldi",
            "required": true
          },
          {
            "quest_id": "D1-Q16",
            "step_id": "D1-Q16-S13",
            "sequence": 13,
            "flow_phase": "OBJECTIVE",
            "step_action_type": "ANSWER_QUESTION",
            "step_category": "OBJECTIVE",
            "gdd_objective_type": "SUBMIT_ANSWER",
            "target_ref": "OBS-D1-Q16-5",
            "required": true
          },
          {
            "quest_id": "D1-Q16",
            "step_id": "D1-Q16-S14",
            "sequence": 14,
            "flow_phase": "OBJECTIVE",
            "step_action_type": "SOLVE_PUZZLE",
            "step_category": "OBJECTIVE",
            "gdd_objective_type": "SUBMIT_ANSWER",
            "target_ref": "PZ-D1-Q16",
            "required": true
          },
          {
            "quest_id": "D1-Q16",
            "step_id": "D1-Q16-S15",
            "sequence": 15,
            "flow_phase": "OBJECTIVE",
            "step_action_type": "DEFEAT_ENEMY",
            "step_category": "OBJECTIVE",
            "gdd_objective_type": "COMPLETE_ENCOUNTER",
            "target_ref": "enemy:quest:D1-Q16-S15",
            "required": true
          },
          {
            "quest_id": "D1-Q16",
            "step_id": "D1-Q16-S16",
            "sequence": 16,
            "flow_phase": "COMPLETE",
            "step_action_type": "TALK_TO_NPC",
            "step_category": "OBJECTIVE",
            "gdd_objective_type": "COMPLETE_DIALOGUE",
            "target_ref": "D1-Q16-COMPLETE",
            "required": true
          }
        ],
        "npc_refs": [],
        "enemy_refs": [],
        "enemy_hook": null,
        "rationale": "In regulärer Quest gruppiert; aktuelle Sicht und blinden Test vor Release abschließen.",
        "source_urls": [
          "https://it.wikipedia.org/wiki/Monumento_ad_Anita_Garibaldi"
        ],
        "map_urls": [
          "https://www.google.com/maps/search/?api=1&query=41.8934109,12.460117"
        ],
        "geofence": {
          "interaction_radius_m": 15,
          "exit_hysteresis_radius_m": 25,
          "discovery_radius_m": 55
        }
      }
    },
    {
      "type": "Feature",
      "id": "location:place_day_1_monumento_ai_fratelli_cairoli",
      "geometry": null,
      "properties": {
        "feature_type": "location_candidate",
        "candidate_id": "place_day_1_monumento_ai_fratelli_cairoli",
        "name": "Monumento ai Fratelli Cairoli",
        "day": "DAY_1",
        "cluster": "D1_POPOLO_PINCIO_SPAGNA",
        "decision": "RESERVE",
        "active_in_v08": false,
        "traffic_light": "GRUEN",
        "research_status": "GRUEN_KONZEPTREIF",
        "content_status": "APPROVED",
        "publishable": true,
        "geometry_status": "MISSING_IN_V07_WORKBOOK",
        "geometry_sources": [],
        "alternate_geometry_anchors": [],
        "score_v03": 88,
        "core_use_count": 0,
        "special_use_count": 0,
        "support_roles": [],
        "support_definitions": [],
        "quest_refs": [],
        "quest_stations": [],
        "quest_step_refs": [],
        "npc_refs": [],
        "enemy_refs": [],
        "enemy_hook": null,
        "rationale": "Als Ersatz- oder späterer Questkandidat erhalten.",
        "source_urls": [],
        "map_urls": [],
        "geofence": {
          "interaction_radius_m": 15,
          "exit_hysteresis_radius_m": 25,
          "discovery_radius_m": 55
        }
      }
    },
    {
      "type": "Feature",
      "id": "location:place_day_1_mura_gianicolensi_2",
      "geometry": {
        "type": "Point",
        "coordinates": [
          12.4616301,
          41.8869765
        ]
      },
      "properties": {
        "feature_type": "location_candidate",
        "candidate_id": "place_day_1_mura_gianicolensi_2",
        "name": "Gianicolense-Mauern",
        "day": "DAY_1",
        "cluster": "D1_GIANICOLO",
        "decision": "KERNQUEST",
        "active_in_v08": true,
        "traffic_light": "GRUEN",
        "research_status": "GRUEN_MIT_GEWEGPUNKT",
        "content_status": "APPROVED",
        "publishable": true,
        "geometry_status": "COORDINATE_FROM_V07_WORKBOOK",
        "geometry_sources": [
          "Ortszuordnung"
        ],
        "alternate_geometry_anchors": [],
        "score_v03": 89,
        "core_use_count": 1,
        "special_use_count": 0,
        "support_roles": [],
        "support_definitions": [],
        "quest_refs": [
          "D1-Q16"
        ],
        "quest_stations": [
          {
            "quest_id": "D1-Q16",
            "quest_type": "REGULAER",
            "sequence": 1,
            "role": "START / ERSTER HINWEIS",
            "observable_evidence": "Langer massiver Mauerabschnitt mit Schieß- und Verteidigungsformen.",
            "location_question": "Aus welchem Material besteht der sichtbare Hauptkörper der Mauer überwiegend?",
            "expected_answer": "Aus Ziegelmauerwerk",
            "access_fallback_note": "V03-Punkt; VISUAL_EVIDENCE_NOT_YET_VERIFIED",
            "enemy_hook": "Garibaldino delle Mura"
          }
        ],
        "quest_step_refs": [
          {
            "quest_id": "D1-Q16",
            "step_id": "D1-Q16-S01",
            "sequence": 1,
            "flow_phase": "DISCOVER",
            "step_action_type": "DISCOVER_NPC",
            "step_category": "FLOW_ACTION",
            "gdd_objective_type": null,
            "target_ref": "npc_anita_garibaldi",
            "required": true
          },
          {
            "quest_id": "D1-Q16",
            "step_id": "D1-Q16-S02",
            "sequence": 2,
            "flow_phase": "DIALOGUE",
            "step_action_type": "TALK_TO_NPC",
            "step_category": "OBJECTIVE",
            "gdd_objective_type": "COMPLETE_DIALOGUE",
            "target_ref": "D1-Q16-OFFER",
            "required": true
          },
          {
            "quest_id": "D1-Q16",
            "step_id": "D1-Q16-S03",
            "sequence": 3,
            "flow_phase": "ACCEPT",
            "step_action_type": "ACCEPT_QUEST",
            "step_category": "FLOW_ACTION",
            "gdd_objective_type": null,
            "target_ref": "D1-Q16",
            "required": true
          },
          {
            "quest_id": "D1-Q16",
            "step_id": "D1-Q16-S04",
            "sequence": 4,
            "flow_phase": "OBJECTIVE",
            "step_action_type": "ANSWER_QUESTION",
            "step_category": "OBJECTIVE",
            "gdd_objective_type": "SUBMIT_ANSWER",
            "target_ref": "OBS-D1-Q16-1",
            "required": true
          }
        ],
        "npc_refs": [
          {
            "npc_id": "npc_anita_garibaldi",
            "name": "Anita Garibaldi – Reiterecho",
            "quest_id": "D1-Q16",
            "role": "QUEST_GIVER"
          }
        ],
        "enemy_refs": [],
        "enemy_hook": "Garibaldino delle Mura",
        "rationale": "In regulärer Quest gruppiert; aktuelle Sicht und blinden Test vor Release abschließen.",
        "source_urls": [
          "https://turismoroma.it/es/node/31555"
        ],
        "map_urls": [
          "https://www.google.com/maps/search/?api=1&query=41.8869765,12.4616301"
        ],
        "geofence": {
          "interaction_radius_m": 15,
          "exit_hysteresis_radius_m": 25,
          "discovery_radius_m": 55
        }
      }
    },
    {
      "type": "Feature",
      "id": "location:place_day_1_obelisco_del_quirinale",
      "geometry": {
        "type": "Point",
        "coordinates": [
          12.4866425,
          41.899064
        ]
      },
      "properties": {
        "feature_type": "location_candidate",
        "candidate_id": "place_day_1_obelisco_del_quirinale",
        "name": "Obelisco del Quirinale",
        "day": "DAY_1",
        "cluster": "D1_TREVI_QUIRINALE",
        "decision": "KERNQUEST",
        "active_in_v08": true,
        "traffic_light": "GRUEN",
        "research_status": "GRUEN_KONZEPTREIF",
        "content_status": "APPROVED",
        "publishable": true,
        "geometry_status": "COORDINATE_FROM_V07_WORKBOOK",
        "geometry_sources": [
          "Ortszuordnung"
        ],
        "alternate_geometry_anchors": [],
        "score_v03": 90,
        "core_use_count": 1,
        "special_use_count": 0,
        "support_roles": [],
        "support_definitions": [],
        "quest_refs": [
          "D1-Q10"
        ],
        "quest_stations": [
          {
            "quest_id": "D1-Q10",
            "quest_type": "REGULAER",
            "sequence": 2,
            "role": "ZWISCHENSTATION",
            "observable_evidence": "Zwei monumentale Pferdegruppen flankieren den Obelisken.",
            "location_question": "Wie viele monumentale Pferde flankieren den Obelisken?",
            "expected_answer": "Zwei",
            "access_fallback_note": "V03-Punkt; VISUAL_EVIDENCE_NOT_YET_VERIFIED",
            "enemy_hook": "Corazziere del Colle"
          }
        ],
        "quest_step_refs": [
          {
            "quest_id": "D1-Q10",
            "step_id": "D1-Q10-S05",
            "sequence": 5,
            "flow_phase": "OBJECTIVE",
            "step_action_type": "REACH_LOCATION",
            "step_category": "OBJECTIVE",
            "gdd_objective_type": "REACH_LOCATION",
            "target_ref": "place_day_1_obelisco_del_quirinale",
            "required": true
          },
          {
            "quest_id": "D1-Q10",
            "step_id": "D1-Q10-S06",
            "sequence": 6,
            "flow_phase": "OBJECTIVE",
            "step_action_type": "ANSWER_QUESTION",
            "step_category": "OBJECTIVE",
            "gdd_objective_type": "SUBMIT_ANSWER",
            "target_ref": "OBS-D1-Q10-2",
            "required": true
          }
        ],
        "npc_refs": [],
        "enemy_refs": [],
        "enemy_hook": null,
        "rationale": "In regulärer Quest gruppiert; aktuelle Sicht und blinden Test vor Release abschließen.",
        "source_urls": [
          "https://it.wikipedia.org/wiki/Obelisco_del_Quirinale"
        ],
        "map_urls": [
          "https://www.google.com/maps/search/?api=1&query=41.899064,12.4866425"
        ],
        "geofence": {
          "interaction_radius_m": 15,
          "exit_hysteresis_radius_m": 25,
          "discovery_radius_m": 55
        }
      }
    },
    {
      "type": "Feature",
      "id": "location:place_day_1_obelisco_della_minerva",
      "geometry": null,
      "properties": {
        "feature_type": "location_candidate",
        "candidate_id": "place_day_1_obelisco_della_minerva",
        "name": "Obelisco della Minerva",
        "day": "DAY_1",
        "cluster": "D1_NAVONA_PANTHEON",
        "decision": "AUSSCHLUSS",
        "active_in_v08": false,
        "traffic_light": "ROT",
        "research_status": "ROT_AKTUELL_GESPERRT",
        "content_status": "APPROVED",
        "publishable": true,
        "geometry_status": "MISSING_IN_V07_WORKBOOK",
        "geometry_sources": [],
        "alternate_geometry_anchors": [],
        "score_v03": 91,
        "core_use_count": 0,
        "special_use_count": 0,
        "support_roles": [],
        "support_definitions": [],
        "quest_refs": [],
        "quest_stations": [],
        "quest_step_refs": [],
        "npc_refs": [],
        "enemy_refs": [],
        "enemy_hook": "Elefante Minerveo",
        "rationale": "Nicht als Pflichtort; nur nach neuer Evidenz neu bewerten.",
        "source_urls": [],
        "map_urls": [],
        "geofence": {
          "interaction_radius_m": 15,
          "exit_hysteresis_radius_m": 25,
          "discovery_radius_m": 55
        }
      }
    },
    {
      "type": "Feature",
      "id": "location:place_day_1_obelisco_di_antinoo",
      "geometry": {
        "type": "Point",
        "coordinates": [
          12.479749,
          41.9108092
        ]
      },
      "properties": {
        "feature_type": "location_candidate",
        "candidate_id": "place_day_1_obelisco_di_antinoo",
        "name": "Obelisco di Antinoo",
        "day": "DAY_1",
        "cluster": "D1_POPOLO_PINCIO_SPAGNA",
        "decision": "KERNQUEST",
        "active_in_v08": true,
        "traffic_light": "GRUEN",
        "research_status": "GRUEN_PARKZUGANG",
        "content_status": "APPROVED",
        "publishable": true,
        "geometry_status": "COORDINATE_FROM_V07_WORKBOOK",
        "geometry_sources": [
          "Ortszuordnung"
        ],
        "alternate_geometry_anchors": [],
        "score_v03": 91,
        "core_use_count": 1,
        "special_use_count": 0,
        "support_roles": [],
        "support_definitions": [],
        "quest_refs": [
          "D1-Q04"
        ],
        "quest_stations": [
          {
            "quest_id": "D1-Q04",
            "quest_type": "REGULAER",
            "sequence": 1,
            "role": "START / ERSTER HINWEIS",
            "observable_evidence": "Hieroglyphen auf allen Schaftseiten und deutliche Obeliskform.",
            "location_question": "Welche Art von Schriftzeichen bedeckt den Schaft?",
            "expected_answer": "Hieroglyphen",
            "access_fallback_note": "V03-Punkt; VISUAL_EVIDENCE_NOT_YET_VERIFIED|CROWDING_RISK",
            "enemy_hook": "Ombra di Antinoo"
          }
        ],
        "quest_step_refs": [
          {
            "quest_id": "D1-Q04",
            "step_id": "D1-Q04-S01",
            "sequence": 1,
            "flow_phase": "DISCOVER",
            "step_action_type": "DISCOVER_NPC",
            "step_category": "FLOW_ACTION",
            "gdd_objective_type": null,
            "target_ref": "npc_seshat_pincio",
            "required": true
          },
          {
            "quest_id": "D1-Q04",
            "step_id": "D1-Q04-S02",
            "sequence": 2,
            "flow_phase": "DIALOGUE",
            "step_action_type": "TALK_TO_NPC",
            "step_category": "OBJECTIVE",
            "gdd_objective_type": "COMPLETE_DIALOGUE",
            "target_ref": "D1-Q04-OFFER",
            "required": true
          },
          {
            "quest_id": "D1-Q04",
            "step_id": "D1-Q04-S03",
            "sequence": 3,
            "flow_phase": "ACCEPT",
            "step_action_type": "ACCEPT_QUEST",
            "step_category": "FLOW_ACTION",
            "gdd_objective_type": null,
            "target_ref": "D1-Q04",
            "required": true
          },
          {
            "quest_id": "D1-Q04",
            "step_id": "D1-Q04-S04",
            "sequence": 4,
            "flow_phase": "OBJECTIVE",
            "step_action_type": "ANSWER_QUESTION",
            "step_category": "OBJECTIVE",
            "gdd_objective_type": "SUBMIT_ANSWER",
            "target_ref": "OBS-D1-Q04-1",
            "required": true
          }
        ],
        "npc_refs": [
          {
            "npc_id": "npc_seshat_pincio",
            "name": "Seshat vom Pincio",
            "quest_id": "D1-Q04",
            "role": "QUEST_GIVER"
          }
        ],
        "enemy_refs": [],
        "enemy_hook": "Ombra di Antinoo",
        "rationale": "In regulärer Quest gruppiert; aktuelle Sicht und blinden Test vor Release abschließen.",
        "source_urls": [
          "https://it.wikipedia.org/wiki/Obelisco_del_Pincio"
        ],
        "map_urls": [
          "https://www.google.com/maps/search/?api=1&query=41.9108092,12.479749"
        ],
        "geofence": {
          "interaction_radius_m": 15,
          "exit_hysteresis_radius_m": 25,
          "discovery_radius_m": 55
        }
      }
    },
    {
      "type": "Feature",
      "id": "location:place_day_1_obelisco_di_montecitorio",
      "geometry": {
        "type": "Point",
        "coordinates": [
          12.4786653,
          41.9006787
        ]
      },
      "properties": {
        "feature_type": "location_candidate",
        "candidate_id": "place_day_1_obelisco_di_montecitorio",
        "name": "Obelisco di Montecitorio",
        "day": "DAY_1",
        "cluster": "D1_NAVONA_PANTHEON",
        "decision": "KERNQUEST",
        "active_in_v08": true,
        "traffic_light": "GRUEN",
        "research_status": "GRUEN_KONZEPTREIF",
        "content_status": "APPROVED",
        "publishable": true,
        "geometry_status": "COORDINATE_FROM_V07_WORKBOOK",
        "geometry_sources": [
          "Ortszuordnung",
          "Unique Gegner.Google Maps"
        ],
        "alternate_geometry_anchors": [],
        "score_v03": 91,
        "core_use_count": 1,
        "special_use_count": 0,
        "support_roles": [],
        "support_definitions": [],
        "quest_refs": [
          "D1-Q08"
        ],
        "quest_stations": [
          {
            "quest_id": "D1-Q08",
            "quest_type": "REGULAER",
            "sequence": 1,
            "role": "START / ERSTER HINWEIS",
            "observable_evidence": "Monumentaler Schaft mit Hieroglyphen und einer Metallkugel an der Spitze.",
            "location_question": "Welche Schriftzeichen bedecken den Schaft des Obelisken?",
            "expected_answer": "Ägyptische Hieroglyphen",
            "access_fallback_note": "V03-Punkt; VISUAL_EVIDENCE_NOT_YET_VERIFIED|CROWDING_RISK",
            "enemy_hook": null
          }
        ],
        "quest_step_refs": [
          {
            "quest_id": "D1-Q08",
            "step_id": "D1-Q08-S01",
            "sequence": 1,
            "flow_phase": "DISCOVER",
            "step_action_type": "DISCOVER_NPC",
            "step_category": "FLOW_ACTION",
            "gdd_objective_type": null,
            "target_ref": "npc_cassius_archivar",
            "required": true
          },
          {
            "quest_id": "D1-Q08",
            "step_id": "D1-Q08-S02",
            "sequence": 2,
            "flow_phase": "DIALOGUE",
            "step_action_type": "TALK_TO_NPC",
            "step_category": "OBJECTIVE",
            "gdd_objective_type": "COMPLETE_DIALOGUE",
            "target_ref": "D1-Q08-OFFER",
            "required": true
          },
          {
            "quest_id": "D1-Q08",
            "step_id": "D1-Q08-S03",
            "sequence": 3,
            "flow_phase": "ACCEPT",
            "step_action_type": "ACCEPT_QUEST",
            "step_category": "FLOW_ACTION",
            "gdd_objective_type": null,
            "target_ref": "D1-Q08",
            "required": true
          },
          {
            "quest_id": "D1-Q08",
            "step_id": "D1-Q08-S04",
            "sequence": 4,
            "flow_phase": "OBJECTIVE",
            "step_action_type": "ANSWER_QUESTION",
            "step_category": "OBJECTIVE",
            "gdd_objective_type": "SUBMIT_ANSWER",
            "target_ref": "OBS-D1-Q08-1",
            "required": true
          }
        ],
        "npc_refs": [
          {
            "npc_id": "npc_cassius_archivar",
            "name": "Cassius Spiralis",
            "quest_id": "D1-Q08",
            "role": "QUEST_GIVER"
          }
        ],
        "enemy_refs": [
          "UE-D1-05"
        ],
        "enemy_hook": "Ombra dell’Horologium",
        "rationale": "In regulärer Quest gruppiert; aktuelle Sicht und blinden Test vor Release abschließen.",
        "source_urls": [
          "https://it.wikipedia.org/wiki/Obelisco_di_Montecitorio"
        ],
        "map_urls": [
          "https://www.google.com/maps/search/?api=1&query=41.9006787,12.4786653"
        ],
        "geofence": {
          "interaction_radius_m": 15,
          "exit_hysteresis_radius_m": 25,
          "discovery_radius_m": 55
        }
      }
    },
    {
      "type": "Feature",
      "id": "location:place_day_1_obelisco_flaminio",
      "geometry": {
        "type": "Point",
        "coordinates": [
          12.4763431,
          41.9107077
        ]
      },
      "properties": {
        "feature_type": "location_candidate",
        "candidate_id": "place_day_1_obelisco_flaminio",
        "name": "Obelisco Flaminio",
        "day": "DAY_1",
        "cluster": "D1_POPOLO_PINCIO_SPAGNA",
        "decision": "KERNQUEST",
        "active_in_v08": true,
        "traffic_light": "GRUEN",
        "research_status": "GRUEN_KONZEPTREIF",
        "content_status": "APPROVED",
        "publishable": true,
        "geometry_status": "COORDINATE_FROM_V07_WORKBOOK",
        "geometry_sources": [
          "Ortszuordnung",
          "Unique Gegner.Google Maps"
        ],
        "alternate_geometry_anchors": [],
        "score_v03": 87,
        "core_use_count": 1,
        "special_use_count": 0,
        "support_roles": [],
        "support_definitions": [],
        "quest_refs": [
          "D1-Q03"
        ],
        "quest_stations": [
          {
            "quest_id": "D1-Q03",
            "quest_type": "REGULAER",
            "sequence": 2,
            "role": "ZWISCHENSTATION",
            "observable_evidence": "Vier monumentale Löwenbrunnen unmittelbar um den Sockel.",
            "location_question": "Wie viele Löwenbrunnen stehen rund um den Sockel des Obelisken?",
            "expected_answer": "Vier",
            "access_fallback_note": "V03-Punkt; VISUAL_EVIDENCE_NOT_YET_VERIFIED|CROWDING_RISK",
            "enemy_hook": null
          }
        ],
        "quest_step_refs": [
          {
            "quest_id": "D1-Q03",
            "step_id": "D1-Q03-S05",
            "sequence": 5,
            "flow_phase": "OBJECTIVE",
            "step_action_type": "REACH_LOCATION",
            "step_category": "OBJECTIVE",
            "gdd_objective_type": "REACH_LOCATION",
            "target_ref": "place_day_1_obelisco_flaminio",
            "required": true
          },
          {
            "quest_id": "D1-Q03",
            "step_id": "D1-Q03-S06",
            "sequence": 6,
            "flow_phase": "OBJECTIVE",
            "step_action_type": "ANSWER_QUESTION",
            "step_category": "OBJECTIVE",
            "gdd_objective_type": "SUBMIT_ANSWER",
            "target_ref": "OBS-D1-Q03-2",
            "required": true
          },
          {
            "quest_id": "D1-Q03",
            "step_id": "D1-Q03-S07",
            "sequence": 7,
            "flow_phase": "OBJECTIVE",
            "step_action_type": "NAVIGATION_CHALLENGE",
            "step_category": "OBJECTIVE",
            "gdd_objective_type": "REACH_LOCATION",
            "target_ref": "NAV-D1-Q03",
            "required": true
          }
        ],
        "npc_refs": [],
        "enemy_refs": [
          "UE-D1-02"
        ],
        "enemy_hook": "Leone del Flaminio",
        "rationale": "In regulärer Quest gruppiert; aktuelle Sicht und blinden Test vor Release abschließen.",
        "source_urls": [
          "https://en.wikipedia.org/wiki/Flaminio_Obelisk"
        ],
        "map_urls": [
          "https://www.google.com/maps/search/?api=1&query=41.9107077,12.4763431"
        ],
        "geofence": {
          "interaction_radius_m": 15,
          "exit_hysteresis_radius_m": 25,
          "discovery_radius_m": 55
        }
      }
    },
    {
      "type": "Feature",
      "id": "location:place_day_1_obelisco_macuteo",
      "geometry": {
        "type": "Point",
        "coordinates": [
          12.4767399,
          41.8993124
        ]
      },
      "properties": {
        "feature_type": "location_candidate",
        "candidate_id": "place_day_1_obelisco_macuteo",
        "name": "Obelisco Macuteo",
        "day": "DAY_1",
        "cluster": "D1_NAVONA_PANTHEON",
        "decision": "KERNQUEST",
        "active_in_v08": true,
        "traffic_light": "GRUEN",
        "research_status": "GRUEN_MENSCHENMENGE",
        "content_status": "APPROVED",
        "publishable": true,
        "geometry_status": "COORDINATE_FROM_V07_WORKBOOK",
        "geometry_sources": [
          "Ortszuordnung"
        ],
        "alternate_geometry_anchors": [],
        "score_v03": 91,
        "core_use_count": 1,
        "special_use_count": 0,
        "support_roles": [],
        "support_definitions": [],
        "quest_refs": [
          "D1-Q07"
        ],
        "quest_stations": [
          {
            "quest_id": "D1-Q07",
            "quest_type": "REGULAER",
            "sequence": 2,
            "role": "ABSCHLUSS",
            "observable_evidence": "Obelisk mit Hieroglyphen, der sichtbar aus der Brunnenanlage der Piazza della Rotonda aufragt.",
            "location_question": "Auf welchem Bauwerk steht der Obelisco Macuteo heute?",
            "expected_answer": "Auf einem Brunnen",
            "access_fallback_note": "V03-Punkt; VISUAL_EVIDENCE_NOT_YET_VERIFIED",
            "enemy_hook": "Mummia dell’Iseo"
          }
        ],
        "quest_step_refs": [
          {
            "quest_id": "D1-Q07",
            "step_id": "D1-Q07-S10",
            "sequence": 10,
            "flow_phase": "COMPLETE",
            "step_action_type": "TALK_TO_NPC",
            "step_category": "OBJECTIVE",
            "gdd_objective_type": "COMPLETE_DIALOGUE",
            "target_ref": "D1-Q07-COMPLETE",
            "required": true
          },
          {
            "quest_id": "D1-Q07",
            "step_id": "D1-Q07-S05",
            "sequence": 5,
            "flow_phase": "OBJECTIVE",
            "step_action_type": "REACH_LOCATION",
            "step_category": "OBJECTIVE",
            "gdd_objective_type": "REACH_LOCATION",
            "target_ref": "place_day_1_obelisco_macuteo",
            "required": true
          },
          {
            "quest_id": "D1-Q07",
            "step_id": "D1-Q07-S06",
            "sequence": 6,
            "flow_phase": "OBJECTIVE",
            "step_action_type": "ANSWER_QUESTION",
            "step_category": "OBJECTIVE",
            "gdd_objective_type": "SUBMIT_ANSWER",
            "target_ref": "OBS-D1-Q07-2",
            "required": true
          },
          {
            "quest_id": "D1-Q07",
            "step_id": "D1-Q07-S07",
            "sequence": 7,
            "flow_phase": "OBJECTIVE",
            "step_action_type": "SOLVE_PUZZLE",
            "step_category": "OBJECTIVE",
            "gdd_objective_type": "SUBMIT_ANSWER",
            "target_ref": "PZ-D1-Q07",
            "required": true
          },
          {
            "quest_id": "D1-Q07",
            "step_id": "D1-Q07-S08",
            "sequence": 8,
            "flow_phase": "OBJECTIVE",
            "step_action_type": "USE_ITEM",
            "step_category": "OBJECTIVE",
            "gdd_objective_type": "DELIVER_ITEM",
            "target_ref": "qi_tabula_agrippae",
            "required": true
          },
          {
            "quest_id": "D1-Q07",
            "step_id": "D1-Q07-S09",
            "sequence": 9,
            "flow_phase": "BONUS_OBJECTIVE",
            "step_action_type": "DEFEAT_ENEMY",
            "step_category": "OBJECTIVE",
            "gdd_objective_type": "COMPLETE_ENCOUNTER",
            "target_ref": "enemy:quest:D1-Q07-S09",
            "required": false
          }
        ],
        "npc_refs": [],
        "enemy_refs": [],
        "enemy_hook": "Mummia dell’Iseo",
        "rationale": "In regulärer Quest gruppiert; aktuelle Sicht und blinden Test vor Release abschließen.",
        "source_urls": [
          "https://it.wikipedia.org/wiki/Obelisco_del_Pantheon"
        ],
        "map_urls": [
          "https://www.google.com/maps/search/?api=1&query=41.8993124,12.4767399"
        ],
        "geofence": {
          "interaction_radius_m": 15,
          "exit_hysteresis_radius_m": 25,
          "discovery_radius_m": 55
        }
      }
    },
    {
      "type": "Feature",
      "id": "location:place_day_1_palazzo_del_quirinale",
      "geometry": {
        "type": "Point",
        "coordinates": [
          12.4876143,
          41.9006627
        ]
      },
      "properties": {
        "feature_type": "location_candidate",
        "candidate_id": "place_day_1_palazzo_del_quirinale",
        "name": "Quirinalspalast",
        "day": "DAY_1",
        "cluster": "D1_TREVI_QUIRINALE",
        "decision": "KERNQUEST",
        "active_in_v08": true,
        "traffic_light": "GRUEN",
        "research_status": "GRUEN_SICHERHEITSABSTAND",
        "content_status": "APPROVED",
        "publishable": true,
        "geometry_status": "COORDINATE_FROM_V07_WORKBOOK",
        "geometry_sources": [
          "Ortszuordnung"
        ],
        "alternate_geometry_anchors": [],
        "score_v03": 80,
        "core_use_count": 1,
        "special_use_count": 0,
        "support_roles": [],
        "support_definitions": [],
        "quest_refs": [
          "D1-Q10"
        ],
        "quest_stations": [
          {
            "quest_id": "D1-Q10",
            "quest_type": "REGULAER",
            "sequence": 3,
            "role": "ABSCHLUSS",
            "observable_evidence": "Monumentale lange Palastfassade und Hauptportal an der öffentlich zugänglichen Piazza del Quirinale.",
            "location_question": "Welche heutige staatliche Institution nutzt den Quirinalspalast?",
            "expected_answer": "Der Präsident der Italienischen Republik",
            "access_fallback_note": "V03-Punkt; Keine Annäherung an Wachen oder Eingang verlangen; Trigger auf der freien Platzfläche.",
            "enemy_hook": "Corazziere del Colle"
          }
        ],
        "quest_step_refs": [
          {
            "quest_id": "D1-Q10",
            "step_id": "D1-Q10-S10",
            "sequence": 10,
            "flow_phase": "OBJECTIVE",
            "step_action_type": "TEAM_DECISION",
            "step_category": "OBJECTIVE",
            "gdd_objective_type": "COMPLETE_DIALOGUE",
            "target_ref": "D1-Q10-COMPLETE",
            "required": true
          },
          {
            "quest_id": "D1-Q10",
            "step_id": "D1-Q10-S11",
            "sequence": 11,
            "flow_phase": "BONUS_OBJECTIVE",
            "step_action_type": "DEFEAT_ENEMY",
            "step_category": "OBJECTIVE",
            "gdd_objective_type": "COMPLETE_ENCOUNTER",
            "target_ref": "enemy:quest:D1-Q10-S11",
            "required": false
          },
          {
            "quest_id": "D1-Q10",
            "step_id": "D1-Q10-S12",
            "sequence": 12,
            "flow_phase": "COMPLETE",
            "step_action_type": "TALK_TO_NPC",
            "step_category": "OBJECTIVE",
            "gdd_objective_type": "COMPLETE_DIALOGUE",
            "target_ref": "D1-Q10-COMPLETE",
            "required": true
          },
          {
            "quest_id": "D1-Q10",
            "step_id": "D1-Q10-S07",
            "sequence": 7,
            "flow_phase": "OBJECTIVE",
            "step_action_type": "REACH_LOCATION",
            "step_category": "OBJECTIVE",
            "gdd_objective_type": "REACH_LOCATION",
            "target_ref": "place_day_1_palazzo_del_quirinale",
            "required": true
          },
          {
            "quest_id": "D1-Q10",
            "step_id": "D1-Q10-S08",
            "sequence": 8,
            "flow_phase": "OBJECTIVE",
            "step_action_type": "ANSWER_QUESTION",
            "step_category": "OBJECTIVE",
            "gdd_objective_type": "SUBMIT_ANSWER",
            "target_ref": "OBS-D1-Q10-3",
            "required": true
          },
          {
            "quest_id": "D1-Q10",
            "step_id": "D1-Q10-S09",
            "sequence": 9,
            "flow_phase": "OBJECTIVE",
            "step_action_type": "SOLVE_PUZZLE",
            "step_category": "OBJECTIVE",
            "gdd_objective_type": "SUBMIT_ANSWER",
            "target_ref": "PZ-D1-Q10",
            "required": true
          }
        ],
        "npc_refs": [],
        "enemy_refs": [],
        "enemy_hook": "Corazziere del Colle",
        "rationale": "In regulärer Quest gruppiert; aktuelle Sicht und blinden Test vor Release abschließen.",
        "source_urls": [
          "https://palazzo.quirinale.it/palazzo_en.html"
        ],
        "map_urls": [
          "https://www.google.com/maps/search/?api=1&query=41.9006627,12.4876143"
        ],
        "geofence": {
          "interaction_radius_m": 15,
          "exit_hysteresis_radius_m": 25,
          "discovery_radius_m": 55
        }
      }
    },
    {
      "type": "Feature",
      "id": "location:place_day_1_palazzo_farnese",
      "geometry": {
        "type": "Point",
        "coordinates": [
          12.4706818,
          41.8946528
        ]
      },
      "properties": {
        "feature_type": "location_candidate",
        "candidate_id": "place_day_1_palazzo_farnese",
        "name": "Palazzo Farnese",
        "day": "DAY_1",
        "cluster": "D1_CAMPO_REGOLA_GHETTO",
        "decision": "KERNQUEST",
        "active_in_v08": true,
        "traffic_light": "GELB",
        "research_status": "GELB_SICHERHEITSBEREICH",
        "content_status": "APPROVED",
        "publishable": true,
        "geometry_status": "COORDINATE_FROM_V07_WORKBOOK",
        "geometry_sources": [
          "Ortszuordnung"
        ],
        "alternate_geometry_anchors": [],
        "score_v03": 88,
        "core_use_count": 1,
        "special_use_count": 0,
        "support_roles": [],
        "support_definitions": [],
        "quest_refs": [
          "D1-Q12"
        ],
        "quest_stations": [
          {
            "quest_id": "D1-Q12",
            "quest_type": "REGULAER",
            "sequence": 2,
            "role": "ZWISCHENSTATION",
            "observable_evidence": "Großes päpstliches Wappen über dem Mittelportal und wiederkehrende Lilienmotive.",
            "location_question": "Welches heraldische Symbol wiederholt sich im Farnese-Wappen?",
            "expected_answer": "Die Lilie",
            "access_fallback_note": "V03-Punkt; Botschaftsgebäude: keine längere Gruppenblockade direkt vor dem Eingang; gegenüberstehenden Blickpunkt wählen.",
            "enemy_hook": null
          }
        ],
        "quest_step_refs": [
          {
            "quest_id": "D1-Q12",
            "step_id": "D1-Q12-S05",
            "sequence": 5,
            "flow_phase": "OBJECTIVE",
            "step_action_type": "REACH_LOCATION",
            "step_category": "OBJECTIVE",
            "gdd_objective_type": "REACH_LOCATION",
            "target_ref": "place_day_1_palazzo_farnese",
            "required": true
          },
          {
            "quest_id": "D1-Q12",
            "step_id": "D1-Q12-S06",
            "sequence": 6,
            "flow_phase": "OBJECTIVE",
            "step_action_type": "ANSWER_QUESTION",
            "step_category": "OBJECTIVE",
            "gdd_objective_type": "SUBMIT_ANSWER",
            "target_ref": "OBS-D1-Q12-2",
            "required": true
          }
        ],
        "npc_refs": [],
        "enemy_refs": [],
        "enemy_hook": null,
        "rationale": "In regulärer Quest gruppiert; aktuelle Sicht und blinden Test vor Release abschließen.",
        "source_urls": [
          "https://it.wikipedia.org/wiki/Palazzo_Farnese_(Roma)"
        ],
        "map_urls": [
          "https://www.google.com/maps/search/?api=1&query=41.8946528,12.4706818"
        ],
        "geofence": {
          "interaction_radius_m": 15,
          "exit_hysteresis_radius_m": 25,
          "discovery_radius_m": 55
        }
      }
    },
    {
      "type": "Feature",
      "id": "location:place_day_1_pantheon",
      "geometry": {
        "type": "Point",
        "coordinates": [
          12.4768335,
          41.8986261
        ]
      },
      "properties": {
        "feature_type": "location_candidate",
        "candidate_id": "place_day_1_pantheon",
        "name": "Pantheon",
        "day": "DAY_1",
        "cluster": "D1_NAVONA_PANTHEON",
        "decision": "KERNQUEST",
        "active_in_v08": true,
        "traffic_light": "GRUEN",
        "research_status": "GRUEN_AUSSENPUNKT",
        "content_status": "APPROVED",
        "publishable": true,
        "geometry_status": "COORDINATE_FROM_V07_WORKBOOK",
        "geometry_sources": [
          "Ortszuordnung"
        ],
        "alternate_geometry_anchors": [],
        "score_v03": 83,
        "core_use_count": 1,
        "special_use_count": 0,
        "support_roles": [],
        "support_definitions": [],
        "quest_refs": [
          "D1-Q07"
        ],
        "quest_stations": [
          {
            "quest_id": "D1-Q07",
            "quest_type": "REGULAER",
            "sequence": 1,
            "role": "START / ERSTER HINWEIS",
            "observable_evidence": "Sehr große lateinische Inschrift über dem Portikus; vollständig vom öffentlichen Platz lesbar.",
            "location_question": "Welcher Name steht in der obersten Zeile der großen Inschrift über dem Eingang?",
            "expected_answer": "AGRIPPA",
            "access_fallback_note": "V03-Punkt; Trigger auf Piazza della Rotonda legen; kein Eintritt und keine Innenfrage.",
            "enemy_hook": "Mummia dell’Iseo"
          }
        ],
        "quest_step_refs": [
          {
            "quest_id": "D1-Q07",
            "step_id": "D1-Q07-S01",
            "sequence": 1,
            "flow_phase": "DISCOVER",
            "step_action_type": "DISCOVER_NPC",
            "step_category": "FLOW_ACTION",
            "gdd_objective_type": null,
            "target_ref": "npc_agrippa_echo",
            "required": true
          },
          {
            "quest_id": "D1-Q07",
            "step_id": "D1-Q07-S02",
            "sequence": 2,
            "flow_phase": "DIALOGUE",
            "step_action_type": "TALK_TO_NPC",
            "step_category": "OBJECTIVE",
            "gdd_objective_type": "COMPLETE_DIALOGUE",
            "target_ref": "D1-Q07-OFFER",
            "required": true
          },
          {
            "quest_id": "D1-Q07",
            "step_id": "D1-Q07-S03",
            "sequence": 3,
            "flow_phase": "ACCEPT",
            "step_action_type": "ACCEPT_QUEST",
            "step_category": "FLOW_ACTION",
            "gdd_objective_type": null,
            "target_ref": "D1-Q07",
            "required": true
          },
          {
            "quest_id": "D1-Q07",
            "step_id": "D1-Q07-S04",
            "sequence": 4,
            "flow_phase": "OBJECTIVE",
            "step_action_type": "ANSWER_QUESTION",
            "step_category": "OBJECTIVE",
            "gdd_objective_type": "SUBMIT_ANSWER",
            "target_ref": "OBS-D1-Q07-1",
            "required": true
          }
        ],
        "npc_refs": [
          {
            "npc_id": "npc_agrippa_echo",
            "name": "Marcus Agrippa – Echo der Inschrift",
            "quest_id": "D1-Q07",
            "role": "QUEST_GIVER"
          }
        ],
        "enemy_refs": [],
        "enemy_hook": null,
        "rationale": "In regulärer Quest gruppiert; aktuelle Sicht und blinden Test vor Release abschließen.",
        "source_urls": [
          "https://www.turismoroma.it/it/luoghi/pantheon"
        ],
        "map_urls": [
          "https://www.google.com/maps/search/?api=1&query=41.8986261,12.4768335"
        ],
        "geofence": {
          "interaction_radius_m": 15,
          "exit_hysteresis_radius_m": 25,
          "discovery_radius_m": 55
        }
      }
    },
    {
      "type": "Feature",
      "id": "location:place_day_1_passetto_di_borgo",
      "geometry": {
        "type": "Point",
        "coordinates": [
          12.4610723,
          41.9032733
        ]
      },
      "properties": {
        "feature_type": "location_candidate",
        "candidate_id": "place_day_1_passetto_di_borgo",
        "name": "Passetto di Borgo",
        "day": "DAY_1",
        "cluster": "D1_VATICANO_PRATI_BORGO",
        "decision": "KERNQUEST",
        "active_in_v08": true,
        "traffic_light": "GRUEN",
        "research_status": "GRUEN_MIT_BLICKPUNKT",
        "content_status": "APPROVED",
        "publishable": true,
        "geometry_status": "COORDINATE_FROM_V07_WORKBOOK",
        "geometry_sources": [
          "Ortszuordnung"
        ],
        "alternate_geometry_anchors": [],
        "score_v03": 90,
        "core_use_count": 1,
        "special_use_count": 0,
        "support_roles": [],
        "support_definitions": [],
        "quest_refs": [
          "D1-Q01"
        ],
        "quest_stations": [
          {
            "quest_id": "D1-Q01",
            "quest_type": "REGULAER",
            "sequence": 2,
            "role": "ZWISCHENSTATION",
            "observable_evidence": "Langer, geschlossener Maueraufbau mit kleinen Öffnungen; vom öffentlichen Straßenraum sichtbar.",
            "location_question": "Wo verläuft der befestigte Verbindungsgang des Passetto?",
            "expected_answer": "Auf der Mauer",
            "access_fallback_note": "V03-Punkt; Exakten Gehsteig-Blickpunkt im Dossier verwenden; der begehbare Passetto selbst ist nicht erforderlich.",
            "enemy_hook": "Schatten des Passetto"
          }
        ],
        "quest_step_refs": [
          {
            "quest_id": "D1-Q01",
            "step_id": "D1-Q01-S05",
            "sequence": 5,
            "flow_phase": "OBJECTIVE",
            "step_action_type": "REACH_LOCATION",
            "step_category": "OBJECTIVE",
            "gdd_objective_type": "REACH_LOCATION",
            "target_ref": "place_day_1_passetto_di_borgo",
            "required": true
          },
          {
            "quest_id": "D1-Q01",
            "step_id": "D1-Q01-S06",
            "sequence": 6,
            "flow_phase": "OBJECTIVE",
            "step_action_type": "ANSWER_QUESTION",
            "step_category": "OBJECTIVE",
            "gdd_objective_type": "SUBMIT_ANSWER",
            "target_ref": "OBS-D1-Q01-2",
            "required": true
          }
        ],
        "npc_refs": [],
        "enemy_refs": [],
        "enemy_hook": null,
        "rationale": "In regulärer Quest gruppiert; aktuelle Sicht und blinden Test vor Release abschließen.",
        "source_urls": [
          "https://www.turismoroma.it/en/places/passetto-di-borgo"
        ],
        "map_urls": [
          "https://www.google.com/maps/search/?api=1&query=41.9032733,12.4610723"
        ],
        "geofence": {
          "interaction_radius_m": 15,
          "exit_hysteresis_radius_m": 25,
          "discovery_radius_m": 55
        }
      }
    },
    {
      "type": "Feature",
      "id": "location:place_day_1_piazza_del_popolo",
      "geometry": {
        "type": "Point",
        "coordinates": [
          12.4763454,
          41.9107491
        ]
      },
      "properties": {
        "feature_type": "location_candidate",
        "candidate_id": "place_day_1_piazza_del_popolo",
        "name": "Piazza del Popolo",
        "day": "DAY_1",
        "cluster": "D1_POPOLO_PINCIO_SPAGNA",
        "decision": "KERNQUEST",
        "active_in_v08": true,
        "traffic_light": "GRUEN",
        "research_status": "GRUEN_KONZEPTREIF",
        "content_status": "APPROVED",
        "publishable": true,
        "geometry_status": "COORDINATE_FROM_V07_WORKBOOK",
        "geometry_sources": [
          "Ortszuordnung",
          "Supportpunkte.Google Maps"
        ],
        "alternate_geometry_anchors": [],
        "score_v03": 89,
        "core_use_count": 1,
        "special_use_count": 0,
        "support_roles": [
          "REVIVE_POINT_CANDIDATE"
        ],
        "support_definitions": [
          {
            "function": "Wiederbelebung / Sammelpunkt",
            "risk": "VISUAL_EVIDENCE_NOT_YET_VERIFIED|CROWDING_RISK",
            "recommendation": "ALS_SEPARATEN_SUPPORTPUNKT_BEHALTEN"
          }
        ],
        "quest_refs": [
          "D1-Q03"
        ],
        "quest_stations": [
          {
            "quest_id": "D1-Q03",
            "quest_type": "REGULAER",
            "sequence": 1,
            "role": "START / ERSTER HINWEIS",
            "observable_evidence": "Zwei große Kuppelkirchen am südlichen Platzende und drei radial ausgehende Straßen.",
            "location_question": "Wie viele nahezu spiegelbildliche Kuppelkirchen flankieren den Beginn der Via del Corso?",
            "expected_answer": "Zwei",
            "access_fallback_note": "V03-Punkt; VISUAL_EVIDENCE_NOT_YET_VERIFIED|CROWDING_RISK",
            "enemy_hook": null
          }
        ],
        "quest_step_refs": [
          {
            "quest_id": "D1-Q03",
            "step_id": "D1-Q03-S01",
            "sequence": 1,
            "flow_phase": "DISCOVER",
            "step_action_type": "DISCOVER_NPC",
            "step_category": "FLOW_ACTION",
            "gdd_objective_type": null,
            "target_ref": "npc_flaminia_trivium",
            "required": true
          },
          {
            "quest_id": "D1-Q03",
            "step_id": "D1-Q03-S02",
            "sequence": 2,
            "flow_phase": "DIALOGUE",
            "step_action_type": "TALK_TO_NPC",
            "step_category": "OBJECTIVE",
            "gdd_objective_type": "COMPLETE_DIALOGUE",
            "target_ref": "D1-Q03-OFFER",
            "required": true
          },
          {
            "quest_id": "D1-Q03",
            "step_id": "D1-Q03-S03",
            "sequence": 3,
            "flow_phase": "ACCEPT",
            "step_action_type": "ACCEPT_QUEST",
            "step_category": "FLOW_ACTION",
            "gdd_objective_type": null,
            "target_ref": "D1-Q03",
            "required": true
          },
          {
            "quest_id": "D1-Q03",
            "step_id": "D1-Q03-S04",
            "sequence": 4,
            "flow_phase": "OBJECTIVE",
            "step_action_type": "ANSWER_QUESTION",
            "step_category": "OBJECTIVE",
            "gdd_objective_type": "SUBMIT_ANSWER",
            "target_ref": "OBS-D1-Q03-1",
            "required": true
          }
        ],
        "npc_refs": [
          {
            "npc_id": "npc_flaminia_trivium",
            "name": "Flaminia vom Dreizack",
            "quest_id": "D1-Q03",
            "role": "QUEST_GIVER"
          }
        ],
        "enemy_refs": [],
        "enemy_hook": null,
        "rationale": "In regulärer Quest gruppiert; aktuelle Sicht und blinden Test vor Release abschließen.",
        "source_urls": [
          "https://en.wikipedia.org/wiki/Piazza_del_Popolo"
        ],
        "map_urls": [
          "https://www.google.com/maps/search/?api=1&query=41.9107491,12.4763454"
        ],
        "geofence": {
          "interaction_radius_m": 15,
          "exit_hysteresis_radius_m": 25,
          "discovery_radius_m": 55
        }
      }
    },
    {
      "type": "Feature",
      "id": "location:place_day_1_piazza_del_teatro_di_pompeo",
      "geometry": null,
      "properties": {
        "feature_type": "location_candidate",
        "candidate_id": "place_day_1_piazza_del_teatro_di_pompeo",
        "name": "Piazza del Teatro di Pompeo",
        "day": "DAY_1",
        "cluster": "D1_CAMPO_REGOLA_GHETTO",
        "decision": "AUSSCHLUSS",
        "active_in_v08": false,
        "traffic_light": "ROT",
        "research_status": "ROT_NICHT_ALS_PFLICHT",
        "content_status": "APPROVED",
        "publishable": true,
        "geometry_status": "MISSING_IN_V07_WORKBOOK",
        "geometry_sources": [],
        "alternate_geometry_anchors": [],
        "score_v03": 89,
        "core_use_count": 0,
        "special_use_count": 0,
        "support_roles": [],
        "support_definitions": [],
        "quest_refs": [],
        "quest_stations": [],
        "quest_step_refs": [],
        "npc_refs": [],
        "enemy_refs": [],
        "enemy_hook": "Pugnale della Curia",
        "rationale": "Nicht als Pflichtort; nur nach neuer Evidenz neu bewerten.",
        "source_urls": [],
        "map_urls": [],
        "geofence": {
          "interaction_radius_m": 15,
          "exit_hysteresis_radius_m": 25,
          "discovery_radius_m": 55
        }
      }
    },
    {
      "type": "Feature",
      "id": "location:place_day_1_piazza_di_santa_maria_in_trastevere",
      "geometry": {
        "type": "Point",
        "coordinates": [
          12.4703092,
          41.8895605
        ]
      },
      "properties": {
        "feature_type": "location_candidate",
        "candidate_id": "place_day_1_piazza_di_santa_maria_in_trastevere",
        "name": "Piazza di Santa Maria in Trastevere",
        "day": "DAY_1",
        "cluster": "D1_TRASTEVERE_TIBER_ISLAND",
        "decision": "SUPPORT",
        "active_in_v08": true,
        "traffic_light": "GRUEN",
        "research_status": "GRUEN_REVIVE_PUNKT",
        "content_status": "APPROVED",
        "publishable": true,
        "geometry_status": "COORDINATE_FROM_V07_WORKBOOK",
        "geometry_sources": [
          "Supportpunkte.Google Maps"
        ],
        "alternate_geometry_anchors": [],
        "score_v03": 89,
        "core_use_count": 0,
        "special_use_count": 0,
        "support_roles": [
          "REVIVE_POINT_CANDIDATE"
        ],
        "support_definitions": [
          {
            "function": "Wiederbelebung / Sammelpunkt",
            "risk": "VISUAL_EVIDENCE_NOT_YET_VERIFIED",
            "recommendation": "ALS_SEPARATEN_SUPPORTPUNKT_BEHALTEN"
          }
        ],
        "quest_refs": [],
        "quest_stations": [],
        "quest_step_refs": [],
        "npc_refs": [],
        "enemy_refs": [],
        "enemy_hook": "Leone del Mosaico",
        "rationale": "Nur als Supportpunkt behalten; keine zusätzliche Pflichtquest.",
        "source_urls": [],
        "map_urls": [
          "https://www.google.com/maps/search/?api=1&query=41.8895605,12.4703092"
        ],
        "geofence": {
          "interaction_radius_m": 15,
          "exit_hysteresis_radius_m": 25,
          "discovery_radius_m": 55
        }
      }
    },
    {
      "type": "Feature",
      "id": "location:place_day_1_piazza_di_spagna",
      "geometry": {
        "type": "Point",
        "coordinates": [
          12.4822771,
          41.9056657
        ]
      },
      "properties": {
        "feature_type": "location_candidate",
        "candidate_id": "place_day_1_piazza_di_spagna",
        "name": "Spanischer Platz",
        "day": "DAY_1",
        "cluster": "D1_POPOLO_PINCIO_SPAGNA",
        "decision": "KERNQUEST",
        "active_in_v08": true,
        "traffic_light": "GRUEN",
        "research_status": "GRUEN_MENSCHENMENGE",
        "content_status": "APPROVED",
        "publishable": true,
        "geometry_status": "COORDINATE_FROM_V07_WORKBOOK",
        "geometry_sources": [
          "Ortszuordnung"
        ],
        "alternate_geometry_anchors": [],
        "score_v03": 89,
        "core_use_count": 1,
        "special_use_count": 0,
        "support_roles": [],
        "support_definitions": [],
        "quest_refs": [
          "D1-Q05"
        ],
        "quest_stations": [
          {
            "quest_id": "D1-Q05",
            "quest_type": "REGULAER",
            "sequence": 1,
            "role": "START / ERSTER HINWEIS",
            "observable_evidence": "Bootsförmiger Brunnen am Fuß der großen Freitreppe.",
            "location_question": "Welche Form hat der Brunnen am Fuß der Spanischen Treppe?",
            "expected_answer": "Ein Boot",
            "access_fallback_note": "V03-Punkt; Die sehr hohe Besucherzahl kann Zähl- und Bodenaufgaben stören; nur Großform verwenden.",
            "enemy_hook": null
          }
        ],
        "quest_step_refs": [
          {
            "quest_id": "D1-Q05",
            "step_id": "D1-Q05-S01",
            "sequence": 1,
            "flow_phase": "DISCOVER",
            "step_action_type": "DISCOVER_NPC",
            "step_category": "FLOW_ACTION",
            "gdd_objective_type": null,
            "target_ref": "npc_barcaccia",
            "required": true
          },
          {
            "quest_id": "D1-Q05",
            "step_id": "D1-Q05-S02",
            "sequence": 2,
            "flow_phase": "DIALOGUE",
            "step_action_type": "TALK_TO_NPC",
            "step_category": "OBJECTIVE",
            "gdd_objective_type": "COMPLETE_DIALOGUE",
            "target_ref": "D1-Q05-OFFER",
            "required": true
          },
          {
            "quest_id": "D1-Q05",
            "step_id": "D1-Q05-S03",
            "sequence": 3,
            "flow_phase": "ACCEPT",
            "step_action_type": "ACCEPT_QUEST",
            "step_category": "FLOW_ACTION",
            "gdd_objective_type": null,
            "target_ref": "D1-Q05",
            "required": true
          },
          {
            "quest_id": "D1-Q05",
            "step_id": "D1-Q05-S04",
            "sequence": 4,
            "flow_phase": "OBJECTIVE",
            "step_action_type": "ANSWER_QUESTION",
            "step_category": "OBJECTIVE",
            "gdd_objective_type": "SUBMIT_ANSWER",
            "target_ref": "OBS-D1-Q05-1",
            "required": true
          },
          {
            "quest_id": "D1-Q05",
            "step_id": "D1-Q05-S05",
            "sequence": 5,
            "flow_phase": "OBJECTIVE",
            "step_action_type": "SOLVE_PUZZLE",
            "step_category": "OBJECTIVE",
            "gdd_objective_type": "SUBMIT_ANSWER",
            "target_ref": "PZ-D1-Q05",
            "required": true
          },
          {
            "quest_id": "D1-Q05",
            "step_id": "D1-Q05-S06",
            "sequence": 6,
            "flow_phase": "COMPLETE",
            "step_action_type": "TALK_TO_NPC",
            "step_category": "OBJECTIVE",
            "gdd_objective_type": "COMPLETE_DIALOGUE",
            "target_ref": "D1-Q05-COMPLETE",
            "required": true
          }
        ],
        "npc_refs": [
          {
            "npc_id": "npc_barcaccia",
            "name": "La Barcaccia",
            "quest_id": "D1-Q05",
            "role": "QUEST_GIVER"
          }
        ],
        "enemy_refs": [],
        "enemy_hook": null,
        "rationale": "In regulärer Quest gruppiert; aktuelle Sicht und blinden Test vor Release abschließen.",
        "source_urls": [
          "https://it.wikipedia.org/wiki/Piazza_di_Spagna"
        ],
        "map_urls": [
          "https://www.google.com/maps/search/?api=1&query=41.9056657,12.4822771"
        ],
        "geofence": {
          "interaction_radius_m": 15,
          "exit_hysteresis_radius_m": 25,
          "discovery_radius_m": 55
        }
      }
    },
    {
      "type": "Feature",
      "id": "location:place_day_1_piazza_navona",
      "geometry": {
        "type": "Point",
        "coordinates": [
          12.4730991,
          41.8989256
        ]
      },
      "properties": {
        "feature_type": "location_candidate",
        "candidate_id": "place_day_1_piazza_navona",
        "name": "Piazza Navona",
        "day": "DAY_1",
        "cluster": "D1_NAVONA_PANTHEON",
        "decision": "KERNQUEST",
        "active_in_v08": true,
        "traffic_light": "GRUEN",
        "research_status": "GRUEN_MENSCHENMENGE",
        "content_status": "APPROVED",
        "publishable": true,
        "geometry_status": "COORDINATE_FROM_V07_WORKBOOK",
        "geometry_sources": [
          "Ortszuordnung",
          "Supportpunkte.Google Maps"
        ],
        "alternate_geometry_anchors": [],
        "score_v03": 93,
        "core_use_count": 1,
        "special_use_count": 1,
        "support_roles": [
          "MEDIA_QUEST_LOCATION",
          "LOCAL_MEDIA_QUEST",
          "REVIVE_POINT_CANDIDATE",
          "STORE_LOCATION_CANDIDATE",
          "CLASS_HISTORY_QUEST_ANCHOR"
        ],
        "support_definitions": [
          {
            "function": "Wiederbelebung / Sammelpunkt",
            "risk": "Für die Medienquest sind alle drei Brunnen als separate Fotostationen zu markieren.",
            "recommendation": "ALS_SEPARATEN_SUPPORTPUNKT_BEHALTEN"
          }
        ],
        "quest_refs": [
          "D1-Q06",
          "M-D1-03"
        ],
        "quest_stations": [
          {
            "quest_id": "D1-Q06",
            "quest_type": "REGULAER",
            "sequence": 1,
            "role": "START / ERSTER HINWEIS",
            "observable_evidence": "Drei weit auseinanderliegende Großbrunnen entlang der Platzachse.",
            "location_question": "Wie viele große Brunnen liegen entlang der Längsachse der Piazza Navona?",
            "expected_answer": "Drei",
            "access_fallback_note": "V03-Punkt; Für die Medienquest sind alle drei Brunnen als separate Fotostationen zu markieren.",
            "enemy_hook": null
          },
          {
            "quest_id": "M-D1-03",
            "quest_type": "MEDIA_LOCAL",
            "sequence": 1,
            "role": "START / ERSTER HINWEIS",
            "observable_evidence": "Drei weit auseinanderliegende Großbrunnen entlang der Platzachse.",
            "location_question": "Wie viele große Brunnen liegen entlang der Längsachse der Piazza Navona?",
            "expected_answer": "Drei",
            "access_fallback_note": "V03-Punkt; Für die Medienquest sind alle drei Brunnen als separate Fotostationen zu markieren.",
            "enemy_hook": null
          }
        ],
        "quest_step_refs": [
          {
            "quest_id": "D1-Q06",
            "step_id": "D1-Q06-S01",
            "sequence": 1,
            "flow_phase": "DISCOVER",
            "step_action_type": "DISCOVER_NPC",
            "step_category": "FLOW_ACTION",
            "gdd_objective_type": null,
            "target_ref": "npc_bernini_echo",
            "required": true
          },
          {
            "quest_id": "D1-Q06",
            "step_id": "D1-Q06-S02",
            "sequence": 2,
            "flow_phase": "DIALOGUE",
            "step_action_type": "TALK_TO_NPC",
            "step_category": "OBJECTIVE",
            "gdd_objective_type": "COMPLETE_DIALOGUE",
            "target_ref": "D1-Q06-OFFER",
            "required": true
          },
          {
            "quest_id": "D1-Q06",
            "step_id": "D1-Q06-S03",
            "sequence": 3,
            "flow_phase": "ACCEPT",
            "step_action_type": "ACCEPT_QUEST",
            "step_category": "FLOW_ACTION",
            "gdd_objective_type": null,
            "target_ref": "D1-Q06",
            "required": true
          },
          {
            "quest_id": "D1-Q06",
            "step_id": "D1-Q06-S04",
            "sequence": 4,
            "flow_phase": "OBJECTIVE",
            "step_action_type": "ANSWER_QUESTION",
            "step_category": "OBJECTIVE",
            "gdd_objective_type": "SUBMIT_ANSWER",
            "target_ref": "OBS-D1-Q06-1",
            "required": true
          },
          {
            "quest_id": "D1-Q06",
            "step_id": "D1-Q06-S05",
            "sequence": 5,
            "flow_phase": "OBJECTIVE",
            "step_action_type": "NAVIGATION_CHALLENGE",
            "step_category": "OBJECTIVE",
            "gdd_objective_type": "REACH_LOCATION",
            "target_ref": "NAV-D1-Q06",
            "required": true
          },
          {
            "quest_id": "M-D1-03",
            "step_id": "M-D1-03-S01",
            "sequence": 1,
            "flow_phase": "DISCOVER",
            "step_action_type": "DISCOVER_NPC",
            "step_category": "FLOW_ACTION",
            "gdd_objective_type": null,
            "target_ref": "npc_livia_lens",
            "required": true
          },
          {
            "quest_id": "M-D1-03",
            "step_id": "M-D1-03-S02",
            "sequence": 2,
            "flow_phase": "DIALOGUE",
            "step_action_type": "TALK_TO_NPC",
            "step_category": "OBJECTIVE",
            "gdd_objective_type": "COMPLETE_DIALOGUE",
            "target_ref": "M-D1-03-OFFER",
            "required": true
          },
          {
            "quest_id": "M-D1-03",
            "step_id": "M-D1-03-S03",
            "sequence": 3,
            "flow_phase": "ACCEPT",
            "step_action_type": "ACCEPT_QUEST",
            "step_category": "FLOW_ACTION",
            "gdd_objective_type": null,
            "target_ref": "M-D1-03",
            "required": true
          },
          {
            "quest_id": "M-D1-03",
            "step_id": "M-D1-03-S04",
            "sequence": 4,
            "flow_phase": "OBJECTIVE",
            "step_action_type": "VISIT_MULTIPLE_LOCATIONS",
            "step_category": "OBJECTIVE",
            "gdd_objective_type": "REACH_LOCATION",
            "target_ref": "M-D1-03",
            "required": true
          },
          {
            "quest_id": "M-D1-03",
            "step_id": "M-D1-03-S05",
            "sequence": 5,
            "flow_phase": "OBJECTIVE",
            "step_action_type": "TAKE_PHOTO",
            "step_category": "OBJECTIVE",
            "gdd_objective_type": "SUBMIT_MEDIA",
            "target_ref": "M-D1-03",
            "required": true
          },
          {
            "quest_id": "M-D1-03",
            "step_id": "M-D1-03-S06",
            "sequence": 6,
            "flow_phase": "OBJECTIVE",
            "step_action_type": "UPLOAD_MEDIA",
            "step_category": "OBJECTIVE",
            "gdd_objective_type": "SUBMIT_MEDIA",
            "target_ref": "M-D1-03",
            "required": true
          },
          {
            "quest_id": "M-D1-03",
            "step_id": "M-D1-03-S07",
            "sequence": 7,
            "flow_phase": "COMPLETE",
            "step_action_type": "TALK_TO_NPC",
            "step_category": "OBJECTIVE",
            "gdd_objective_type": "COMPLETE_DIALOGUE",
            "target_ref": "M-D1-03-COMPLETE",
            "required": true
          }
        ],
        "npc_refs": [
          {
            "npc_id": "npc_bernini_echo",
            "name": "Gian Lorenzo Bernini – Werkstattecho",
            "quest_id": "D1-Q06",
            "role": "QUEST_GIVER"
          },
          {
            "npc_id": "npc_livia_lens",
            "name": "Livia Lens",
            "quest_id": "M-D1-03",
            "role": "QUEST_GIVER"
          }
        ],
        "enemy_refs": [],
        "enemy_hook": null,
        "rationale": "In regulärer Quest gruppiert; aktuelle Sicht und blinden Test vor Release abschließen.",
        "source_urls": [
          "https://it.wikipedia.org/wiki/Piazza_Navona"
        ],
        "map_urls": [
          "https://www.google.com/maps/search/?api=1&query=41.8989256,12.4730991"
        ],
        "geofence": {
          "interaction_radius_m": 15,
          "exit_hysteresis_radius_m": 25,
          "discovery_radius_m": 55
        }
      }
    },
    {
      "type": "Feature",
      "id": "location:place_day_1_piazza_san_pietro",
      "geometry": {
        "type": "Point",
        "coordinates": [
          12.4573576,
          41.9022286
        ]
      },
      "properties": {
        "feature_type": "location_candidate",
        "candidate_id": "place_day_1_piazza_san_pietro",
        "name": "Petersplatz",
        "day": "DAY_1",
        "cluster": "D1_VATICANO_PRATI_BORGO",
        "decision": "KERNQUEST",
        "active_in_v08": true,
        "traffic_light": "GELB",
        "research_status": "GELB_MENSCHENMENGE",
        "content_status": "APPROVED",
        "publishable": true,
        "geometry_status": "COORDINATE_FROM_V07_WORKBOOK",
        "geometry_sources": [
          "Ortszuordnung"
        ],
        "alternate_geometry_anchors": [],
        "score_v03": 93,
        "core_use_count": 1,
        "special_use_count": 1,
        "support_roles": [],
        "support_definitions": [],
        "quest_refs": [
          "D1-Q01",
          "M-D1-01"
        ],
        "quest_stations": [
          {
            "quest_id": "D1-Q01",
            "quest_type": "REGULAER",
            "sequence": 1,
            "role": "START / ERSTER HINWEIS",
            "observable_evidence": "Runde Marmor-Brennpunktmarkierung im Pflaster zwischen Obelisk und Kolonnade; danach Blick auf die großen Säulen.",
            "location_question": "Stellt euch auf eine der runden Marmorplatten auf der Querachse des Obelisken und blickt zur Kolonnade. Wie viele Säulenreihen scheinen übrig zu bleiben?",
            "expected_answer": "Eine",
            "access_fallback_note": "V03-Punkt; Die Bodenmarkierung muss vor Veröffentlichung auf einem aktuellen Bild eindeutig lokalisiert werden.",
            "enemy_hook": "Schatten des Passetto"
          },
          {
            "quest_id": "M-D1-01",
            "quest_type": "MEDIA_LOCAL",
            "sequence": 1,
            "role": "START / ERSTER HINWEIS",
            "observable_evidence": "Runde Marmor-Brennpunktmarkierung im Pflaster zwischen Obelisk und Kolonnade; danach Blick auf die großen Säulen.",
            "location_question": "Stellt euch auf eine der runden Marmorplatten auf der Querachse des Obelisken und blickt zur Kolonnade. Wie viele Säulenreihen scheinen übrig zu bleiben?",
            "expected_answer": "Eine",
            "access_fallback_note": "V03-Punkt; Die Bodenmarkierung muss vor Veröffentlichung auf einem aktuellen Bild eindeutig lokalisiert werden.",
            "enemy_hook": null
          }
        ],
        "quest_step_refs": [
          {
            "quest_id": "D1-Q01",
            "step_id": "D1-Q01-S01",
            "sequence": 1,
            "flow_phase": "DISCOVER",
            "step_action_type": "DISCOVER_NPC",
            "step_category": "FLOW_ACTION",
            "gdd_objective_type": null,
            "target_ref": "npc_konrad_schildwacht",
            "required": true
          },
          {
            "quest_id": "D1-Q01",
            "step_id": "D1-Q01-S02",
            "sequence": 2,
            "flow_phase": "DIALOGUE",
            "step_action_type": "TALK_TO_NPC",
            "step_category": "OBJECTIVE",
            "gdd_objective_type": "COMPLETE_DIALOGUE",
            "target_ref": "D1-Q01-OFFER",
            "required": true
          },
          {
            "quest_id": "D1-Q01",
            "step_id": "D1-Q01-S03",
            "sequence": 3,
            "flow_phase": "ACCEPT",
            "step_action_type": "ACCEPT_QUEST",
            "step_category": "FLOW_ACTION",
            "gdd_objective_type": null,
            "target_ref": "D1-Q01",
            "required": true
          },
          {
            "quest_id": "D1-Q01",
            "step_id": "D1-Q01-S04",
            "sequence": 4,
            "flow_phase": "OBJECTIVE",
            "step_action_type": "ANSWER_QUESTION",
            "step_category": "OBJECTIVE",
            "gdd_objective_type": "SUBMIT_ANSWER",
            "target_ref": "OBS-D1-Q01-1",
            "required": true
          },
          {
            "quest_id": "M-D1-01",
            "step_id": "M-D1-01-S01",
            "sequence": 1,
            "flow_phase": "DISCOVER",
            "step_action_type": "DISCOVER_NPC",
            "step_category": "FLOW_ACTION",
            "gdd_objective_type": null,
            "target_ref": "npc_livia_lens",
            "required": true
          },
          {
            "quest_id": "M-D1-01",
            "step_id": "M-D1-01-S02",
            "sequence": 2,
            "flow_phase": "DIALOGUE",
            "step_action_type": "TALK_TO_NPC",
            "step_category": "OBJECTIVE",
            "gdd_objective_type": "COMPLETE_DIALOGUE",
            "target_ref": "M-D1-01-OFFER",
            "required": true
          },
          {
            "quest_id": "M-D1-01",
            "step_id": "M-D1-01-S03",
            "sequence": 3,
            "flow_phase": "ACCEPT",
            "step_action_type": "ACCEPT_QUEST",
            "step_category": "FLOW_ACTION",
            "gdd_objective_type": null,
            "target_ref": "M-D1-01",
            "required": true
          },
          {
            "quest_id": "M-D1-01",
            "step_id": "M-D1-01-S04",
            "sequence": 4,
            "flow_phase": "OBJECTIVE",
            "step_action_type": "REACH_LOCATION",
            "step_category": "OBJECTIVE",
            "gdd_objective_type": "REACH_LOCATION",
            "target_ref": "M-D1-01",
            "required": true
          },
          {
            "quest_id": "M-D1-01",
            "step_id": "M-D1-01-S05",
            "sequence": 5,
            "flow_phase": "OBJECTIVE",
            "step_action_type": "TAKE_PHOTO",
            "step_category": "OBJECTIVE",
            "gdd_objective_type": "SUBMIT_MEDIA",
            "target_ref": "M-D1-01",
            "required": true
          },
          {
            "quest_id": "M-D1-01",
            "step_id": "M-D1-01-S06",
            "sequence": 6,
            "flow_phase": "OBJECTIVE",
            "step_action_type": "UPLOAD_MEDIA",
            "step_category": "OBJECTIVE",
            "gdd_objective_type": "SUBMIT_MEDIA",
            "target_ref": "M-D1-01",
            "required": true
          },
          {
            "quest_id": "M-D1-01",
            "step_id": "M-D1-01-S07",
            "sequence": 7,
            "flow_phase": "COMPLETE",
            "step_action_type": "TALK_TO_NPC",
            "step_category": "OBJECTIVE",
            "gdd_objective_type": "COMPLETE_DIALOGUE",
            "target_ref": "M-D1-01-COMPLETE",
            "required": true
          }
        ],
        "npc_refs": [
          {
            "npc_id": "npc_konrad_schildwacht",
            "name": "Konrad von der letzten Schildwacht",
            "quest_id": "D1-Q01",
            "role": "QUEST_GIVER"
          },
          {
            "npc_id": "npc_livia_lens",
            "name": "Livia Lens",
            "quest_id": "M-D1-01",
            "role": "QUEST_GIVER"
          }
        ],
        "enemy_refs": [],
        "enemy_hook": null,
        "rationale": "In regulärer Quest gruppiert; aktuelle Sicht und blinden Test vor Release abschließen.",
        "source_urls": [
          "https://www.turismoroma.it/it/luoghi/piazza-san-pietro"
        ],
        "map_urls": [
          "https://www.google.com/maps/search/?api=1&query=41.9022286,12.4573576"
        ],
        "geofence": {
          "interaction_radius_m": 15,
          "exit_hysteresis_radius_m": 25,
          "discovery_radius_m": 55
        }
      }
    },
    {
      "type": "Feature",
      "id": "location:place_day_1_piazza_scanderbeg",
      "geometry": {
        "type": "Point",
        "coordinates": [
          12.4848288,
          41.9006643
        ]
      },
      "properties": {
        "feature_type": "location_candidate",
        "candidate_id": "place_day_1_piazza_scanderbeg",
        "name": "Piazza Scanderbeg",
        "day": "DAY_1",
        "cluster": "D1_TREVI_QUIRINALE",
        "decision": "KERNQUEST",
        "active_in_v08": true,
        "traffic_light": "GELB",
        "research_status": "GELB_KLEINES_FASSADENDETAIL",
        "content_status": "APPROVED",
        "publishable": true,
        "geometry_status": "COORDINATE_FROM_V07_WORKBOOK",
        "geometry_sources": [
          "Ortszuordnung"
        ],
        "alternate_geometry_anchors": [],
        "score_v03": 89,
        "core_use_count": 1,
        "special_use_count": 0,
        "support_roles": [],
        "support_definitions": [],
        "quest_refs": [
          "D1-Q10"
        ],
        "quest_stations": [
          {
            "quest_id": "D1-Q10",
            "quest_type": "REGULAER",
            "sequence": 1,
            "role": "START / ERSTER HINWEIS",
            "observable_evidence": "Steinernes Porträtrelief mit lesbarem Namen an der Hausfassade.",
            "location_question": "Welcher Name steht beim Porträtrelief am Palazzo Scanderbeg?",
            "expected_answer": "Scanderbeg",
            "access_fallback_note": "V03-Punkt; VISUAL_EVIDENCE_NOT_YET_VERIFIED",
            "enemy_hook": "Corazziere del Colle"
          }
        ],
        "quest_step_refs": [
          {
            "quest_id": "D1-Q10",
            "step_id": "D1-Q10-S01",
            "sequence": 1,
            "flow_phase": "DISCOVER",
            "step_action_type": "DISCOVER_NPC",
            "step_category": "FLOW_ACTION",
            "gdd_objective_type": null,
            "target_ref": "npc_skanderbeg_echo",
            "required": true
          },
          {
            "quest_id": "D1-Q10",
            "step_id": "D1-Q10-S02",
            "sequence": 2,
            "flow_phase": "DIALOGUE",
            "step_action_type": "TALK_TO_NPC",
            "step_category": "OBJECTIVE",
            "gdd_objective_type": "COMPLETE_DIALOGUE",
            "target_ref": "D1-Q10-OFFER",
            "required": true
          },
          {
            "quest_id": "D1-Q10",
            "step_id": "D1-Q10-S03",
            "sequence": 3,
            "flow_phase": "ACCEPT",
            "step_action_type": "ACCEPT_QUEST",
            "step_category": "FLOW_ACTION",
            "gdd_objective_type": null,
            "target_ref": "D1-Q10",
            "required": true
          },
          {
            "quest_id": "D1-Q10",
            "step_id": "D1-Q10-S04",
            "sequence": 4,
            "flow_phase": "OBJECTIVE",
            "step_action_type": "ANSWER_QUESTION",
            "step_category": "OBJECTIVE",
            "gdd_objective_type": "SUBMIT_ANSWER",
            "target_ref": "OBS-D1-Q10-1",
            "required": true
          }
        ],
        "npc_refs": [
          {
            "npc_id": "npc_skanderbeg_echo",
            "name": "Skanderbeg – steinernes Echo",
            "quest_id": "D1-Q10",
            "role": "QUEST_GIVER"
          }
        ],
        "enemy_refs": [],
        "enemy_hook": null,
        "rationale": "In regulärer Quest gruppiert; aktuelle Sicht und blinden Test vor Release abschließen.",
        "source_urls": [
          "https://en.wikipedia.org/wiki/Piazza_Scanderbeg"
        ],
        "map_urls": [
          "https://www.google.com/maps/search/?api=1&query=41.9006643,12.4848288"
        ],
        "geofence": {
          "interaction_radius_m": 15,
          "exit_hysteresis_radius_m": 25,
          "discovery_radius_m": 55
        }
      }
    },
    {
      "type": "Feature",
      "id": "location:place_day_1_ponte_giuseppe_mazzini",
      "geometry": null,
      "properties": {
        "feature_type": "location_candidate",
        "candidate_id": "place_day_1_ponte_giuseppe_mazzini",
        "name": "Ponte Giuseppe Mazzini",
        "day": "DAY_1",
        "cluster": "D1_GIANICOLO",
        "decision": "RESERVE",
        "active_in_v08": false,
        "traffic_light": "GRUEN",
        "research_status": "GRUEN_MIT_BLICKPUNKT",
        "content_status": "APPROVED",
        "publishable": true,
        "geometry_status": "MISSING_IN_V07_WORKBOOK",
        "geometry_sources": [],
        "alternate_geometry_anchors": [],
        "score_v03": 85,
        "core_use_count": 0,
        "special_use_count": 0,
        "support_roles": [],
        "support_definitions": [],
        "quest_refs": [],
        "quest_stations": [],
        "quest_step_refs": [],
        "npc_refs": [],
        "enemy_refs": [],
        "enemy_hook": null,
        "rationale": "Als Ersatz- oder späterer Questkandidat erhalten.",
        "source_urls": [],
        "map_urls": [],
        "geofence": {
          "interaction_radius_m": 15,
          "exit_hysteresis_radius_m": 25,
          "discovery_radius_m": 55
        }
      }
    },
    {
      "type": "Feature",
      "id": "location:place_day_1_ponte_sant_angelo",
      "geometry": {
        "type": "Point",
        "coordinates": [
          12.4664274,
          41.9018932
        ]
      },
      "properties": {
        "feature_type": "location_candidate",
        "candidate_id": "place_day_1_ponte_sant_angelo",
        "name": "Engelsbrücke",
        "day": "DAY_1",
        "cluster": "D1_VATICANO_PRATI_BORGO",
        "decision": "SONDERQUEST",
        "active_in_v08": true,
        "traffic_light": "GRUEN",
        "research_status": "GRUEN_KONZEPTREIF",
        "content_status": "APPROVED",
        "publishable": true,
        "geometry_status": "COORDINATE_FROM_V07_WORKBOOK",
        "geometry_sources": [
          "Ortszuordnung",
          "Unique Gegner.Google Maps"
        ],
        "alternate_geometry_anchors": [],
        "score_v03": 89,
        "core_use_count": 0,
        "special_use_count": 1,
        "support_roles": [],
        "support_definitions": [],
        "quest_refs": [
          "M-D1-02"
        ],
        "quest_stations": [
          {
            "quest_id": "M-D1-02",
            "quest_type": "MEDIA_LOCAL",
            "sequence": 1,
            "role": "START / ERSTER HINWEIS",
            "observable_evidence": "Zehn große Engelsfiguren auf beiden Balustraden; Petrus und Paulus stehen getrennt an den Brückenköpfen.",
            "location_question": "Wie viele Engel auf der Brücke tragen Symbole der Passion Christi? Zählt Petrus und Paulus an den Brückenköpfen nicht mit.",
            "expected_answer": "10",
            "access_fallback_note": "V03-Punkt; VISUAL_EVIDENCE_NOT_YET_VERIFIED|CROWDING_RISK",
            "enemy_hook": null
          }
        ],
        "quest_step_refs": [
          {
            "quest_id": "M-D1-02",
            "step_id": "M-D1-02-S01",
            "sequence": 1,
            "flow_phase": "DISCOVER",
            "step_action_type": "DISCOVER_NPC",
            "step_category": "FLOW_ACTION",
            "gdd_objective_type": null,
            "target_ref": "npc_livia_lens",
            "required": true
          },
          {
            "quest_id": "M-D1-02",
            "step_id": "M-D1-02-S02",
            "sequence": 2,
            "flow_phase": "DIALOGUE",
            "step_action_type": "TALK_TO_NPC",
            "step_category": "OBJECTIVE",
            "gdd_objective_type": "COMPLETE_DIALOGUE",
            "target_ref": "M-D1-02-OFFER",
            "required": true
          },
          {
            "quest_id": "M-D1-02",
            "step_id": "M-D1-02-S03",
            "sequence": 3,
            "flow_phase": "ACCEPT",
            "step_action_type": "ACCEPT_QUEST",
            "step_category": "FLOW_ACTION",
            "gdd_objective_type": null,
            "target_ref": "M-D1-02",
            "required": true
          },
          {
            "quest_id": "M-D1-02",
            "step_id": "M-D1-02-S04",
            "sequence": 4,
            "flow_phase": "OBJECTIVE",
            "step_action_type": "REACH_LOCATION",
            "step_category": "OBJECTIVE",
            "gdd_objective_type": "REACH_LOCATION",
            "target_ref": "M-D1-02",
            "required": true
          },
          {
            "quest_id": "M-D1-02",
            "step_id": "M-D1-02-S05",
            "sequence": 5,
            "flow_phase": "OBJECTIVE",
            "step_action_type": "TAKE_PHOTO",
            "step_category": "OBJECTIVE",
            "gdd_objective_type": "SUBMIT_MEDIA",
            "target_ref": "M-D1-02",
            "required": true
          },
          {
            "quest_id": "M-D1-02",
            "step_id": "M-D1-02-S06",
            "sequence": 6,
            "flow_phase": "OBJECTIVE",
            "step_action_type": "UPLOAD_MEDIA",
            "step_category": "OBJECTIVE",
            "gdd_objective_type": "SUBMIT_MEDIA",
            "target_ref": "M-D1-02",
            "required": true
          },
          {
            "quest_id": "M-D1-02",
            "step_id": "M-D1-02-S07",
            "sequence": 7,
            "flow_phase": "COMPLETE",
            "step_action_type": "TALK_TO_NPC",
            "step_category": "OBJECTIVE",
            "gdd_objective_type": "COMPLETE_DIALOGUE",
            "target_ref": "M-D1-02-COMPLETE",
            "required": true
          }
        ],
        "npc_refs": [
          {
            "npc_id": "npc_livia_lens",
            "name": "Livia Lens",
            "quest_id": "M-D1-02",
            "role": "QUEST_GIVER"
          }
        ],
        "enemy_refs": [
          "UE-D1-01"
        ],
        "enemy_hook": "Angelo della Passione",
        "rationale": "Für Medien-, Hidden- oder Bossinhalt vorgesehen; separate Slot- oder Eventregel.",
        "source_urls": [
          "https://www.turismoroma.it/en/places/terrace-castel-santangelo"
        ],
        "map_urls": [
          "https://www.google.com/maps/search/?api=1&query=41.9018932,12.4664274"
        ],
        "geofence": {
          "interaction_radius_m": 15,
          "exit_hysteresis_radius_m": 25,
          "discovery_radius_m": 55
        }
      }
    },
    {
      "type": "Feature",
      "id": "location:place_day_1_ponte_sisto",
      "geometry": {
        "type": "Point",
        "coordinates": [
          12.4707703,
          41.8923463
        ]
      },
      "properties": {
        "feature_type": "location_candidate",
        "candidate_id": "place_day_1_ponte_sisto",
        "name": "Ponte Sisto",
        "day": "DAY_1",
        "cluster": "D1_CAMPO_REGOLA_GHETTO",
        "decision": "KERNQUEST",
        "active_in_v08": true,
        "traffic_light": "GRUEN",
        "research_status": "GRUEN_MIT_BLICKPUNKT",
        "content_status": "APPROVED",
        "publishable": true,
        "geometry_status": "COORDINATE_FROM_V07_WORKBOOK",
        "geometry_sources": [
          "Ortszuordnung",
          "Unique Gegner.Google Maps"
        ],
        "alternate_geometry_anchors": [],
        "score_v03": 83,
        "core_use_count": 1,
        "special_use_count": 0,
        "support_roles": [],
        "support_definitions": [],
        "quest_refs": [
          "D1-Q12"
        ],
        "quest_stations": [
          {
            "quest_id": "D1-Q12",
            "quest_type": "REGULAER",
            "sequence": 1,
            "role": "START / ERSTER HINWEIS",
            "observable_evidence": "Große kreisrunde Öffnung zwischen den beiden mittleren Brückenbögen.",
            "location_question": "Welche geometrische Form hat die Öffnung zwischen den beiden mittleren Brückenbögen?",
            "expected_answer": "Einen Kreis",
            "access_fallback_note": "V03-Punkt; VISUAL_EVIDENCE_NOT_YET_VERIFIED",
            "enemy_hook": null
          }
        ],
        "quest_step_refs": [
          {
            "quest_id": "D1-Q12",
            "step_id": "D1-Q12-S01",
            "sequence": 1,
            "flow_phase": "DISCOVER",
            "step_action_type": "DISCOVER_NPC",
            "step_category": "FLOW_ACTION",
            "gdd_objective_type": null,
            "target_ref": "npc_giordano_bruno_echo",
            "required": true
          },
          {
            "quest_id": "D1-Q12",
            "step_id": "D1-Q12-S02",
            "sequence": 2,
            "flow_phase": "DIALOGUE",
            "step_action_type": "TALK_TO_NPC",
            "step_category": "OBJECTIVE",
            "gdd_objective_type": "COMPLETE_DIALOGUE",
            "target_ref": "D1-Q12-OFFER",
            "required": true
          },
          {
            "quest_id": "D1-Q12",
            "step_id": "D1-Q12-S03",
            "sequence": 3,
            "flow_phase": "ACCEPT",
            "step_action_type": "ACCEPT_QUEST",
            "step_category": "FLOW_ACTION",
            "gdd_objective_type": null,
            "target_ref": "D1-Q12",
            "required": true
          },
          {
            "quest_id": "D1-Q12",
            "step_id": "D1-Q12-S04",
            "sequence": 4,
            "flow_phase": "OBJECTIVE",
            "step_action_type": "ANSWER_QUESTION",
            "step_category": "OBJECTIVE",
            "gdd_objective_type": "SUBMIT_ANSWER",
            "target_ref": "OBS-D1-Q12-1",
            "required": true
          }
        ],
        "npc_refs": [
          {
            "npc_id": "npc_giordano_bruno_echo",
            "name": "Giordano Bruno – dunkles Echo",
            "quest_id": "D1-Q12",
            "role": "QUEST_GIVER"
          }
        ],
        "enemy_refs": [
          "UE-D1-08"
        ],
        "enemy_hook": "Occhio del Tevere",
        "rationale": "In regulärer Quest gruppiert; aktuelle Sicht und blinden Test vor Release abschließen.",
        "source_urls": [
          "https://www.turismoroma.it/it/luoghi/ponte-sisto"
        ],
        "map_urls": [
          "https://www.google.com/maps/search/?api=1&query=41.8923463,12.4707703"
        ],
        "geofence": {
          "interaction_radius_m": 15,
          "exit_hysteresis_radius_m": 25,
          "discovery_radius_m": 55
        }
      }
    },
    {
      "type": "Feature",
      "id": "location:place_day_1_porta_cavalleggeri",
      "geometry": {
        "type": "Point",
        "coordinates": [
          12.4563148,
          41.9003883
        ]
      },
      "properties": {
        "feature_type": "location_candidate",
        "candidate_id": "place_day_1_porta_cavalleggeri",
        "name": "Porta Cavalleggeri",
        "day": "DAY_1",
        "cluster": "D1_VATICANO_PRATI_BORGO",
        "decision": "KERNQUEST",
        "active_in_v08": true,
        "traffic_light": "GELB",
        "research_status": "GELB_KLEINER_MAUERREST",
        "content_status": "APPROVED",
        "publishable": true,
        "geometry_status": "COORDINATE_FROM_V07_WORKBOOK",
        "geometry_sources": [
          "Ortszuordnung"
        ],
        "alternate_geometry_anchors": [],
        "score_v03": 85,
        "core_use_count": 1,
        "special_use_count": 0,
        "support_roles": [],
        "support_definitions": [],
        "quest_refs": [
          "D1-Q02"
        ],
        "quest_stations": [
          {
            "quest_id": "D1-Q02",
            "quest_type": "REGULAER",
            "sequence": 2,
            "role": "ZWISCHENSTATION",
            "observable_evidence": "Ein einzelner erhaltener Mauerbogen mit päpstlichen Zeichen nahe dem Vatikan.",
            "location_question": "Wie viele historische Hauptbögen sind als Torrest sichtbar?",
            "expected_answer": "Einer",
            "access_fallback_note": "V03-Punkt; Als Ersatz für einen zu vollen Petersplatz geeignet; Sichtbarkeit zwischen Verkehr und parkenden Fahrzeugen prüfen.",
            "enemy_hook": "Cavalleggero Pontificio"
          }
        ],
        "quest_step_refs": [
          {
            "quest_id": "D1-Q02",
            "step_id": "D1-Q02-S05",
            "sequence": 5,
            "flow_phase": "OBJECTIVE",
            "step_action_type": "REACH_LOCATION",
            "step_category": "OBJECTIVE",
            "gdd_objective_type": "REACH_LOCATION",
            "target_ref": "place_day_1_porta_cavalleggeri",
            "required": true
          },
          {
            "quest_id": "D1-Q02",
            "step_id": "D1-Q02-S06",
            "sequence": 6,
            "flow_phase": "OBJECTIVE",
            "step_action_type": "ANSWER_QUESTION",
            "step_category": "OBJECTIVE",
            "gdd_objective_type": "SUBMIT_ANSWER",
            "target_ref": "OBS-D1-Q02-2",
            "required": true
          }
        ],
        "npc_refs": [],
        "enemy_refs": [],
        "enemy_hook": "Cavalleggero Pontificio",
        "rationale": "In regulärer Quest gruppiert; aktuelle Sicht und blinden Test vor Release abschließen.",
        "source_urls": [
          "https://www.openstreetmap.org/node/6205478926"
        ],
        "map_urls": [
          "https://www.google.com/maps/search/?api=1&query=41.9003883,12.4563148"
        ],
        "geofence": {
          "interaction_radius_m": 15,
          "exit_hysteresis_radius_m": 25,
          "discovery_radius_m": 55
        }
      }
    },
    {
      "type": "Feature",
      "id": "location:place_day_1_porta_del_popolo",
      "geometry": {
        "type": "Point",
        "coordinates": [
          12.4759941,
          41.9115252
        ]
      },
      "properties": {
        "feature_type": "location_candidate",
        "candidate_id": "place_day_1_porta_del_popolo",
        "name": "Porta del Popolo",
        "day": "DAY_1",
        "cluster": "D1_POPOLO_PINCIO_SPAGNA",
        "decision": "KERNQUEST",
        "active_in_v08": true,
        "traffic_light": "GRUEN",
        "research_status": "GRUEN_KONZEPTREIF",
        "content_status": "APPROVED",
        "publishable": true,
        "geometry_status": "COORDINATE_FROM_V07_WORKBOOK",
        "geometry_sources": [
          "Ortszuordnung"
        ],
        "alternate_geometry_anchors": [],
        "score_v03": 89,
        "core_use_count": 1,
        "special_use_count": 0,
        "support_roles": [],
        "support_definitions": [],
        "quest_refs": [
          "D1-Q03"
        ],
        "quest_stations": [
          {
            "quest_id": "D1-Q03",
            "quest_type": "REGULAER",
            "sequence": 3,
            "role": "ABSCHLUSS",
            "observable_evidence": "Drei große heutige Öffnungen, davon ein höherer Mittelbogen.",
            "location_question": "Wie viele große Durchgänge besitzt die Porta del Popolo heute?",
            "expected_answer": "Drei",
            "access_fallback_note": "V03-Punkt; VISUAL_EVIDENCE_NOT_YET_VERIFIED",
            "enemy_hook": null
          }
        ],
        "quest_step_refs": [
          {
            "quest_id": "D1-Q03",
            "step_id": "D1-Q03-S10",
            "sequence": 10,
            "flow_phase": "OBJECTIVE",
            "step_action_type": "SOLVE_PUZZLE",
            "step_category": "OBJECTIVE",
            "gdd_objective_type": "SUBMIT_ANSWER",
            "target_ref": "PZ-D1-Q03",
            "required": true
          },
          {
            "quest_id": "D1-Q03",
            "step_id": "D1-Q03-S11",
            "sequence": 11,
            "flow_phase": "COMPLETE",
            "step_action_type": "TALK_TO_NPC",
            "step_category": "OBJECTIVE",
            "gdd_objective_type": "COMPLETE_DIALOGUE",
            "target_ref": "D1-Q03-COMPLETE",
            "required": true
          },
          {
            "quest_id": "D1-Q03",
            "step_id": "D1-Q03-S08",
            "sequence": 8,
            "flow_phase": "OBJECTIVE",
            "step_action_type": "REACH_LOCATION",
            "step_category": "OBJECTIVE",
            "gdd_objective_type": "REACH_LOCATION",
            "target_ref": "place_day_1_porta_del_popolo",
            "required": true
          },
          {
            "quest_id": "D1-Q03",
            "step_id": "D1-Q03-S09",
            "sequence": 9,
            "flow_phase": "OBJECTIVE",
            "step_action_type": "ANSWER_QUESTION",
            "step_category": "OBJECTIVE",
            "gdd_objective_type": "SUBMIT_ANSWER",
            "target_ref": "OBS-D1-Q03-3",
            "required": true
          }
        ],
        "npc_refs": [],
        "enemy_refs": [],
        "enemy_hook": null,
        "rationale": "In regulärer Quest gruppiert; aktuelle Sicht und blinden Test vor Release abschließen.",
        "source_urls": [
          "https://en.wikipedia.org/wiki/Porta_del_Popolo"
        ],
        "map_urls": [
          "https://www.google.com/maps/search/?api=1&query=41.9115252,12.4759941"
        ],
        "geofence": {
          "interaction_radius_m": 15,
          "exit_hysteresis_radius_m": 25,
          "discovery_radius_m": 55
        }
      }
    },
    {
      "type": "Feature",
      "id": "location:place_day_1_porta_san_pellegrino",
      "geometry": {
        "type": "Point",
        "coordinates": [
          12.4571483,
          41.903386
        ]
      },
      "properties": {
        "feature_type": "location_candidate",
        "candidate_id": "place_day_1_porta_san_pellegrino",
        "name": "St.-Pellegrino-Tor",
        "day": "DAY_1",
        "cluster": "D1_VATICANO_PRATI_BORGO",
        "decision": "KERNQUEST",
        "active_in_v08": true,
        "traffic_light": "GELB",
        "research_status": "GELB_DETAIL_HOCH",
        "content_status": "APPROVED",
        "publishable": true,
        "geometry_status": "COORDINATE_FROM_V07_WORKBOOK",
        "geometry_sources": [
          "Ortszuordnung"
        ],
        "alternate_geometry_anchors": [],
        "score_v03": 91,
        "core_use_count": 1,
        "special_use_count": 0,
        "support_roles": [],
        "support_definitions": [],
        "quest_refs": [
          "D1-Q02"
        ],
        "quest_stations": [
          {
            "quest_id": "D1-Q02",
            "quest_type": "REGULAER",
            "sequence": 1,
            "role": "START / ERSTER HINWEIS",
            "observable_evidence": "Großer Torbogen und hoch angebrachtes päpstliches Wappen mit Stiermotiv.",
            "location_question": "Welches Tier erkennt ihr im Wappen über dem Torbogen?",
            "expected_answer": "Einen Stier",
            "access_fallback_note": "V03-Punkt; Der Stier ist relativ hoch angebracht; Antwortgröße auf aktuellen Bildern prüfen.",
            "enemy_hook": "Cavalleggero Pontificio"
          }
        ],
        "quest_step_refs": [
          {
            "quest_id": "D1-Q02",
            "step_id": "D1-Q02-S01",
            "sequence": 1,
            "flow_phase": "DISCOVER",
            "step_action_type": "DISCOVER_NPC",
            "step_category": "FLOW_ACTION",
            "gdd_objective_type": null,
            "target_ref": "npc_capitano_malatesta",
            "required": true
          },
          {
            "quest_id": "D1-Q02",
            "step_id": "D1-Q02-S02",
            "sequence": 2,
            "flow_phase": "DIALOGUE",
            "step_action_type": "TALK_TO_NPC",
            "step_category": "OBJECTIVE",
            "gdd_objective_type": "COMPLETE_DIALOGUE",
            "target_ref": "D1-Q02-OFFER",
            "required": true
          },
          {
            "quest_id": "D1-Q02",
            "step_id": "D1-Q02-S03",
            "sequence": 3,
            "flow_phase": "ACCEPT",
            "step_action_type": "ACCEPT_QUEST",
            "step_category": "FLOW_ACTION",
            "gdd_objective_type": null,
            "target_ref": "D1-Q02",
            "required": true
          },
          {
            "quest_id": "D1-Q02",
            "step_id": "D1-Q02-S04",
            "sequence": 4,
            "flow_phase": "OBJECTIVE",
            "step_action_type": "ANSWER_QUESTION",
            "step_category": "OBJECTIVE",
            "gdd_objective_type": "SUBMIT_ANSWER",
            "target_ref": "OBS-D1-Q02-1",
            "required": true
          }
        ],
        "npc_refs": [
          {
            "npc_id": "npc_capitano_malatesta",
            "name": "Capitano Malatesta",
            "quest_id": "D1-Q02",
            "role": "QUEST_GIVER"
          }
        ],
        "enemy_refs": [],
        "enemy_hook": null,
        "rationale": "In regulärer Quest gruppiert; aktuelle Sicht und blinden Test vor Release abschließen.",
        "source_urls": [
          "https://it.wikipedia.org/wiki/Porta_San_Pellegrino"
        ],
        "map_urls": [
          "https://www.google.com/maps/search/?api=1&query=41.903386,12.4571483"
        ],
        "geofence": {
          "interaction_radius_m": 15,
          "exit_hysteresis_radius_m": 25,
          "discovery_radius_m": 55
        }
      }
    },
    {
      "type": "Feature",
      "id": "location:place_day_1_porta_santo_spirito",
      "geometry": {
        "type": "Point",
        "coordinates": [
          12.4615874,
          41.9003045
        ]
      },
      "properties": {
        "feature_type": "location_candidate",
        "candidate_id": "place_day_1_porta_santo_spirito",
        "name": "Porta Santo Spirito",
        "day": "DAY_1",
        "cluster": "D1_VATICANO_PRATI_BORGO",
        "decision": "KERNQUEST",
        "active_in_v08": true,
        "traffic_light": "GRUEN",
        "research_status": "GRUEN_MIT_BLICKPUNKT",
        "content_status": "APPROVED",
        "publishable": true,
        "geometry_status": "COORDINATE_FROM_V07_WORKBOOK",
        "geometry_sources": [
          "Ortszuordnung"
        ],
        "alternate_geometry_anchors": [],
        "score_v03": 89,
        "core_use_count": 1,
        "special_use_count": 0,
        "support_roles": [],
        "support_definitions": [],
        "quest_refs": [
          "D1-Q02"
        ],
        "quest_stations": [
          {
            "quest_id": "D1-Q02",
            "quest_type": "REGULAER",
            "sequence": 3,
            "role": "ABSCHLUSS",
            "observable_evidence": "Großer Mittelbogen, paarweise Säulen und deutlich erkennbare leere Nischen.",
            "location_question": "Welche Kombination flankiert den großen mittleren Bogen?",
            "expected_answer": "Dorische Säulen und leere Nischen",
            "access_fallback_note": "V03-Punkt; VISUAL_EVIDENCE_NOT_YET_VERIFIED",
            "enemy_hook": "Cavalleggero Pontificio"
          }
        ],
        "quest_step_refs": [
          {
            "quest_id": "D1-Q02",
            "step_id": "D1-Q02-S10",
            "sequence": 10,
            "flow_phase": "BONUS_OBJECTIVE",
            "step_action_type": "CLASS_ACTION",
            "step_category": "OBJECTIVE",
            "gdd_objective_type": "SUBMIT_ANSWER",
            "target_ref": "CONDOTTIERE",
            "required": false
          },
          {
            "quest_id": "D1-Q02",
            "step_id": "D1-Q02-S11",
            "sequence": 11,
            "flow_phase": "OBJECTIVE",
            "step_action_type": "DEFEAT_ENEMY",
            "step_category": "OBJECTIVE",
            "gdd_objective_type": "COMPLETE_ENCOUNTER",
            "target_ref": "enemy:quest:D1-Q02-S11",
            "required": true
          },
          {
            "quest_id": "D1-Q02",
            "step_id": "D1-Q02-S12",
            "sequence": 12,
            "flow_phase": "COMPLETE",
            "step_action_type": "TALK_TO_NPC",
            "step_category": "OBJECTIVE",
            "gdd_objective_type": "COMPLETE_DIALOGUE",
            "target_ref": "D1-Q02-COMPLETE",
            "required": true
          },
          {
            "quest_id": "D1-Q02",
            "step_id": "D1-Q02-S07",
            "sequence": 7,
            "flow_phase": "OBJECTIVE",
            "step_action_type": "REACH_LOCATION",
            "step_category": "OBJECTIVE",
            "gdd_objective_type": "REACH_LOCATION",
            "target_ref": "place_day_1_porta_santo_spirito",
            "required": true
          },
          {
            "quest_id": "D1-Q02",
            "step_id": "D1-Q02-S08",
            "sequence": 8,
            "flow_phase": "OBJECTIVE",
            "step_action_type": "ANSWER_QUESTION",
            "step_category": "OBJECTIVE",
            "gdd_objective_type": "SUBMIT_ANSWER",
            "target_ref": "OBS-D1-Q02-3",
            "required": true
          },
          {
            "quest_id": "D1-Q02",
            "step_id": "D1-Q02-S09",
            "sequence": 9,
            "flow_phase": "OBJECTIVE",
            "step_action_type": "SOLVE_PUZZLE",
            "step_category": "OBJECTIVE",
            "gdd_objective_type": "SUBMIT_ANSWER",
            "target_ref": "PZ-D1-Q02",
            "required": true
          }
        ],
        "npc_refs": [],
        "enemy_refs": [],
        "enemy_hook": null,
        "rationale": "In regulärer Quest gruppiert; aktuelle Sicht und blinden Test vor Release abschließen.",
        "source_urls": [
          "https://www.turismoroma.it/it/luoghi/porta-santo-spirito"
        ],
        "map_urls": [
          "https://www.google.com/maps/search/?api=1&query=41.9003045,12.4615874"
        ],
        "geofence": {
          "interaction_radius_m": 15,
          "exit_hysteresis_radius_m": 25,
          "discovery_radius_m": 55
        }
      }
    },
    {
      "type": "Feature",
      "id": "location:place_day_1_porta_settimiana",
      "geometry": null,
      "properties": {
        "feature_type": "location_candidate",
        "candidate_id": "place_day_1_porta_settimiana",
        "name": "Porta Settimiana",
        "day": "DAY_1",
        "cluster": "D1_TRASTEVERE_TIBER_ISLAND",
        "decision": "RESERVE",
        "active_in_v08": false,
        "traffic_light": "GRUEN",
        "research_status": "GRUEN_KONZEPTREIF",
        "content_status": "APPROVED",
        "publishable": true,
        "geometry_status": "MISSING_IN_V07_WORKBOOK",
        "geometry_sources": [],
        "alternate_geometry_anchors": [],
        "score_v03": 89,
        "core_use_count": 0,
        "special_use_count": 0,
        "support_roles": [],
        "support_definitions": [],
        "quest_refs": [],
        "quest_stations": [],
        "quest_step_refs": [],
        "npc_refs": [],
        "enemy_refs": [],
        "enemy_hook": null,
        "rationale": "Als Ersatz- oder späterer Questkandidat erhalten.",
        "source_urls": [],
        "map_urls": [],
        "geofence": {
          "interaction_radius_m": 15,
          "exit_hysteresis_radius_m": 25,
          "discovery_radius_m": 55
        }
      }
    },
    {
      "type": "Feature",
      "id": "location:place_day_1_portico_d_ottavia",
      "geometry": null,
      "properties": {
        "feature_type": "location_candidate",
        "candidate_id": "place_day_1_portico_d_ottavia",
        "name": "Portico d'Ottavia",
        "day": "DAY_1",
        "cluster": "D1_CAMPO_REGOLA_GHETTO",
        "decision": "AUSSCHLUSS",
        "active_in_v08": false,
        "traffic_light": "ROT",
        "research_status": "ROT_AKTUELL_GESPERRT",
        "content_status": "APPROVED",
        "publishable": true,
        "geometry_status": "MISSING_IN_V07_WORKBOOK",
        "geometry_sources": [],
        "alternate_geometry_anchors": [],
        "score_v03": 80,
        "core_use_count": 0,
        "special_use_count": 0,
        "support_roles": [],
        "support_definitions": [],
        "quest_refs": [],
        "quest_stations": [],
        "quest_step_refs": [],
        "npc_refs": [],
        "enemy_refs": [],
        "enemy_hook": "Pesce Fantasma del Ghetto",
        "rationale": "Nicht als Pflichtort; nur nach neuer Evidenz neu bewerten.",
        "source_urls": [],
        "map_urls": [],
        "geofence": {
          "interaction_radius_m": 15,
          "exit_hysteresis_radius_m": 25,
          "discovery_radius_m": 55
        }
      }
    },
    {
      "type": "Feature",
      "id": "location:place_day_1_teatro_di_marcello",
      "geometry": {
        "type": "Point",
        "coordinates": [
          12.479938,
          41.892202
        ]
      },
      "properties": {
        "feature_type": "location_candidate",
        "candidate_id": "place_day_1_teatro_di_marcello",
        "name": "Marcellustheater",
        "day": "DAY_1",
        "cluster": "D1_CAMPO_REGOLA_GHETTO",
        "decision": "KERNQUEST",
        "active_in_v08": true,
        "traffic_light": "GRUEN",
        "research_status": "GRUEN_AUSSENPUNKT",
        "content_status": "APPROVED",
        "publishable": true,
        "geometry_status": "COORDINATE_FROM_V07_WORKBOOK",
        "geometry_sources": [
          "Ortszuordnung"
        ],
        "alternate_geometry_anchors": [],
        "score_v03": 0,
        "core_use_count": 1,
        "special_use_count": 1,
        "support_roles": [],
        "support_definitions": [],
        "quest_refs": [
          "D1-Q13",
          "M-LT-01"
        ],
        "quest_stations": [
          {
            "quest_id": "D1-Q13",
            "quest_type": "REGULAER",
            "sequence": 3,
            "role": "ABSCHLUSS",
            "observable_evidence": "Zwei übereinanderliegende antike Arkadenebenen unter einem späteren Wohnpalast.",
            "location_question": "Wie viele übereinanderliegende antike Arkadengeschosse sind von außen klar sichtbar?",
            "expected_answer": "Zwei",
            "access_fallback_note": "V03-Punkt; Offizieller Fußweg erlaubt Außenbesichtigung; Medienquest-Pickup ohne Zugang zu Innenräumen.",
            "enemy_hook": "Custode delle Tartarughe"
          },
          {
            "quest_id": "M-LT-01",
            "quest_type": "MEDIA_LANGZEIT",
            "sequence": 1,
            "role": "START / ERSTER HINWEIS",
            "observable_evidence": "Zwei übereinanderliegende antike Arkadenebenen unter einem späteren Wohnpalast.",
            "location_question": "Wie viele übereinanderliegende antike Arkadengeschosse sind von außen klar sichtbar?",
            "expected_answer": "Zwei",
            "access_fallback_note": "V03-Punkt; Offizieller Fußweg erlaubt Außenbesichtigung; Medienquest-Pickup ohne Zugang zu Innenräumen.",
            "enemy_hook": "Maschera del Dramma"
          }
        ],
        "quest_step_refs": [
          {
            "quest_id": "D1-Q13",
            "step_id": "D1-Q13-S10",
            "sequence": 10,
            "flow_phase": "BONUS_OBJECTIVE",
            "step_action_type": "DEFEAT_ENEMY",
            "step_category": "OBJECTIVE",
            "gdd_objective_type": "COMPLETE_ENCOUNTER",
            "target_ref": "enemy:quest:D1-Q13-S10",
            "required": false
          },
          {
            "quest_id": "D1-Q13",
            "step_id": "D1-Q13-S11",
            "sequence": 11,
            "flow_phase": "COMPLETE",
            "step_action_type": "TALK_TO_NPC",
            "step_category": "OBJECTIVE",
            "gdd_objective_type": "COMPLETE_DIALOGUE",
            "target_ref": "D1-Q13-COMPLETE",
            "required": true
          },
          {
            "quest_id": "D1-Q13",
            "step_id": "D1-Q13-S07",
            "sequence": 7,
            "flow_phase": "OBJECTIVE",
            "step_action_type": "REACH_LOCATION",
            "step_category": "OBJECTIVE",
            "gdd_objective_type": "REACH_LOCATION",
            "target_ref": "place_day_1_teatro_di_marcello",
            "required": true
          },
          {
            "quest_id": "D1-Q13",
            "step_id": "D1-Q13-S08",
            "sequence": 8,
            "flow_phase": "OBJECTIVE",
            "step_action_type": "ANSWER_QUESTION",
            "step_category": "OBJECTIVE",
            "gdd_objective_type": "SUBMIT_ANSWER",
            "target_ref": "OBS-D1-Q13-3",
            "required": true
          },
          {
            "quest_id": "D1-Q13",
            "step_id": "D1-Q13-S09",
            "sequence": 9,
            "flow_phase": "OBJECTIVE",
            "step_action_type": "SOLVE_PUZZLE",
            "step_category": "OBJECTIVE",
            "gdd_objective_type": "SUBMIT_ANSWER",
            "target_ref": "PZ-D1-Q13",
            "required": true
          },
          {
            "quest_id": "M-LT-01",
            "step_id": "M-LT-01-S01",
            "sequence": 1,
            "flow_phase": "DISCOVER",
            "step_action_type": "DISCOVER_NPC",
            "step_category": "FLOW_ACTION",
            "gdd_objective_type": null,
            "target_ref": "npc_livia_lens",
            "required": true
          },
          {
            "quest_id": "M-LT-01",
            "step_id": "M-LT-01-S02",
            "sequence": 2,
            "flow_phase": "DIALOGUE",
            "step_action_type": "TALK_TO_NPC",
            "step_category": "OBJECTIVE",
            "gdd_objective_type": "COMPLETE_DIALOGUE",
            "target_ref": "M-LT-01-OFFER",
            "required": true
          },
          {
            "quest_id": "M-LT-01",
            "step_id": "M-LT-01-S03",
            "sequence": 3,
            "flow_phase": "ACCEPT",
            "step_action_type": "ACCEPT_QUEST",
            "step_category": "FLOW_ACTION",
            "gdd_objective_type": null,
            "target_ref": "M-LT-01",
            "required": true
          },
          {
            "quest_id": "M-LT-01",
            "step_id": "M-LT-01-S04",
            "sequence": 4,
            "flow_phase": "OBJECTIVE",
            "step_action_type": "REACH_LOCATION",
            "step_category": "OBJECTIVE",
            "gdd_objective_type": "REACH_LOCATION",
            "target_ref": "M-LT-01",
            "required": true
          },
          {
            "quest_id": "M-LT-01",
            "step_id": "M-LT-01-S05",
            "sequence": 5,
            "flow_phase": "OBJECTIVE",
            "step_action_type": "COLLECT_MEDIA",
            "step_category": "OBJECTIVE",
            "gdd_objective_type": "SUBMIT_MEDIA",
            "target_ref": "M-LT-01",
            "required": true
          },
          {
            "quest_id": "M-LT-01",
            "step_id": "M-LT-01-S06",
            "sequence": 6,
            "flow_phase": "OBJECTIVE",
            "step_action_type": "SUBMIT_FOR_REVIEW",
            "step_category": "OBJECTIVE",
            "gdd_objective_type": "SUBMIT_MEDIA",
            "target_ref": "M-LT-01",
            "required": true
          },
          {
            "quest_id": "M-LT-01",
            "step_id": "M-LT-01-S07",
            "sequence": 7,
            "flow_phase": "COMPLETE",
            "step_action_type": "TALK_TO_NPC",
            "step_category": "OBJECTIVE",
            "gdd_objective_type": "COMPLETE_DIALOGUE",
            "target_ref": "M-LT-01-COMPLETE",
            "required": true
          }
        ],
        "npc_refs": [
          {
            "npc_id": "npc_livia_lens",
            "name": "Livia Lens",
            "quest_id": "M-LT-01",
            "role": "QUEST_GIVER"
          }
        ],
        "enemy_refs": [],
        "enemy_hook": "Maschera del Dramma",
        "rationale": "In regulärer Quest gruppiert; aktuelle Sicht und blinden Test vor Release abschließen.",
        "source_urls": [
          "https://www.turismoroma.it/it/luoghi/teatro-di-marcello"
        ],
        "map_urls": [
          "https://www.google.com/maps/search/?api=1&query=41.892202,12.479938"
        ],
        "geofence": {
          "interaction_radius_m": 15,
          "exit_hysteresis_radius_m": 25,
          "discovery_radius_m": 55
        }
      }
    },
    {
      "type": "Feature",
      "id": "location:place_day_1_terrazza_del_gianicolo",
      "geometry": {
        "type": "Point",
        "coordinates": [
          12.4613885,
          41.8914773
        ]
      },
      "properties": {
        "feature_type": "location_candidate",
        "candidate_id": "place_day_1_terrazza_del_gianicolo",
        "name": "Terrazza del Gianicolo",
        "day": "DAY_1",
        "cluster": "D1_GIANICOLO",
        "decision": "SONDERQUEST",
        "active_in_v08": true,
        "traffic_light": "GRUEN",
        "research_status": "GRUEN_SONDERROLLE",
        "content_status": "APPROVED",
        "publishable": true,
        "geometry_status": "COORDINATE_FROM_V07_WORKBOOK",
        "geometry_sources": [
          "Ortszuordnung",
          "Supportpunkte.Google Maps"
        ],
        "alternate_geometry_anchors": [],
        "score_v03": 86,
        "core_use_count": 0,
        "special_use_count": 1,
        "support_roles": [
          "WORLD_BOSS_LOCATION",
          "BOSS_STAGING_SAFE_ZONE"
        ],
        "support_definitions": [
          {
            "function": "Boss-Sicherheitszone",
            "risk": "Primär Weltboss-Ort. Kampftrigger großzügig setzen und vom Straßenverkehr abwenden.",
            "recommendation": "ALS_SEPARATEN_SUPPORTPUNKT_BEHALTEN"
          }
        ],
        "quest_refs": [
          "B-D1-01"
        ],
        "quest_stations": [
          {
            "quest_id": "B-D1-01",
            "quest_type": "WORLD_BOSS",
            "sequence": 1,
            "role": "START / ERSTER HINWEIS",
            "observable_evidence": "Weite, offene Aussichtsterrasse beim Garibaldi-Denkmal; geeignet als sichere Bossbühne, nicht als kleines Suchobjekt.",
            "location_question": "Gehört der Gianicolo zu den klassischen sieben Hügeln des antiken Rom?",
            "expected_answer": "Nein",
            "access_fallback_note": "V03-Punkt; Primär Weltboss-Ort. Kampftrigger großzügig setzen und vom Straßenverkehr abwenden.",
            "enemy_hook": "Il Cannoniere del Gianicolo"
          }
        ],
        "quest_step_refs": [
          {
            "quest_id": "B-D1-01",
            "step_id": "B-D1-01-S01",
            "sequence": 1,
            "flow_phase": "DISCOVER",
            "step_action_type": "DISCOVER_NPC",
            "step_category": "FLOW_ACTION",
            "gdd_objective_type": null,
            "target_ref": "npc_cannoniere_gianicolo",
            "required": true
          },
          {
            "quest_id": "B-D1-01",
            "step_id": "B-D1-01-S02",
            "sequence": 2,
            "flow_phase": "DIALOGUE",
            "step_action_type": "TALK_TO_NPC",
            "step_category": "OBJECTIVE",
            "gdd_objective_type": "COMPLETE_DIALOGUE",
            "target_ref": "B-D1-01-OFFER",
            "required": true
          },
          {
            "quest_id": "B-D1-01",
            "step_id": "B-D1-01-S03",
            "sequence": 3,
            "flow_phase": "ACCEPT",
            "step_action_type": "ACCEPT_QUEST",
            "step_category": "FLOW_ACTION",
            "gdd_objective_type": null,
            "target_ref": "B-D1-01",
            "required": true
          },
          {
            "quest_id": "B-D1-01",
            "step_id": "B-D1-01-S04",
            "sequence": 4,
            "flow_phase": "OBJECTIVE",
            "step_action_type": "BOSS_PARTICIPATION",
            "step_category": "OBJECTIVE",
            "gdd_objective_type": "COMPLETE_ENCOUNTER",
            "target_ref": "B-D1-01",
            "required": true
          },
          {
            "quest_id": "B-D1-01",
            "step_id": "B-D1-01-S05",
            "sequence": 5,
            "flow_phase": "COMPLETE",
            "step_action_type": "TALK_TO_NPC",
            "step_category": "OBJECTIVE",
            "gdd_objective_type": "COMPLETE_DIALOGUE",
            "target_ref": "B-D1-01-COMPLETE",
            "required": true
          }
        ],
        "npc_refs": [
          {
            "npc_id": "npc_cannoniere_gianicolo",
            "name": "Il Cannoniere del Gianicolo",
            "quest_id": "B-D1-01",
            "role": "QUEST_GIVER"
          }
        ],
        "enemy_refs": [],
        "enemy_hook": "Il Cannoniere del Gianicolo",
        "rationale": "Für Medien-, Hidden- oder Bossinhalt vorgesehen; separate Slot- oder Eventregel.",
        "source_urls": [
          "https://www.openstreetmap.org/node/1001130475"
        ],
        "map_urls": [
          "https://www.google.com/maps/search/?api=1&query=41.8914773,12.4613885"
        ],
        "geofence": {
          "interaction_radius_m": 15,
          "exit_hysteresis_radius_m": 25,
          "discovery_radius_m": 55
        }
      }
    },
    {
      "type": "Feature",
      "id": "location:place_day_2_altare_della_patria",
      "geometry": {
        "type": "Point",
        "coordinates": [
          12.4831835,
          41.8947045
        ]
      },
      "properties": {
        "feature_type": "location_candidate",
        "candidate_id": "place_day_2_altare_della_patria",
        "name": "Nationaldenkmal für Viktor Emanuel II.",
        "day": "DAY_2",
        "cluster": "D2_CAMPIDOGLIO_FORI_TRAIANEI",
        "decision": "KERNQUEST",
        "active_in_v08": true,
        "traffic_light": "GRUEN",
        "research_status": "GRUEN_MENSCHENMENGE",
        "content_status": "APPROVED",
        "publishable": true,
        "geometry_status": "COORDINATE_FROM_V07_WORKBOOK",
        "geometry_sources": [
          "Ortszuordnung",
          "Unique Gegner.Google Maps"
        ],
        "alternate_geometry_anchors": [],
        "score_v03": 88,
        "core_use_count": 1,
        "special_use_count": 0,
        "support_roles": [],
        "support_definitions": [],
        "quest_refs": [
          "D2-Q02"
        ],
        "quest_stations": [
          {
            "quest_id": "D2-Q02",
            "quest_type": "REGULAER",
            "sequence": 1,
            "role": "START / ERSTER HINWEIS",
            "observable_evidence": "Zwei monumentale Quadrigen auf den oberen Enden des Bauwerks.",
            "location_question": "Wie viele große Quadrigen stehen auf den beiden oberen Enden des Nationaldenkmals?",
            "expected_answer": "Zwei",
            "access_fallback_note": "V03-Punkt; Nur Außenansicht; keine Terrasse oder Museumseintritt verlangen.",
            "enemy_hook": null
          }
        ],
        "quest_step_refs": [
          {
            "quest_id": "D2-Q02",
            "step_id": "D2-Q02-S01",
            "sequence": 1,
            "flow_phase": "DISCOVER",
            "step_action_type": "DISCOVER_NPC",
            "step_category": "FLOW_ACTION",
            "gdd_objective_type": null,
            "target_ref": "npc_vittoria_alata",
            "required": true
          },
          {
            "quest_id": "D2-Q02",
            "step_id": "D2-Q02-S02",
            "sequence": 2,
            "flow_phase": "DIALOGUE",
            "step_action_type": "TALK_TO_NPC",
            "step_category": "OBJECTIVE",
            "gdd_objective_type": "COMPLETE_DIALOGUE",
            "target_ref": "D2-Q02-OFFER",
            "required": true
          },
          {
            "quest_id": "D2-Q02",
            "step_id": "D2-Q02-S03",
            "sequence": 3,
            "flow_phase": "ACCEPT",
            "step_action_type": "ACCEPT_QUEST",
            "step_category": "FLOW_ACTION",
            "gdd_objective_type": null,
            "target_ref": "D2-Q02",
            "required": true
          },
          {
            "quest_id": "D2-Q02",
            "step_id": "D2-Q02-S04",
            "sequence": 4,
            "flow_phase": "OBJECTIVE",
            "step_action_type": "ANSWER_QUESTION",
            "step_category": "OBJECTIVE",
            "gdd_objective_type": "SUBMIT_ANSWER",
            "target_ref": "OBS-D2-Q02-1",
            "required": true
          },
          {
            "quest_id": "D2-Q02",
            "step_id": "D2-Q02-S05",
            "sequence": 5,
            "flow_phase": "OBJECTIVE",
            "step_action_type": "SOLVE_PUZZLE",
            "step_category": "OBJECTIVE",
            "gdd_objective_type": "SUBMIT_ANSWER",
            "target_ref": "PZ-D2-Q02",
            "required": true
          },
          {
            "quest_id": "D2-Q02",
            "step_id": "D2-Q02-S06",
            "sequence": 6,
            "flow_phase": "COMPLETE",
            "step_action_type": "TALK_TO_NPC",
            "step_category": "OBJECTIVE",
            "gdd_objective_type": "COMPLETE_DIALOGUE",
            "target_ref": "D2-Q02-COMPLETE",
            "required": true
          }
        ],
        "npc_refs": [
          {
            "npc_id": "npc_vittoria_alata",
            "name": "Vittoria Alata",
            "quest_id": "D2-Q02",
            "role": "QUEST_GIVER"
          }
        ],
        "enemy_refs": [
          "UE-D2-01"
        ],
        "enemy_hook": "Quadriga dell’Unità",
        "rationale": "In regulärer Quest gruppiert; aktuelle Sicht und blinden Test vor Release abschließen.",
        "source_urls": [
          "https://vive.cultura.gov.it/"
        ],
        "map_urls": [
          "https://www.google.com/maps/search/?api=1&query=41.8947045,12.4831835"
        ],
        "geofence": {
          "interaction_radius_m": 15,
          "exit_hysteresis_radius_m": 25,
          "discovery_radius_m": 55
        }
      }
    },
    {
      "type": "Feature",
      "id": "location:place_day_2_arco_degli_argentari",
      "geometry": {
        "type": "Point",
        "coordinates": [
          12.4830029,
          41.8894907
        ]
      },
      "properties": {
        "feature_type": "location_candidate",
        "candidate_id": "place_day_2_arco_degli_argentari",
        "name": "Arco degli Argentari",
        "day": "DAY_2",
        "cluster": "D2_AVENTINO_FORUM_BOARIUM",
        "decision": "KERNQUEST",
        "active_in_v08": true,
        "traffic_light": "GRUEN",
        "research_status": "GRUEN_KONZEPTREIF",
        "content_status": "APPROVED",
        "publishable": true,
        "geometry_status": "COORDINATE_FROM_V07_WORKBOOK",
        "geometry_sources": [
          "Ortszuordnung"
        ],
        "alternate_geometry_anchors": [],
        "score_v03": 89,
        "core_use_count": 1,
        "special_use_count": 0,
        "support_roles": [],
        "support_definitions": [],
        "quest_refs": [
          "D2-Q04"
        ],
        "quest_stations": [
          {
            "quest_id": "D2-Q04",
            "quest_type": "REGULAER",
            "sequence": 3,
            "role": "ZWISCHENSTATION",
            "observable_evidence": "Gerader oberer Abschluss über engem Durchgang; reiche Reliefs an den Pfeilern.",
            "location_question": "Wie ist der obere Abschluss des Durchgangs geformt?",
            "expected_answer": "Gerade, als Architrav",
            "access_fallback_note": "V03-Punkt; VISUAL_EVIDENCE_NOT_YET_VERIFIED",
            "enemy_hook": "Custode di Giano"
          }
        ],
        "quest_step_refs": [
          {
            "quest_id": "D2-Q04",
            "step_id": "D2-Q04-S07",
            "sequence": 7,
            "flow_phase": "OBJECTIVE",
            "step_action_type": "REACH_LOCATION",
            "step_category": "OBJECTIVE",
            "gdd_objective_type": "REACH_LOCATION",
            "target_ref": "place_day_2_arco_degli_argentari",
            "required": true
          },
          {
            "quest_id": "D2-Q04",
            "step_id": "D2-Q04-S08",
            "sequence": 8,
            "flow_phase": "OBJECTIVE",
            "step_action_type": "ANSWER_QUESTION",
            "step_category": "OBJECTIVE",
            "gdd_objective_type": "SUBMIT_ANSWER",
            "target_ref": "OBS-D2-Q04-3",
            "required": true
          }
        ],
        "npc_refs": [],
        "enemy_refs": [],
        "enemy_hook": null,
        "rationale": "In regulärer Quest gruppiert; aktuelle Sicht und blinden Test vor Release abschließen.",
        "source_urls": [
          "https://en.wikipedia.org/wiki/Arcus_Argentariorum"
        ],
        "map_urls": [
          "https://www.google.com/maps/search/?api=1&query=41.8894907,12.4830029"
        ],
        "geofence": {
          "interaction_radius_m": 15,
          "exit_hysteresis_radius_m": 25,
          "discovery_radius_m": 55
        }
      }
    },
    {
      "type": "Feature",
      "id": "location:place_day_2_arco_di_costantino",
      "geometry": {
        "type": "Point",
        "coordinates": [
          12.4906668,
          41.8897623
        ]
      },
      "properties": {
        "feature_type": "location_candidate",
        "candidate_id": "place_day_2_arco_di_costantino",
        "name": "Konstantinsbogen",
        "day": "DAY_2",
        "cluster": "D2_FORUM_COLOSSEO",
        "decision": "KERNQUEST",
        "active_in_v08": true,
        "traffic_light": "GRUEN",
        "research_status": "GRUEN_AUSSENPUNKT",
        "content_status": "APPROVED",
        "publishable": true,
        "geometry_status": "COORDINATE_FROM_V07_WORKBOOK",
        "geometry_sources": [
          "Ortszuordnung"
        ],
        "alternate_geometry_anchors": [],
        "score_v03": 91,
        "core_use_count": 1,
        "special_use_count": 0,
        "support_roles": [],
        "support_definitions": [],
        "quest_refs": [
          "D2-Q03"
        ],
        "quest_stations": [
          {
            "quest_id": "D2-Q03",
            "quest_type": "REGULAER",
            "sequence": 1,
            "role": "START / ERSTER HINWEIS",
            "observable_evidence": "Drei monumentale Durchgänge, vom öffentlichen Bereich beim Kolosseum sichtbar.",
            "location_question": "Wie viele Durchgänge besitzt der Konstantinsbogen?",
            "expected_answer": "Drei",
            "access_fallback_note": "V03-Punkt; VISUAL_EVIDENCE_NOT_YET_VERIFIED|CROWDING_RISK",
            "enemy_hook": "Gladiator des Ludus"
          }
        ],
        "quest_step_refs": [
          {
            "quest_id": "D2-Q03",
            "step_id": "D2-Q03-S01",
            "sequence": 1,
            "flow_phase": "DISCOVER",
            "step_action_type": "DISCOVER_NPC",
            "step_category": "FLOW_ACTION",
            "gdd_objective_type": null,
            "target_ref": "npc_lanista_felix",
            "required": true
          },
          {
            "quest_id": "D2-Q03",
            "step_id": "D2-Q03-S02",
            "sequence": 2,
            "flow_phase": "DIALOGUE",
            "step_action_type": "TALK_TO_NPC",
            "step_category": "OBJECTIVE",
            "gdd_objective_type": "COMPLETE_DIALOGUE",
            "target_ref": "D2-Q03-OFFER",
            "required": true
          },
          {
            "quest_id": "D2-Q03",
            "step_id": "D2-Q03-S03",
            "sequence": 3,
            "flow_phase": "ACCEPT",
            "step_action_type": "ACCEPT_QUEST",
            "step_category": "FLOW_ACTION",
            "gdd_objective_type": null,
            "target_ref": "D2-Q03",
            "required": true
          },
          {
            "quest_id": "D2-Q03",
            "step_id": "D2-Q03-S04",
            "sequence": 4,
            "flow_phase": "OBJECTIVE",
            "step_action_type": "ANSWER_QUESTION",
            "step_category": "OBJECTIVE",
            "gdd_objective_type": "SUBMIT_ANSWER",
            "target_ref": "OBS-D2-Q03-1",
            "required": true
          }
        ],
        "npc_refs": [
          {
            "npc_id": "npc_lanista_felix",
            "name": "Lanista Felix",
            "quest_id": "D2-Q03",
            "role": "QUEST_GIVER"
          }
        ],
        "enemy_refs": [],
        "enemy_hook": null,
        "rationale": "In regulärer Quest gruppiert; aktuelle Sicht und blinden Test vor Release abschließen.",
        "source_urls": [
          "https://en.wikipedia.org/wiki/Arch_of_Constantine"
        ],
        "map_urls": [
          "https://www.google.com/maps/search/?api=1&query=41.8897623,12.4906668"
        ],
        "geofence": {
          "interaction_radius_m": 15,
          "exit_hysteresis_radius_m": 25,
          "discovery_radius_m": 55
        }
      }
    },
    {
      "type": "Feature",
      "id": "location:place_day_2_arco_di_giano",
      "geometry": {
        "type": "Point",
        "coordinates": [
          12.4827682,
          41.889353
        ]
      },
      "properties": {
        "feature_type": "location_candidate",
        "candidate_id": "place_day_2_arco_di_giano",
        "name": "Janusbogen",
        "day": "DAY_2",
        "cluster": "D2_AVENTINO_FORUM_BOARIUM",
        "decision": "KERNQUEST",
        "active_in_v08": true,
        "traffic_light": "GRUEN",
        "research_status": "GRUEN_KONZEPTREIF",
        "content_status": "APPROVED",
        "publishable": true,
        "geometry_status": "COORDINATE_FROM_V07_WORKBOOK",
        "geometry_sources": [
          "Ortszuordnung"
        ],
        "alternate_geometry_anchors": [],
        "score_v03": 88,
        "core_use_count": 1,
        "special_use_count": 0,
        "support_roles": [],
        "support_definitions": [],
        "quest_refs": [
          "D2-Q04"
        ],
        "quest_stations": [
          {
            "quest_id": "D2-Q04",
            "quest_type": "REGULAER",
            "sequence": 4,
            "role": "ABSCHLUSS",
            "observable_evidence": "Vier weithin sichtbare Bogenöffnungen auf vier Seiten.",
            "location_question": "Nach wie vielen Seiten öffnet sich das Monument mit großen Durchgängen?",
            "expected_answer": "Vier",
            "access_fallback_note": "V03-Punkt; VISUAL_EVIDENCE_NOT_YET_VERIFIED|CROWDING_RISK",
            "enemy_hook": "Custode di Giano"
          }
        ],
        "quest_step_refs": [
          {
            "quest_id": "D2-Q04",
            "step_id": "D2-Q04-S10",
            "sequence": 10,
            "flow_phase": "OBJECTIVE",
            "step_action_type": "ANSWER_QUESTION",
            "step_category": "OBJECTIVE",
            "gdd_objective_type": "SUBMIT_ANSWER",
            "target_ref": "OBS-D2-Q04-4",
            "required": true
          },
          {
            "quest_id": "D2-Q04",
            "step_id": "D2-Q04-S11",
            "sequence": 11,
            "flow_phase": "OBJECTIVE",
            "step_action_type": "SOLVE_PUZZLE",
            "step_category": "OBJECTIVE",
            "gdd_objective_type": "SUBMIT_ANSWER",
            "target_ref": "PZ-D2-Q04",
            "required": true
          },
          {
            "quest_id": "D2-Q04",
            "step_id": "D2-Q04-S12",
            "sequence": 12,
            "flow_phase": "BONUS_OBJECTIVE",
            "step_action_type": "DEFEAT_ENEMY",
            "step_category": "OBJECTIVE",
            "gdd_objective_type": "COMPLETE_ENCOUNTER",
            "target_ref": "enemy:quest:D2-Q04-S12",
            "required": false
          },
          {
            "quest_id": "D2-Q04",
            "step_id": "D2-Q04-S13",
            "sequence": 13,
            "flow_phase": "COMPLETE",
            "step_action_type": "TALK_TO_NPC",
            "step_category": "OBJECTIVE",
            "gdd_objective_type": "COMPLETE_DIALOGUE",
            "target_ref": "D2-Q04-COMPLETE",
            "required": true
          },
          {
            "quest_id": "D2-Q04",
            "step_id": "D2-Q04-S09",
            "sequence": 9,
            "flow_phase": "OBJECTIVE",
            "step_action_type": "REACH_LOCATION",
            "step_category": "OBJECTIVE",
            "gdd_objective_type": "REACH_LOCATION",
            "target_ref": "place_day_2_arco_di_giano",
            "required": true
          }
        ],
        "npc_refs": [],
        "enemy_refs": [],
        "enemy_hook": null,
        "rationale": "In regulärer Quest gruppiert; aktuelle Sicht und blinden Test vor Release abschließen.",
        "source_urls": [
          "https://it.wikipedia.org/wiki/Arco_di_Giano"
        ],
        "map_urls": [
          "https://www.google.com/maps/search/?api=1&query=41.889353,12.4827682"
        ],
        "geofence": {
          "interaction_radius_m": 15,
          "exit_hysteresis_radius_m": 25,
          "discovery_radius_m": 55
        }
      }
    },
    {
      "type": "Feature",
      "id": "location:place_day_2_arco_di_settimio_severo",
      "geometry": null,
      "properties": {
        "feature_type": "location_candidate",
        "candidate_id": "place_day_2_arco_di_settimio_severo",
        "name": "Arco di Settimio Severo",
        "day": "DAY_2",
        "cluster": "D2_CAMPIDOGLIO_FORI_TRAIANEI",
        "decision": "RESERVE",
        "active_in_v08": false,
        "traffic_light": "GELB",
        "research_status": "GELB_DISTANZ",
        "content_status": "APPROVED",
        "publishable": true,
        "geometry_status": "MISSING_IN_V07_WORKBOOK",
        "geometry_sources": [],
        "alternate_geometry_anchors": [],
        "score_v03": 91,
        "core_use_count": 0,
        "special_use_count": 0,
        "support_roles": [],
        "support_definitions": [],
        "quest_refs": [],
        "quest_stations": [],
        "quest_step_refs": [],
        "npc_refs": [],
        "enemy_refs": [],
        "enemy_hook": null,
        "rationale": "Als Ersatz- oder späterer Questkandidat erhalten.",
        "source_urls": [],
        "map_urls": [],
        "geofence": {
          "interaction_radius_m": 15,
          "exit_hysteresis_radius_m": 25,
          "discovery_radius_m": 55
        }
      }
    },
    {
      "type": "Feature",
      "id": "location:place_day_2_arco_di_via_nola",
      "geometry": null,
      "properties": {
        "feature_type": "location_candidate",
        "candidate_id": "place_day_2_arco_di_via_nola",
        "name": "Arco di Via Nola",
        "day": "DAY_2",
        "cluster": "D2_CELIO_SAN_GIOVANNI",
        "decision": "AUSSCHLUSS",
        "active_in_v08": false,
        "traffic_light": "ROT",
        "research_status": "ROT_QUELLE_UNZUREICHEND",
        "content_status": "APPROVED",
        "publishable": true,
        "geometry_status": "MISSING_IN_V07_WORKBOOK",
        "geometry_sources": [],
        "alternate_geometry_anchors": [],
        "score_v03": 84,
        "core_use_count": 0,
        "special_use_count": 0,
        "support_roles": [],
        "support_definitions": [],
        "quest_refs": [],
        "quest_stations": [],
        "quest_step_refs": [],
        "npc_refs": [],
        "enemy_refs": [],
        "enemy_hook": "Arciere di Via Nola",
        "rationale": "Nicht als Pflichtort; nur nach neuer Evidenz neu bewerten.",
        "source_urls": [],
        "map_urls": [],
        "geofence": {
          "interaction_radius_m": 15,
          "exit_hysteresis_radius_m": 25,
          "discovery_radius_m": 55
        }
      }
    },
    {
      "type": "Feature",
      "id": "location:place_day_2_arco_su_porta_san_lorenzo",
      "geometry": null,
      "properties": {
        "feature_type": "location_candidate",
        "candidate_id": "place_day_2_arco_su_porta_san_lorenzo",
        "name": "Arco su Porta San Lorenzo",
        "day": "DAY_2",
        "cluster": "D2_SANTA_MARIA_MAGGIORE",
        "decision": "RESERVE",
        "active_in_v08": false,
        "traffic_light": "GRUEN",
        "research_status": "GRUEN_MIT_VERKEHRSBLICKPUNKT",
        "content_status": "APPROVED",
        "publishable": true,
        "geometry_status": "MISSING_IN_V07_WORKBOOK",
        "geometry_sources": [],
        "alternate_geometry_anchors": [],
        "score_v03": 83,
        "core_use_count": 0,
        "special_use_count": 0,
        "support_roles": [],
        "support_definitions": [],
        "quest_refs": [],
        "quest_stations": [],
        "quest_step_refs": [],
        "npc_refs": [],
        "enemy_refs": [],
        "enemy_hook": null,
        "rationale": "Als Ersatz- oder späterer Questkandidat erhalten.",
        "source_urls": [],
        "map_urls": [],
        "geofence": {
          "interaction_radius_m": 15,
          "exit_hysteresis_radius_m": 25,
          "discovery_radius_m": 55
        }
      }
    },
    {
      "type": "Feature",
      "id": "location:place_day_2_basilica_di_san_giovanni_in_laterano",
      "geometry": {
        "type": "Point",
        "coordinates": [
          12.5055858,
          41.8857617
        ]
      },
      "properties": {
        "feature_type": "location_candidate",
        "candidate_id": "place_day_2_basilica_di_san_giovanni_in_laterano",
        "name": "Lateranbasilika",
        "day": "DAY_2",
        "cluster": "D2_CELIO_SAN_GIOVANNI",
        "decision": "KERNQUEST",
        "active_in_v08": true,
        "traffic_light": "GRUEN",
        "research_status": "GRUEN_AUSSENPUNKT",
        "content_status": "APPROVED",
        "publishable": true,
        "geometry_status": "COORDINATE_FROM_V07_WORKBOOK",
        "geometry_sources": [
          "Ortszuordnung"
        ],
        "alternate_geometry_anchors": [],
        "score_v03": 81,
        "core_use_count": 1,
        "special_use_count": 0,
        "support_roles": [],
        "support_definitions": [],
        "quest_refs": [
          "D2-Q07"
        ],
        "quest_stations": [
          {
            "quest_id": "D2-Q07",
            "quest_type": "REGULAER",
            "sequence": 1,
            "role": "START / ERSTER HINWEIS",
            "observable_evidence": "Sehr große Statuengruppe auf der Dachlinie mit Christus in der Mitte.",
            "location_question": "Welche Figur steht im Zentrum der Statuengruppe auf der Hauptfassade?",
            "expected_answer": "Christus",
            "access_fallback_note": "V03-Punkt; Nur die Piazza und Außenfassade verwenden; kein Kirchenbesuch.",
            "enemy_hook": null
          }
        ],
        "quest_step_refs": [
          {
            "quest_id": "D2-Q07",
            "step_id": "D2-Q07-S01",
            "sequence": 1,
            "flow_phase": "DISCOVER",
            "step_action_type": "DISCOVER_NPC",
            "step_category": "FLOW_ACTION",
            "gdd_objective_type": null,
            "target_ref": "npc_sixtus_vermesser",
            "required": true
          },
          {
            "quest_id": "D2-Q07",
            "step_id": "D2-Q07-S02",
            "sequence": 2,
            "flow_phase": "DIALOGUE",
            "step_action_type": "TALK_TO_NPC",
            "step_category": "OBJECTIVE",
            "gdd_objective_type": "COMPLETE_DIALOGUE",
            "target_ref": "D2-Q07-OFFER",
            "required": true
          },
          {
            "quest_id": "D2-Q07",
            "step_id": "D2-Q07-S03",
            "sequence": 3,
            "flow_phase": "ACCEPT",
            "step_action_type": "ACCEPT_QUEST",
            "step_category": "FLOW_ACTION",
            "gdd_objective_type": null,
            "target_ref": "D2-Q07",
            "required": true
          },
          {
            "quest_id": "D2-Q07",
            "step_id": "D2-Q07-S04",
            "sequence": 4,
            "flow_phase": "OBJECTIVE",
            "step_action_type": "ANSWER_QUESTION",
            "step_category": "OBJECTIVE",
            "gdd_objective_type": "SUBMIT_ANSWER",
            "target_ref": "OBS-D2-Q07-1",
            "required": true
          }
        ],
        "npc_refs": [
          {
            "npc_id": "npc_sixtus_vermesser",
            "name": "Sixtus, Vermesser der Achsen",
            "quest_id": "D2-Q07",
            "role": "QUEST_GIVER"
          }
        ],
        "enemy_refs": [],
        "enemy_hook": null,
        "rationale": "In regulärer Quest gruppiert; aktuelle Sicht und blinden Test vor Release abschließen.",
        "source_urls": [
          "https://it.wikipedia.org/wiki/Basilica_di_San_Giovanni_in_Laterano"
        ],
        "map_urls": [
          "https://www.google.com/maps/search/?api=1&query=41.8857617,12.5055858"
        ],
        "geofence": {
          "interaction_radius_m": 15,
          "exit_hysteresis_radius_m": 25,
          "discovery_radius_m": 55
        }
      }
    },
    {
      "type": "Feature",
      "id": "location:place_day_2_basilica_di_santa_maria_maggiore",
      "geometry": {
        "type": "Point",
        "coordinates": [
          12.499145861948264,
          41.89712887126836
        ]
      },
      "properties": {
        "feature_type": "location_candidate",
        "candidate_id": "place_day_2_basilica_di_santa_maria_maggiore",
        "name": "Basilika Groß Sankt Marien",
        "day": "DAY_2",
        "cluster": "D2_SANTA_MARIA_MAGGIORE",
        "decision": "KERNQUEST",
        "active_in_v08": true,
        "traffic_light": "GELB",
        "research_status": "GELB_BOSS_MENSCHENMENGE",
        "content_status": "APPROVED",
        "publishable": true,
        "geometry_status": "COORDINATE_FROM_V07_WORKBOOK",
        "geometry_sources": [
          "Ortszuordnung",
          "Supportpunkte.Google Maps"
        ],
        "alternate_geometry_anchors": [],
        "score_v03": 84,
        "core_use_count": 1,
        "special_use_count": 1,
        "support_roles": [
          "REVIVE_POINT_CANDIDATE",
          "WORLD_BOSS_LOCATION",
          "BOSS_STAGING_SAFE_ZONE"
        ],
        "support_definitions": [
          {
            "function": "Wiederbelebung / Sammelpunkt",
            "risk": "Primär Boss-Staging auf dem öffentlichen Platz. Die Loggiazahl muss auf aktuellem Frontalbild nochmals bestätigt werden.",
            "recommendation": "ALS_SEPARATEN_SUPPORTPUNKT_BEHALTEN"
          }
        ],
        "quest_refs": [
          "B-D2-01",
          "D2-Q09"
        ],
        "quest_stations": [
          {
            "quest_id": "B-D2-01",
            "quest_type": "WORLD_BOSS",
            "sequence": 1,
            "role": "START / ERSTER HINWEIS",
            "observable_evidence": "Monumentale Fassade mit zentraler oberer Loggia und Marienbezug; großer öffentlicher Platz davor.",
            "location_question": "Wie viele große Öffnungen besitzt die zentrale obere Loggia der Hauptfassade?",
            "expected_answer": "Drei",
            "access_fallback_note": "World-boss staging point placed on Piazza di Santa Maria Maggiore, outside the basilica. No interior access may be required.; Primär Boss-Staging auf dem öffentlichen Platz. Die Loggiazahl muss auf aktuellem Frontalbild nochmals bestätigt werden.",
            "enemy_hook": "Custode della Neve"
          },
          {
            "quest_id": "D2-Q09",
            "quest_type": "REGULAER",
            "sequence": 1,
            "role": "START / ERSTER HINWEIS",
            "observable_evidence": "Monumentale Fassade mit zentraler oberer Loggia und Marienbezug; großer öffentlicher Platz davor.",
            "location_question": "Wie viele große Öffnungen besitzt die zentrale obere Loggia der Hauptfassade?",
            "expected_answer": "Drei",
            "access_fallback_note": "World-boss staging point placed on Piazza di Santa Maria Maggiore, outside the basilica. No interior access may be required.; Primär Boss-Staging auf dem öffentlichen Platz. Die Loggiazahl muss auf aktuellem Frontalbild nochmals bestätigt werden.",
            "enemy_hook": "Vapore delle Terme"
          }
        ],
        "quest_step_refs": [
          {
            "quest_id": "B-D2-01",
            "step_id": "B-D2-01-S01",
            "sequence": 1,
            "flow_phase": "DISCOVER",
            "step_action_type": "DISCOVER_NPC",
            "step_category": "FLOW_ACTION",
            "gdd_objective_type": null,
            "target_ref": "npc_custode_neve",
            "required": true
          },
          {
            "quest_id": "B-D2-01",
            "step_id": "B-D2-01-S02",
            "sequence": 2,
            "flow_phase": "DIALOGUE",
            "step_action_type": "TALK_TO_NPC",
            "step_category": "OBJECTIVE",
            "gdd_objective_type": "COMPLETE_DIALOGUE",
            "target_ref": "B-D2-01-OFFER",
            "required": true
          },
          {
            "quest_id": "B-D2-01",
            "step_id": "B-D2-01-S03",
            "sequence": 3,
            "flow_phase": "ACCEPT",
            "step_action_type": "ACCEPT_QUEST",
            "step_category": "FLOW_ACTION",
            "gdd_objective_type": null,
            "target_ref": "B-D2-01",
            "required": true
          },
          {
            "quest_id": "B-D2-01",
            "step_id": "B-D2-01-S04",
            "sequence": 4,
            "flow_phase": "OBJECTIVE",
            "step_action_type": "BOSS_PARTICIPATION",
            "step_category": "OBJECTIVE",
            "gdd_objective_type": "COMPLETE_ENCOUNTER",
            "target_ref": "B-D2-01",
            "required": true
          },
          {
            "quest_id": "B-D2-01",
            "step_id": "B-D2-01-S05",
            "sequence": 5,
            "flow_phase": "COMPLETE",
            "step_action_type": "TALK_TO_NPC",
            "step_category": "OBJECTIVE",
            "gdd_objective_type": "COMPLETE_DIALOGUE",
            "target_ref": "B-D2-01-COMPLETE",
            "required": true
          },
          {
            "quest_id": "D2-Q09",
            "step_id": "D2-Q09-S01",
            "sequence": 1,
            "flow_phase": "DISCOVER",
            "step_action_type": "DISCOVER_NPC",
            "step_category": "FLOW_ACTION",
            "gdd_objective_type": null,
            "target_ref": "npc_livia_strata",
            "required": true
          },
          {
            "quest_id": "D2-Q09",
            "step_id": "D2-Q09-S02",
            "sequence": 2,
            "flow_phase": "DIALOGUE",
            "step_action_type": "TALK_TO_NPC",
            "step_category": "OBJECTIVE",
            "gdd_objective_type": "COMPLETE_DIALOGUE",
            "target_ref": "D2-Q09-OFFER",
            "required": true
          },
          {
            "quest_id": "D2-Q09",
            "step_id": "D2-Q09-S03",
            "sequence": 3,
            "flow_phase": "ACCEPT",
            "step_action_type": "ACCEPT_QUEST",
            "step_category": "FLOW_ACTION",
            "gdd_objective_type": null,
            "target_ref": "D2-Q09",
            "required": true
          },
          {
            "quest_id": "D2-Q09",
            "step_id": "D2-Q09-S04",
            "sequence": 4,
            "flow_phase": "OBJECTIVE",
            "step_action_type": "ANSWER_QUESTION",
            "step_category": "OBJECTIVE",
            "gdd_objective_type": "SUBMIT_ANSWER",
            "target_ref": "OBS-D2-Q09-1",
            "required": true
          }
        ],
        "npc_refs": [
          {
            "npc_id": "npc_livia_strata",
            "name": "Livia Strata",
            "quest_id": "D2-Q09",
            "role": "QUEST_GIVER"
          },
          {
            "npc_id": "npc_custode_neve",
            "name": "Custode della Neve",
            "quest_id": "B-D2-01",
            "role": "QUEST_GIVER"
          }
        ],
        "enemy_refs": [],
        "enemy_hook": null,
        "rationale": "In regulärer Quest gruppiert; aktuelle Sicht und blinden Test vor Release abschließen.",
        "source_urls": [
          "https://www.turismoroma.it/en/places/piazza-di-santa-maria-maggiore"
        ],
        "map_urls": [
          "https://www.google.com/maps/search/?api=1&query=41.89712887126836,12.499145861948264"
        ],
        "geofence": {
          "interaction_radius_m": 15,
          "exit_hysteresis_radius_m": 25,
          "discovery_radius_m": 55
        }
      }
    },
    {
      "type": "Feature",
      "id": "location:place_day_2_belvedere_romolo_e_remo",
      "geometry": {
        "type": "Point",
        "coordinates": [
          12.484964,
          41.8856975
        ]
      },
      "properties": {
        "feature_type": "location_candidate",
        "candidate_id": "place_day_2_belvedere_romolo_e_remo",
        "name": "Belvedere Romolo E Remo",
        "day": "DAY_2",
        "cluster": "D2_AVENTINO_FORUM_BOARIUM",
        "decision": "KERNQUEST",
        "active_in_v08": true,
        "traffic_light": "GRUEN",
        "research_status": "GRUEN_AUSSICHTSPUNKT",
        "content_status": "APPROVED",
        "publishable": true,
        "geometry_status": "COORDINATE_FROM_V07_WORKBOOK",
        "geometry_sources": [
          "Ortszuordnung"
        ],
        "alternate_geometry_anchors": [],
        "score_v03": 85,
        "core_use_count": 1,
        "special_use_count": 0,
        "support_roles": [],
        "support_definitions": [],
        "quest_refs": [
          "D2-Q05"
        ],
        "quest_stations": [
          {
            "quest_id": "D2-Q05",
            "quest_type": "REGULAER",
            "sequence": 2,
            "role": "ZWISCHENSTATION",
            "observable_evidence": "Freier Panoramablick über die langgestreckte Circus-Senke zum Palatin.",
            "location_question": "Welcher Hügel liegt auf der gegenüberliegenden Seite des Circus Maximus?",
            "expected_answer": "Der Palatin",
            "access_fallback_note": "V03-Punkt; VISUAL_EVIDENCE_NOT_YET_VERIFIED",
            "enemy_hook": "Mascherone dell’Aventino"
          }
        ],
        "quest_step_refs": [
          {
            "quest_id": "D2-Q05",
            "step_id": "D2-Q05-S05",
            "sequence": 5,
            "flow_phase": "OBJECTIVE",
            "step_action_type": "REACH_LOCATION",
            "step_category": "OBJECTIVE",
            "gdd_objective_type": "REACH_LOCATION",
            "target_ref": "place_day_2_belvedere_romolo_e_remo",
            "required": true
          },
          {
            "quest_id": "D2-Q05",
            "step_id": "D2-Q05-S06",
            "sequence": 6,
            "flow_phase": "OBJECTIVE",
            "step_action_type": "ANSWER_QUESTION",
            "step_category": "OBJECTIVE",
            "gdd_objective_type": "SUBMIT_ANSWER",
            "target_ref": "OBS-D2-Q05-2",
            "required": true
          }
        ],
        "npc_refs": [],
        "enemy_refs": [],
        "enemy_hook": "Lupa dei Gemelli",
        "rationale": "In regulärer Quest gruppiert; aktuelle Sicht und blinden Test vor Release abschließen.",
        "source_urls": [
          "https://www.rerumromanarum.com/2024/04/belvedere-romolo-e-remo.html"
        ],
        "map_urls": [
          "https://www.google.com/maps/search/?api=1&query=41.8856975,12.484964"
        ],
        "geofence": {
          "interaction_radius_m": 15,
          "exit_hysteresis_radius_m": 25,
          "discovery_radius_m": 55
        }
      }
    },
    {
      "type": "Feature",
      "id": "location:place_day_2_bocca_della_verita",
      "geometry": {
        "type": "Point",
        "coordinates": [
          12.4815441,
          41.8882567
        ]
      },
      "properties": {
        "feature_type": "location_candidate",
        "candidate_id": "place_day_2_bocca_della_verita",
        "name": "Mund der Wahrheit",
        "day": "DAY_2",
        "cluster": "D2_AVENTINO_FORUM_BOARIUM",
        "decision": "KERNQUEST",
        "active_in_v08": true,
        "traffic_light": "GELB",
        "research_status": "GELB_WARTESCHLANGE",
        "content_status": "APPROVED",
        "publishable": true,
        "geometry_status": "COORDINATE_FROM_V07_WORKBOOK",
        "geometry_sources": [
          "Ortszuordnung"
        ],
        "alternate_geometry_anchors": [],
        "score_v03": 88,
        "core_use_count": 1,
        "special_use_count": 0,
        "support_roles": [],
        "support_definitions": [],
        "quest_refs": [
          "D2-Q04"
        ],
        "quest_stations": [
          {
            "quest_id": "D2-Q04",
            "quest_type": "REGULAER",
            "sequence": 1,
            "role": "START / ERSTER HINWEIS",
            "observable_evidence": "Großes rundes Steingesicht im äußeren Portikus von Santa Maria in Cosmedin.",
            "location_question": "Welcher Gesichtsteil bildet die große zentrale Öffnung?",
            "expected_answer": "Der Mund",
            "access_fallback_note": "V03-Punkt; Nicht verlangen, die Hand hineinzulegen oder die Warteschlange zu betreten; Sicht vom öffentlichen Bereich prüfen.",
            "enemy_hook": "Custode di Giano"
          }
        ],
        "quest_step_refs": [
          {
            "quest_id": "D2-Q04",
            "step_id": "D2-Q04-S01",
            "sequence": 1,
            "flow_phase": "DISCOVER",
            "step_action_type": "DISCOVER_NPC",
            "step_category": "FLOW_ACTION",
            "gdd_objective_type": null,
            "target_ref": "npc_mercator_gaius",
            "required": true
          },
          {
            "quest_id": "D2-Q04",
            "step_id": "D2-Q04-S02",
            "sequence": 2,
            "flow_phase": "DIALOGUE",
            "step_action_type": "TALK_TO_NPC",
            "step_category": "OBJECTIVE",
            "gdd_objective_type": "COMPLETE_DIALOGUE",
            "target_ref": "D2-Q04-OFFER",
            "required": true
          },
          {
            "quest_id": "D2-Q04",
            "step_id": "D2-Q04-S03",
            "sequence": 3,
            "flow_phase": "ACCEPT",
            "step_action_type": "ACCEPT_QUEST",
            "step_category": "FLOW_ACTION",
            "gdd_objective_type": null,
            "target_ref": "D2-Q04",
            "required": true
          },
          {
            "quest_id": "D2-Q04",
            "step_id": "D2-Q04-S04",
            "sequence": 4,
            "flow_phase": "OBJECTIVE",
            "step_action_type": "ANSWER_QUESTION",
            "step_category": "OBJECTIVE",
            "gdd_objective_type": "SUBMIT_ANSWER",
            "target_ref": "OBS-D2-Q04-1",
            "required": true
          }
        ],
        "npc_refs": [
          {
            "npc_id": "npc_mercator_gaius",
            "name": "Gaius Quattuorportus",
            "quest_id": "D2-Q04",
            "role": "QUEST_GIVER"
          }
        ],
        "enemy_refs": [],
        "enemy_hook": null,
        "rationale": "In regulärer Quest gruppiert; aktuelle Sicht und blinden Test vor Release abschließen.",
        "source_urls": [
          "https://it.wikipedia.org/wiki/Bocca_della_Verit%C3%A0"
        ],
        "map_urls": [
          "https://www.google.com/maps/search/?api=1&query=41.8882567,12.4815441"
        ],
        "geofence": {
          "interaction_radius_m": 15,
          "exit_hysteresis_radius_m": 25,
          "discovery_radius_m": 55
        }
      }
    },
    {
      "type": "Feature",
      "id": "location:place_day_2_circo_massimo",
      "geometry": {
        "type": "Point",
        "coordinates": [
          12.484508661426391,
          41.886650681433466
        ]
      },
      "properties": {
        "feature_type": "location_candidate",
        "candidate_id": "place_day_2_circo_massimo",
        "name": "Circus Maximus",
        "day": "DAY_2",
        "cluster": "D2_AVENTINO_FORUM_BOARIUM",
        "decision": "SONDERQUEST",
        "active_in_v08": true,
        "traffic_light": "GRUEN",
        "research_status": "GRUEN_MEDIENQUEST",
        "content_status": "APPROVED",
        "publishable": true,
        "geometry_status": "COORDINATE_FROM_V07_WORKBOOK",
        "geometry_sources": [
          "Ortszuordnung",
          "Supportpunkte.Google Maps"
        ],
        "alternate_geometry_anchors": [],
        "score_v03": 83,
        "core_use_count": 0,
        "special_use_count": 1,
        "support_roles": [
          "MEDIA_QUEST_LOCATION",
          "LOCAL_MEDIA_QUEST",
          "REVIVE_POINT_CANDIDATE"
        ],
        "support_definitions": [
          {
            "function": "Wiederbelebung / Sammelpunkt",
            "risk": "Fotoquest Streitwagenrennen: exakt fünf Bilder; Pickup und Upload am selben Außenpunkt im 15-m-Radius.",
            "recommendation": "ALS_SEPARATEN_SUPPORTPUNKT_BEHALTEN"
          }
        ],
        "quest_refs": [
          "M-D2-01"
        ],
        "quest_stations": [
          {
            "quest_id": "M-D2-01",
            "quest_type": "MEDIA_LOCAL",
            "sequence": 1,
            "role": "START / ERSTER HINWEIS",
            "observable_evidence": "Sehr große langgestreckte Senke der Rennbahn zwischen zwei Hügeln.",
            "location_question": "Zwischen welchen zwei Hügeln liegt der Circus Maximus?",
            "expected_answer": "Palatin und Aventin",
            "access_fallback_note": "Official Turismo Roma coordinate; page states that the site is always open. The photoquest must remain in the freely accessible open area.; Fotoquest Streitwagenrennen: exakt fünf Bilder; Pickup und Upload am selben Außenpunkt im 15-m-Radius.",
            "enemy_hook": "Rasender Kutschergeist"
          }
        ],
        "quest_step_refs": [
          {
            "quest_id": "M-D2-01",
            "step_id": "M-D2-01-S01",
            "sequence": 1,
            "flow_phase": "DISCOVER",
            "step_action_type": "DISCOVER_NPC",
            "step_category": "FLOW_ACTION",
            "gdd_objective_type": null,
            "target_ref": "npc_auriga_quinta",
            "required": true
          },
          {
            "quest_id": "M-D2-01",
            "step_id": "M-D2-01-S02",
            "sequence": 2,
            "flow_phase": "DIALOGUE",
            "step_action_type": "TALK_TO_NPC",
            "step_category": "OBJECTIVE",
            "gdd_objective_type": "COMPLETE_DIALOGUE",
            "target_ref": "M-D2-01-OFFER",
            "required": true
          },
          {
            "quest_id": "M-D2-01",
            "step_id": "M-D2-01-S03",
            "sequence": 3,
            "flow_phase": "ACCEPT",
            "step_action_type": "ACCEPT_QUEST",
            "step_category": "FLOW_ACTION",
            "gdd_objective_type": null,
            "target_ref": "M-D2-01",
            "required": true
          },
          {
            "quest_id": "M-D2-01",
            "step_id": "M-D2-01-S04",
            "sequence": 4,
            "flow_phase": "OBJECTIVE",
            "step_action_type": "REACH_LOCATION",
            "step_category": "OBJECTIVE",
            "gdd_objective_type": "REACH_LOCATION",
            "target_ref": "M-D2-01",
            "required": true
          },
          {
            "quest_id": "M-D2-01",
            "step_id": "M-D2-01-S05",
            "sequence": 5,
            "flow_phase": "OBJECTIVE",
            "step_action_type": "TAKE_PHOTO",
            "step_category": "OBJECTIVE",
            "gdd_objective_type": "SUBMIT_MEDIA",
            "target_ref": "M-D2-01",
            "required": true
          },
          {
            "quest_id": "M-D2-01",
            "step_id": "M-D2-01-S06",
            "sequence": 6,
            "flow_phase": "OBJECTIVE",
            "step_action_type": "UPLOAD_MEDIA",
            "step_category": "OBJECTIVE",
            "gdd_objective_type": "SUBMIT_MEDIA",
            "target_ref": "M-D2-01",
            "required": true
          },
          {
            "quest_id": "M-D2-01",
            "step_id": "M-D2-01-S07",
            "sequence": 7,
            "flow_phase": "COMPLETE",
            "step_action_type": "TALK_TO_NPC",
            "step_category": "OBJECTIVE",
            "gdd_objective_type": "COMPLETE_DIALOGUE",
            "target_ref": "M-D2-01-COMPLETE",
            "required": true
          }
        ],
        "npc_refs": [
          {
            "npc_id": "npc_auriga_quinta",
            "name": "Quinta Fulvia",
            "quest_id": "M-D2-01",
            "role": "QUEST_GIVER"
          }
        ],
        "enemy_refs": [],
        "enemy_hook": "Rasender Kutschergeist",
        "rationale": "Für Medien-, Hidden- oder Bossinhalt vorgesehen; separate Slot- oder Eventregel.",
        "source_urls": [
          "https://www.turismoroma.it/en/places/circus-maximus"
        ],
        "map_urls": [
          "https://www.google.com/maps/search/?api=1&query=41.886650681433466,12.484508661426391"
        ],
        "geofence": {
          "interaction_radius_m": 15,
          "exit_hysteresis_radius_m": 25,
          "discovery_radius_m": 55
        }
      }
    },
    {
      "type": "Feature",
      "id": "location:place_day_2_colosseo",
      "geometry": {
        "type": "Point",
        "coordinates": [
          12.49337,
          41.88989
        ]
      },
      "properties": {
        "feature_type": "location_candidate",
        "candidate_id": "place_day_2_colosseo",
        "name": "Kolosseum",
        "day": "DAY_2",
        "cluster": "D2_FORUM_COLOSSEO",
        "decision": "KERNQUEST",
        "active_in_v08": true,
        "traffic_light": "GRUEN",
        "research_status": "GRUEN_AUSSENPUNKT",
        "content_status": "APPROVED",
        "publishable": true,
        "geometry_status": "COORDINATE_FROM_V07_WORKBOOK",
        "geometry_sources": [
          "Ortszuordnung",
          "Supportpunkte.Google Maps"
        ],
        "alternate_geometry_anchors": [],
        "score_v03": 84,
        "core_use_count": 1,
        "special_use_count": 1,
        "support_roles": [
          "MEDIA_QUEST_LOCATION",
          "LOCAL_MEDIA_QUEST",
          "STORE_LOCATION_CANDIDATE"
        ],
        "support_definitions": [
          {
            "function": "Store",
            "risk": "Außenkoordinate verwenden; weder Eintritt noch Sicherheitskontrolle dürfen erforderlich sein.",
            "recommendation": "ALS_SEPARATEN_SUPPORTPUNKT_BEHALTEN"
          }
        ],
        "quest_refs": [
          "D2-Q03",
          "M-D2-02"
        ],
        "quest_stations": [
          {
            "quest_id": "D2-Q03",
            "quest_type": "REGULAER",
            "sequence": 2,
            "role": "ZWISCHENSTATION",
            "observable_evidence": "Drei große Reihen offener Arkaden an der hohen erhaltenen Außenwand.",
            "location_question": "Wie viele übereinanderliegende Reihen offener Arkaden sind an der hohen Außenwand sichtbar?",
            "expected_answer": "Drei",
            "access_fallback_note": "Moved from the monument centroid to Piazza del Colosseo for the exterior photoquest. No ticket, queue or archaeological-area entry may be required.; Außenkoordinate verwenden; weder Eintritt noch Sicherheitskontrolle dürfen erforderlich sein.",
            "enemy_hook": "Gladiator des Ludus"
          },
          {
            "quest_id": "M-D2-02",
            "quest_type": "MEDIA_LOCAL",
            "sequence": 1,
            "role": "START / ERSTER HINWEIS",
            "observable_evidence": "Drei große Reihen offener Arkaden an der hohen erhaltenen Außenwand.",
            "location_question": "Wie viele übereinanderliegende Reihen offener Arkaden sind an der hohen Außenwand sichtbar?",
            "expected_answer": "Drei",
            "access_fallback_note": "Moved from the monument centroid to Piazza del Colosseo for the exterior photoquest. No ticket, queue or archaeological-area entry may be required.; Außenkoordinate verwenden; weder Eintritt noch Sicherheitskontrolle dürfen erforderlich sein.",
            "enemy_hook": "Gladiator"
          }
        ],
        "quest_step_refs": [
          {
            "quest_id": "D2-Q03",
            "step_id": "D2-Q03-S05",
            "sequence": 5,
            "flow_phase": "OBJECTIVE",
            "step_action_type": "REACH_LOCATION",
            "step_category": "OBJECTIVE",
            "gdd_objective_type": "REACH_LOCATION",
            "target_ref": "place_day_2_colosseo",
            "required": true
          },
          {
            "quest_id": "D2-Q03",
            "step_id": "D2-Q03-S06",
            "sequence": 6,
            "flow_phase": "OBJECTIVE",
            "step_action_type": "ANSWER_QUESTION",
            "step_category": "OBJECTIVE",
            "gdd_objective_type": "SUBMIT_ANSWER",
            "target_ref": "OBS-D2-Q03-2",
            "required": true
          },
          {
            "quest_id": "M-D2-02",
            "step_id": "M-D2-02-S01",
            "sequence": 1,
            "flow_phase": "DISCOVER",
            "step_action_type": "DISCOVER_NPC",
            "step_category": "FLOW_ACTION",
            "gdd_objective_type": null,
            "target_ref": "npc_lanista_felix",
            "required": true
          },
          {
            "quest_id": "M-D2-02",
            "step_id": "M-D2-02-S02",
            "sequence": 2,
            "flow_phase": "DIALOGUE",
            "step_action_type": "TALK_TO_NPC",
            "step_category": "OBJECTIVE",
            "gdd_objective_type": "COMPLETE_DIALOGUE",
            "target_ref": "M-D2-02-OFFER",
            "required": true
          },
          {
            "quest_id": "M-D2-02",
            "step_id": "M-D2-02-S03",
            "sequence": 3,
            "flow_phase": "ACCEPT",
            "step_action_type": "ACCEPT_QUEST",
            "step_category": "FLOW_ACTION",
            "gdd_objective_type": null,
            "target_ref": "M-D2-02",
            "required": true
          },
          {
            "quest_id": "M-D2-02",
            "step_id": "M-D2-02-S04",
            "sequence": 4,
            "flow_phase": "OBJECTIVE",
            "step_action_type": "REACH_LOCATION",
            "step_category": "OBJECTIVE",
            "gdd_objective_type": "REACH_LOCATION",
            "target_ref": "M-D2-02",
            "required": true
          },
          {
            "quest_id": "M-D2-02",
            "step_id": "M-D2-02-S05",
            "sequence": 5,
            "flow_phase": "OBJECTIVE",
            "step_action_type": "TAKE_PHOTO",
            "step_category": "OBJECTIVE",
            "gdd_objective_type": "SUBMIT_MEDIA",
            "target_ref": "M-D2-02",
            "required": true
          },
          {
            "quest_id": "M-D2-02",
            "step_id": "M-D2-02-S06",
            "sequence": 6,
            "flow_phase": "OBJECTIVE",
            "step_action_type": "UPLOAD_MEDIA",
            "step_category": "OBJECTIVE",
            "gdd_objective_type": "SUBMIT_MEDIA",
            "target_ref": "M-D2-02",
            "required": true
          },
          {
            "quest_id": "M-D2-02",
            "step_id": "M-D2-02-S07",
            "sequence": 7,
            "flow_phase": "COMPLETE",
            "step_action_type": "TALK_TO_NPC",
            "step_category": "OBJECTIVE",
            "gdd_objective_type": "COMPLETE_DIALOGUE",
            "target_ref": "M-D2-02-COMPLETE",
            "required": true
          }
        ],
        "npc_refs": [
          {
            "npc_id": "npc_lanista_felix",
            "name": "Lanista Felix",
            "quest_id": "M-D2-02",
            "role": "QUEST_GIVER"
          }
        ],
        "enemy_refs": [],
        "enemy_hook": null,
        "rationale": "In regulärer Quest gruppiert; aktuelle Sicht und blinden Test vor Release abschließen.",
        "source_urls": [
          "https://it.wikipedia.org/wiki/Colosseo"
        ],
        "map_urls": [
          "https://www.google.com/maps/search/?api=1&query=41.88989,12.49337"
        ],
        "geofence": {
          "interaction_radius_m": 15,
          "exit_hysteresis_radius_m": 25,
          "discovery_radius_m": 55
        }
      }
    },
    {
      "type": "Feature",
      "id": "location:place_day_2_fontana_celimontana",
      "geometry": null,
      "properties": {
        "feature_type": "location_candidate",
        "candidate_id": "place_day_2_fontana_celimontana",
        "name": "Fontana Celimontana",
        "day": "DAY_2",
        "cluster": "D2_FORUM_COLOSSEO",
        "decision": "RESERVE",
        "active_in_v08": false,
        "traffic_light": "GELB",
        "research_status": "GELB_PARKOEFFNUNG",
        "content_status": "APPROVED",
        "publishable": true,
        "geometry_status": "MISSING_IN_V07_WORKBOOK",
        "geometry_sources": [],
        "alternate_geometry_anchors": [],
        "score_v03": 86,
        "core_use_count": 0,
        "special_use_count": 0,
        "support_roles": [],
        "support_definitions": [],
        "quest_refs": [],
        "quest_stations": [],
        "quest_step_refs": [],
        "npc_refs": [],
        "enemy_refs": [],
        "enemy_hook": "Genio del Fiume Nera",
        "rationale": "Als Ersatz- oder späterer Questkandidat erhalten.",
        "source_urls": [],
        "map_urls": [],
        "geofence": {
          "interaction_radius_m": 15,
          "exit_hysteresis_radius_m": 25,
          "discovery_radius_m": 55
        }
      }
    },
    {
      "type": "Feature",
      "id": "location:place_day_2_fontana_dei_monti",
      "geometry": null,
      "properties": {
        "feature_type": "location_candidate",
        "candidate_id": "place_day_2_fontana_dei_monti",
        "name": "Fontana dei Monti",
        "day": "DAY_2",
        "cluster": "D2_MONTI_ESQUILINO",
        "decision": "RESERVE",
        "active_in_v08": false,
        "traffic_light": "GRUEN",
        "research_status": "GRUEN_KONZEPTREIF",
        "content_status": "APPROVED",
        "publishable": true,
        "geometry_status": "MISSING_IN_V07_WORKBOOK",
        "geometry_sources": [],
        "alternate_geometry_anchors": [],
        "score_v03": 83,
        "core_use_count": 0,
        "special_use_count": 0,
        "support_roles": [],
        "support_definitions": [],
        "quest_refs": [],
        "quest_stations": [],
        "quest_step_refs": [],
        "npc_refs": [],
        "enemy_refs": [],
        "enemy_hook": null,
        "rationale": "Als Ersatz- oder späterer Questkandidat erhalten.",
        "source_urls": [],
        "map_urls": [],
        "geofence": {
          "interaction_radius_m": 15,
          "exit_hysteresis_radius_m": 25,
          "discovery_radius_m": 55
        }
      }
    },
    {
      "type": "Feature",
      "id": "location:place_day_2_fontana_dei_tritoni",
      "geometry": {
        "type": "Point",
        "coordinates": [
          12.4812253,
          41.8885236
        ]
      },
      "properties": {
        "feature_type": "location_candidate",
        "candidate_id": "place_day_2_fontana_dei_tritoni",
        "name": "Tritonenbrunnen",
        "day": "DAY_2",
        "cluster": "D2_AVENTINO_FORUM_BOARIUM",
        "decision": "KERNQUEST",
        "active_in_v08": true,
        "traffic_light": "GRUEN",
        "research_status": "GRUEN_KONZEPTREIF",
        "content_status": "APPROVED",
        "publishable": true,
        "geometry_status": "COORDINATE_FROM_V07_WORKBOOK",
        "geometry_sources": [
          "Ortszuordnung",
          "Unique Gegner.Google Maps"
        ],
        "alternate_geometry_anchors": [],
        "score_v03": 88,
        "core_use_count": 1,
        "special_use_count": 0,
        "support_roles": [],
        "support_definitions": [],
        "quest_refs": [
          "D2-Q05"
        ],
        "quest_stations": [
          {
            "quest_id": "D2-Q05",
            "quest_type": "REGULAER",
            "sequence": 1,
            "role": "START / ERSTER HINWEIS",
            "observable_evidence": "Zwei große Tritonen als Träger einer Muschelschale.",
            "location_question": "Wie viele Tritonen tragen die obere Schale?",
            "expected_answer": "Zwei",
            "access_fallback_note": "V03-Punkt; VISUAL_EVIDENCE_NOT_YET_VERIFIED|CROWDING_RISK",
            "enemy_hook": "Mascherone dell’Aventino"
          }
        ],
        "quest_step_refs": [
          {
            "quest_id": "D2-Q05",
            "step_id": "D2-Q05-S01",
            "sequence": 1,
            "flow_phase": "DISCOVER",
            "step_action_type": "DISCOVER_NPC",
            "step_category": "FLOW_ACTION",
            "gdd_objective_type": null,
            "target_ref": "npc_triton_callidus",
            "required": true
          },
          {
            "quest_id": "D2-Q05",
            "step_id": "D2-Q05-S02",
            "sequence": 2,
            "flow_phase": "DIALOGUE",
            "step_action_type": "TALK_TO_NPC",
            "step_category": "OBJECTIVE",
            "gdd_objective_type": "COMPLETE_DIALOGUE",
            "target_ref": "D2-Q05-OFFER",
            "required": true
          },
          {
            "quest_id": "D2-Q05",
            "step_id": "D2-Q05-S03",
            "sequence": 3,
            "flow_phase": "ACCEPT",
            "step_action_type": "ACCEPT_QUEST",
            "step_category": "FLOW_ACTION",
            "gdd_objective_type": null,
            "target_ref": "D2-Q05",
            "required": true
          },
          {
            "quest_id": "D2-Q05",
            "step_id": "D2-Q05-S04",
            "sequence": 4,
            "flow_phase": "OBJECTIVE",
            "step_action_type": "ANSWER_QUESTION",
            "step_category": "OBJECTIVE",
            "gdd_objective_type": "SUBMIT_ANSWER",
            "target_ref": "OBS-D2-Q05-1",
            "required": true
          }
        ],
        "npc_refs": [
          {
            "npc_id": "npc_triton_callidus",
            "name": "Triton Callidus",
            "quest_id": "D2-Q05",
            "role": "QUEST_GIVER"
          }
        ],
        "enemy_refs": [
          "UE-D2-02"
        ],
        "enemy_hook": "Coppia dei Tritoni",
        "rationale": "In regulärer Quest gruppiert; aktuelle Sicht und blinden Test vor Release abschließen.",
        "source_urls": [
          "https://it.wikipedia.org/wiki/Fontana_dei_Tritoni"
        ],
        "map_urls": [
          "https://www.google.com/maps/search/?api=1&query=41.8885236,12.4812253"
        ],
        "geofence": {
          "interaction_radius_m": 15,
          "exit_hysteresis_radius_m": 25,
          "discovery_radius_m": 55
        }
      }
    },
    {
      "type": "Feature",
      "id": "location:place_day_2_fontana_del_mascherone_di_santa_sabina",
      "geometry": {
        "type": "Point",
        "coordinates": [
          12.480147,
          41.88441
        ]
      },
      "properties": {
        "feature_type": "location_candidate",
        "candidate_id": "place_day_2_fontana_del_mascherone_di_santa_sabina",
        "name": "Maskenbrunnen bei Santa Sabina",
        "day": "DAY_2",
        "cluster": "D2_AVENTINO_FORUM_BOARIUM",
        "decision": "KERNQUEST",
        "active_in_v08": true,
        "traffic_light": "GRUEN",
        "research_status": "GRUEN_KONZEPTREIF",
        "content_status": "APPROVED",
        "publishable": true,
        "geometry_status": "COORDINATE_FROM_V07_WORKBOOK",
        "geometry_sources": [
          "Ortszuordnung"
        ],
        "alternate_geometry_anchors": [],
        "score_v03": 85,
        "core_use_count": 1,
        "special_use_count": 0,
        "support_roles": [],
        "support_definitions": [],
        "quest_refs": [
          "D2-Q05"
        ],
        "quest_stations": [
          {
            "quest_id": "D2-Q05",
            "quest_type": "REGULAER",
            "sequence": 3,
            "role": "ABSCHLUSS",
            "observable_evidence": "Großes steinernes Maskengesicht mit Wasserauslass im Mund.",
            "location_question": "Aus welchem Gesichtsteil tritt das Wasser?",
            "expected_answer": "Aus dem Mund",
            "access_fallback_note": "V03-Punkt; VISUAL_EVIDENCE_NOT_YET_VERIFIED|CROWDING_RISK",
            "enemy_hook": "Mascherone dell’Aventino"
          }
        ],
        "quest_step_refs": [
          {
            "quest_id": "D2-Q05",
            "step_id": "D2-Q05-S10",
            "sequence": 10,
            "flow_phase": "BONUS_OBJECTIVE",
            "step_action_type": "DEFEAT_ENEMY",
            "step_category": "OBJECTIVE",
            "gdd_objective_type": "COMPLETE_ENCOUNTER",
            "target_ref": "enemy:quest:D2-Q05-S10",
            "required": false
          },
          {
            "quest_id": "D2-Q05",
            "step_id": "D2-Q05-S11",
            "sequence": 11,
            "flow_phase": "COMPLETE",
            "step_action_type": "TALK_TO_NPC",
            "step_category": "OBJECTIVE",
            "gdd_objective_type": "COMPLETE_DIALOGUE",
            "target_ref": "D2-Q05-COMPLETE",
            "required": true
          },
          {
            "quest_id": "D2-Q05",
            "step_id": "D2-Q05-S07",
            "sequence": 7,
            "flow_phase": "OBJECTIVE",
            "step_action_type": "REACH_LOCATION",
            "step_category": "OBJECTIVE",
            "gdd_objective_type": "REACH_LOCATION",
            "target_ref": "place_day_2_fontana_del_mascherone_di_santa_sabina",
            "required": true
          },
          {
            "quest_id": "D2-Q05",
            "step_id": "D2-Q05-S08",
            "sequence": 8,
            "flow_phase": "OBJECTIVE",
            "step_action_type": "ANSWER_QUESTION",
            "step_category": "OBJECTIVE",
            "gdd_objective_type": "SUBMIT_ANSWER",
            "target_ref": "OBS-D2-Q05-3",
            "required": true
          },
          {
            "quest_id": "D2-Q05",
            "step_id": "D2-Q05-S09",
            "sequence": 9,
            "flow_phase": "OBJECTIVE",
            "step_action_type": "SOLVE_PUZZLE",
            "step_category": "OBJECTIVE",
            "gdd_objective_type": "SUBMIT_ANSWER",
            "target_ref": "PZ-D2-Q05",
            "required": true
          }
        ],
        "npc_refs": [],
        "enemy_refs": [],
        "enemy_hook": "Mascherone dell’Aventino",
        "rationale": "In regulärer Quest gruppiert; aktuelle Sicht und blinden Test vor Release abschließen.",
        "source_urls": [
          "https://turismoroma.it/it/luoghi/fontana-piazza-pietro-d%E2%80%99illiria"
        ],
        "map_urls": [
          "https://www.google.com/maps/search/?api=1&query=41.88441,12.480147"
        ],
        "geofence": {
          "interaction_radius_m": 15,
          "exit_hysteresis_radius_m": 25,
          "discovery_radius_m": 55
        }
      }
    },
    {
      "type": "Feature",
      "id": "location:place_day_2_fontana_della_navicella",
      "geometry": {
        "type": "Point",
        "coordinates": [
          12.4958638,
          41.8847586
        ]
      },
      "properties": {
        "feature_type": "location_candidate",
        "candidate_id": "place_day_2_fontana_della_navicella",
        "name": "Fontana della Navicella",
        "day": "DAY_2",
        "cluster": "D2_FORUM_COLOSSEO",
        "decision": "KERNQUEST",
        "active_in_v08": true,
        "traffic_light": "GRUEN",
        "research_status": "GRUEN_KONZEPTREIF",
        "content_status": "APPROVED",
        "publishable": true,
        "geometry_status": "COORDINATE_FROM_V07_WORKBOOK",
        "geometry_sources": [
          "Ortszuordnung",
          "Unique Gegner.Google Maps"
        ],
        "alternate_geometry_anchors": [],
        "score_v03": 85,
        "core_use_count": 1,
        "special_use_count": 0,
        "support_roles": [],
        "support_definitions": [],
        "quest_refs": [
          "D2-Q06"
        ],
        "quest_stations": [
          {
            "quest_id": "D2-Q06",
            "quest_type": "REGULAER",
            "sequence": 1,
            "role": "START / ERSTER HINWEIS",
            "observable_evidence": "Großes steinernes Schiff als zentrales Brunnenobjekt.",
            "location_question": "Welche Objektform besitzt die zentrale Skulptur?",
            "expected_answer": "Ein Schiff",
            "access_fallback_note": "V03-Punkt; VISUAL_EVIDENCE_NOT_YET_VERIFIED",
            "enemy_hook": null
          }
        ],
        "quest_step_refs": [
          {
            "quest_id": "D2-Q06",
            "step_id": "D2-Q06-S01",
            "sequence": 1,
            "flow_phase": "DISCOVER",
            "step_action_type": "DISCOVER_NPC",
            "step_category": "FLOW_ACTION",
            "gdd_objective_type": null,
            "target_ref": "npc_nauta_celimontanus",
            "required": true
          },
          {
            "quest_id": "D2-Q06",
            "step_id": "D2-Q06-S02",
            "sequence": 2,
            "flow_phase": "DIALOGUE",
            "step_action_type": "TALK_TO_NPC",
            "step_category": "OBJECTIVE",
            "gdd_objective_type": "COMPLETE_DIALOGUE",
            "target_ref": "D2-Q06-OFFER",
            "required": true
          },
          {
            "quest_id": "D2-Q06",
            "step_id": "D2-Q06-S03",
            "sequence": 3,
            "flow_phase": "ACCEPT",
            "step_action_type": "ACCEPT_QUEST",
            "step_category": "FLOW_ACTION",
            "gdd_objective_type": null,
            "target_ref": "D2-Q06",
            "required": true
          },
          {
            "quest_id": "D2-Q06",
            "step_id": "D2-Q06-S04",
            "sequence": 4,
            "flow_phase": "OBJECTIVE",
            "step_action_type": "ANSWER_QUESTION",
            "step_category": "OBJECTIVE",
            "gdd_objective_type": "SUBMIT_ANSWER",
            "target_ref": "OBS-D2-Q06-1",
            "required": true
          },
          {
            "quest_id": "D2-Q06",
            "step_id": "D2-Q06-S05",
            "sequence": 5,
            "flow_phase": "OBJECTIVE",
            "step_action_type": "SOLVE_PUZZLE",
            "step_category": "OBJECTIVE",
            "gdd_objective_type": "SUBMIT_ANSWER",
            "target_ref": "PZ-D2-Q06",
            "required": true
          },
          {
            "quest_id": "D2-Q06",
            "step_id": "D2-Q06-S06",
            "sequence": 6,
            "flow_phase": "COMPLETE",
            "step_action_type": "TALK_TO_NPC",
            "step_category": "OBJECTIVE",
            "gdd_objective_type": "COMPLETE_DIALOGUE",
            "target_ref": "D2-Q06-COMPLETE",
            "required": true
          }
        ],
        "npc_refs": [
          {
            "npc_id": "npc_nauta_celimontanus",
            "name": "Nauta Celimontanus",
            "quest_id": "D2-Q06",
            "role": "QUEST_GIVER"
          }
        ],
        "enemy_refs": [
          "UE-D2-03"
        ],
        "enemy_hook": "Nocchiero della Navicella",
        "rationale": "In regulärer Quest gruppiert; aktuelle Sicht und blinden Test vor Release abschließen.",
        "source_urls": [
          "https://it.wikipedia.org/wiki/Fontana_della_Navicella"
        ],
        "map_urls": [
          "https://www.google.com/maps/search/?api=1&query=41.8847586,12.4958638"
        ],
        "geofence": {
          "interaction_radius_m": 15,
          "exit_hysteresis_radius_m": 25,
          "discovery_radius_m": 55
        }
      }
    },
    {
      "type": "Feature",
      "id": "location:place_day_2_fontana_delle_anfore",
      "geometry": null,
      "properties": {
        "feature_type": "location_candidate",
        "candidate_id": "place_day_2_fontana_delle_anfore",
        "name": "Fontana delle Anfore",
        "day": "DAY_2",
        "cluster": "D2_MONTI_ESQUILINO",
        "decision": "RESERVE",
        "active_in_v08": false,
        "traffic_light": "GRUEN",
        "research_status": "GRUEN_PARKZUGANG",
        "content_status": "APPROVED",
        "publishable": true,
        "geometry_status": "MISSING_IN_V07_WORKBOOK",
        "geometry_sources": [],
        "alternate_geometry_anchors": [],
        "score_v03": 83,
        "core_use_count": 0,
        "special_use_count": 0,
        "support_roles": [],
        "support_definitions": [],
        "quest_refs": [],
        "quest_stations": [],
        "quest_step_refs": [],
        "npc_refs": [],
        "enemy_refs": [],
        "enemy_hook": null,
        "rationale": "Als Ersatz- oder späterer Questkandidat erhalten.",
        "source_urls": [],
        "map_urls": [],
        "geofence": {
          "interaction_radius_m": 15,
          "exit_hysteresis_radius_m": 25,
          "discovery_radius_m": 55
        }
      }
    },
    {
      "type": "Feature",
      "id": "location:place_day_2_giulio_cesare",
      "geometry": {
        "type": "Point",
        "coordinates": [
          12.4853829,
          41.8939965
        ]
      },
      "properties": {
        "feature_type": "location_candidate",
        "candidate_id": "place_day_2_giulio_cesare",
        "name": "Giulio Cesare",
        "day": "DAY_2",
        "cluster": "D2_CAMPIDOGLIO_FORI_TRAIANEI",
        "decision": "KERNQUEST",
        "active_in_v08": true,
        "traffic_light": "GELB",
        "research_status": "GELB_QUELLENLAGE",
        "content_status": "APPROVED",
        "publishable": true,
        "geometry_status": "COORDINATE_FROM_V07_WORKBOOK",
        "geometry_sources": [
          "Ortszuordnung",
          "Unique Gegner.Google Maps"
        ],
        "alternate_geometry_anchors": [
          {
            "coordinates": [
              12.482623,
              41.892745
            ],
            "source": "Unique Gegner.Google Maps"
          }
        ],
        "score_v03": 84,
        "core_use_count": 1,
        "special_use_count": 0,
        "support_roles": [],
        "support_definitions": [],
        "quest_refs": [
          "D2-Q01"
        ],
        "quest_stations": [
          {
            "quest_id": "D2-Q01",
            "quest_type": "REGULAER",
            "sequence": 2,
            "role": "ABSCHLUSS",
            "observable_evidence": "Lebensgroße Bronze mit deutlich sichtbarer Schriftrolle in der linken Hand.",
            "location_question": "Welchen Gegenstand hält Caesar in der linken Hand?",
            "expected_answer": "Eine Schriftrolle",
            "access_fallback_note": "V03-Punkt; Für die konkrete moderne Statue ist zusätzlich ein kommunaler Inventareintrag wünschenswert.",
            "enemy_hook": null
          }
        ],
        "quest_step_refs": [
          {
            "quest_id": "D2-Q01",
            "step_id": "D2-Q01-S05",
            "sequence": 5,
            "flow_phase": "OBJECTIVE",
            "step_action_type": "REACH_LOCATION",
            "step_category": "OBJECTIVE",
            "gdd_objective_type": "REACH_LOCATION",
            "target_ref": "place_day_2_giulio_cesare",
            "required": true
          },
          {
            "quest_id": "D2-Q01",
            "step_id": "D2-Q01-S06",
            "sequence": 6,
            "flow_phase": "OBJECTIVE",
            "step_action_type": "ANSWER_QUESTION",
            "step_category": "OBJECTIVE",
            "gdd_objective_type": "SUBMIT_ANSWER",
            "target_ref": "OBS-D2-Q01-2",
            "required": true
          },
          {
            "quest_id": "D2-Q01",
            "step_id": "D2-Q01-S07",
            "sequence": 7,
            "flow_phase": "OBJECTIVE",
            "step_action_type": "SOLVE_PUZZLE",
            "step_category": "OBJECTIVE",
            "gdd_objective_type": "SUBMIT_ANSWER",
            "target_ref": "PZ-D2-Q01",
            "required": true
          },
          {
            "quest_id": "D2-Q01",
            "step_id": "D2-Q01-S08",
            "sequence": 8,
            "flow_phase": "COMPLETE",
            "step_action_type": "TALK_TO_NPC",
            "step_category": "OBJECTIVE",
            "gdd_objective_type": "COMPLETE_DIALOGUE",
            "target_ref": "D2-Q01-COMPLETE",
            "required": true
          }
        ],
        "npc_refs": [],
        "enemy_refs": [
          "UE-D2-04"
        ],
        "enemy_hook": "Cesare di Bronzo",
        "rationale": "In regulärer Quest gruppiert; aktuelle Sicht und blinden Test vor Release abschließen.",
        "source_urls": [
          "https://www.openstreetmap.org/node/7239169954"
        ],
        "map_urls": [
          "https://www.google.com/maps/search/?api=1&query=41.8939965,12.4853829",
          "https://www.google.com/maps/search/?api=1&query=41.892745,12.482623"
        ],
        "geofence": {
          "interaction_radius_m": 15,
          "exit_hysteresis_radius_m": 25,
          "discovery_radius_m": 55
        }
      }
    },
    {
      "type": "Feature",
      "id": "location:place_day_2_ludus_magnus",
      "geometry": {
        "type": "Point",
        "coordinates": [
          12.494955,
          41.8901133
        ]
      },
      "properties": {
        "feature_type": "location_candidate",
        "candidate_id": "place_day_2_ludus_magnus",
        "name": "Ludus Magnus",
        "day": "DAY_2",
        "cluster": "D2_FORUM_COLOSSEO",
        "decision": "KERNQUEST",
        "active_in_v08": true,
        "traffic_light": "GRUEN",
        "research_status": "GRUEN_AUSSENPUNKT",
        "content_status": "APPROVED",
        "publishable": true,
        "geometry_status": "COORDINATE_FROM_V07_WORKBOOK",
        "geometry_sources": [
          "Ortszuordnung"
        ],
        "alternate_geometry_anchors": [],
        "score_v03": 80,
        "core_use_count": 1,
        "special_use_count": 0,
        "support_roles": [],
        "support_definitions": [],
        "quest_refs": [
          "D2-Q03"
        ],
        "quest_stations": [
          {
            "quest_id": "D2-Q03",
            "quest_type": "REGULAER",
            "sequence": 3,
            "role": "ABSCHLUSS",
            "observable_evidence": "Halb freigelegte ovale Arena unter dem heutigen Straßenniveau.",
            "location_question": "Welche Grundform hat die sichtbare Trainingsarena?",
            "expected_answer": "Oval",
            "access_fallback_note": "V03-Punkt; VISUAL_EVIDENCE_NOT_YET_VERIFIED|EXTERIOR_VANTAGE_POINT_REQUIRED|PAID_INTERIOR_OR_SITE_RISK_USE_EXTERIOR_ONLY|CROWDING_RISK",
            "enemy_hook": "Gladiator des Ludus"
          }
        ],
        "quest_step_refs": [
          {
            "quest_id": "D2-Q03",
            "step_id": "D2-Q03-S10",
            "sequence": 10,
            "flow_phase": "OBJECTIVE",
            "step_action_type": "DEFEAT_ENEMY",
            "step_category": "OBJECTIVE",
            "gdd_objective_type": "COMPLETE_ENCOUNTER",
            "target_ref": "enemy:quest:D2-Q03-S10",
            "required": true
          },
          {
            "quest_id": "D2-Q03",
            "step_id": "D2-Q03-S11",
            "sequence": 11,
            "flow_phase": "COMPLETE",
            "step_action_type": "TALK_TO_NPC",
            "step_category": "OBJECTIVE",
            "gdd_objective_type": "COMPLETE_DIALOGUE",
            "target_ref": "D2-Q03-COMPLETE",
            "required": true
          },
          {
            "quest_id": "D2-Q03",
            "step_id": "D2-Q03-S07",
            "sequence": 7,
            "flow_phase": "OBJECTIVE",
            "step_action_type": "REACH_LOCATION",
            "step_category": "OBJECTIVE",
            "gdd_objective_type": "REACH_LOCATION",
            "target_ref": "place_day_2_ludus_magnus",
            "required": true
          },
          {
            "quest_id": "D2-Q03",
            "step_id": "D2-Q03-S08",
            "sequence": 8,
            "flow_phase": "OBJECTIVE",
            "step_action_type": "ANSWER_QUESTION",
            "step_category": "OBJECTIVE",
            "gdd_objective_type": "SUBMIT_ANSWER",
            "target_ref": "OBS-D2-Q03-3",
            "required": true
          },
          {
            "quest_id": "D2-Q03",
            "step_id": "D2-Q03-S09",
            "sequence": 9,
            "flow_phase": "OBJECTIVE",
            "step_action_type": "SOLVE_PUZZLE",
            "step_category": "OBJECTIVE",
            "gdd_objective_type": "SUBMIT_ANSWER",
            "target_ref": "PZ-D2-Q03",
            "required": true
          }
        ],
        "npc_refs": [],
        "enemy_refs": [],
        "enemy_hook": null,
        "rationale": "In regulärer Quest gruppiert; aktuelle Sicht und blinden Test vor Release abschließen.",
        "source_urls": [
          "https://de.wikipedia.org/wiki/Ludus_Magnus"
        ],
        "map_urls": [
          "https://www.google.com/maps/search/?api=1&query=41.8901133,12.494955"
        ],
        "geofence": {
          "interaction_radius_m": 15,
          "exit_hysteresis_radius_m": 25,
          "discovery_radius_m": 55
        }
      }
    },
    {
      "type": "Feature",
      "id": "location:place_day_2_mercati_di_traiano",
      "geometry": {
        "type": "Point",
        "coordinates": [
          12.4860984,
          41.8962514
        ]
      },
      "properties": {
        "feature_type": "location_candidate",
        "candidate_id": "place_day_2_mercati_di_traiano",
        "name": "Trajansmärkte",
        "day": "DAY_2",
        "cluster": "D2_CAMPIDOGLIO_FORI_TRAIANEI",
        "decision": "SONDERQUEST",
        "active_in_v08": true,
        "traffic_light": "GRUEN",
        "research_status": "GRUEN_AUSSENPUNKT",
        "content_status": "APPROVED",
        "publishable": true,
        "geometry_status": "COORDINATE_FROM_V07_WORKBOOK",
        "geometry_sources": [
          "Ortszuordnung"
        ],
        "alternate_geometry_anchors": [],
        "score_v03": 83,
        "core_use_count": 0,
        "special_use_count": 1,
        "support_roles": [],
        "support_definitions": [],
        "quest_refs": [
          "M-D2-03"
        ],
        "quest_stations": [
          {
            "quest_id": "M-D2-03",
            "quest_type": "MEDIA_LOCAL",
            "sequence": 1,
            "role": "START / ERSTER HINWEIS",
            "observable_evidence": "Mehrgeschossiger Ziegel-Halbkreis mit vielen Bogenöffnungen, vom öffentlichen Bereich Via IV Novembre sichtbar.",
            "location_question": "Welche Form beschreibt die große Außenfassade am besten?",
            "expected_answer": "Halbkreisförmig",
            "access_fallback_note": "Videoquest point uses the official Via Quattro Novembre 94 address outside the paid museum. Verify an unobstructed public pavement position before release.; Videoquest ausschließlich am öffentlichen Außenpunkt; Museumseintritt ist nicht Bestandteil.",
            "enemy_hook": "Spettro della Taberna"
          }
        ],
        "quest_step_refs": [
          {
            "quest_id": "M-D2-03",
            "step_id": "M-D2-03-S01",
            "sequence": 1,
            "flow_phase": "DISCOVER",
            "step_action_type": "DISCOVER_NPC",
            "step_category": "FLOW_ACTION",
            "gdd_objective_type": null,
            "target_ref": "npc_mercator_minimus",
            "required": true
          },
          {
            "quest_id": "M-D2-03",
            "step_id": "M-D2-03-S02",
            "sequence": 2,
            "flow_phase": "DIALOGUE",
            "step_action_type": "TALK_TO_NPC",
            "step_category": "OBJECTIVE",
            "gdd_objective_type": "COMPLETE_DIALOGUE",
            "target_ref": "M-D2-03-OFFER",
            "required": true
          },
          {
            "quest_id": "M-D2-03",
            "step_id": "M-D2-03-S03",
            "sequence": 3,
            "flow_phase": "ACCEPT",
            "step_action_type": "ACCEPT_QUEST",
            "step_category": "FLOW_ACTION",
            "gdd_objective_type": null,
            "target_ref": "M-D2-03",
            "required": true
          },
          {
            "quest_id": "M-D2-03",
            "step_id": "M-D2-03-S04",
            "sequence": 4,
            "flow_phase": "OBJECTIVE",
            "step_action_type": "REACH_LOCATION",
            "step_category": "OBJECTIVE",
            "gdd_objective_type": "REACH_LOCATION",
            "target_ref": "M-D2-03",
            "required": true
          },
          {
            "quest_id": "M-D2-03",
            "step_id": "M-D2-03-S05",
            "sequence": 5,
            "flow_phase": "OBJECTIVE",
            "step_action_type": "TAKE_VIDEO",
            "step_category": "OBJECTIVE",
            "gdd_objective_type": "SUBMIT_MEDIA",
            "target_ref": "M-D2-03",
            "required": true
          },
          {
            "quest_id": "M-D2-03",
            "step_id": "M-D2-03-S06",
            "sequence": 6,
            "flow_phase": "OBJECTIVE",
            "step_action_type": "UPLOAD_MEDIA",
            "step_category": "OBJECTIVE",
            "gdd_objective_type": "SUBMIT_MEDIA",
            "target_ref": "M-D2-03",
            "required": true
          },
          {
            "quest_id": "M-D2-03",
            "step_id": "M-D2-03-S07",
            "sequence": 7,
            "flow_phase": "COMPLETE",
            "step_action_type": "TALK_TO_NPC",
            "step_category": "OBJECTIVE",
            "gdd_objective_type": "COMPLETE_DIALOGUE",
            "target_ref": "M-D2-03-COMPLETE",
            "required": true
          }
        ],
        "npc_refs": [
          {
            "npc_id": "npc_mercator_minimus",
            "name": "Mercator Minimus",
            "quest_id": "M-D2-03",
            "role": "QUEST_GIVER"
          }
        ],
        "enemy_refs": [],
        "enemy_hook": "Spettro della Taberna",
        "rationale": "Für Medien-, Hidden- oder Bossinhalt vorgesehen; separate Slot- oder Eventregel.",
        "source_urls": [
          "https://www.mercatiditraiano.it/en/museo/sede/mercati_di_traiano_storia"
        ],
        "map_urls": [
          "https://www.google.com/maps/search/?api=1&query=41.8962514,12.4860984"
        ],
        "geofence": {
          "interaction_radius_m": 15,
          "exit_hysteresis_radius_m": 25,
          "discovery_radius_m": 55
        }
      }
    },
    {
      "type": "Feature",
      "id": "location:place_day_2_meta_sudans",
      "geometry": null,
      "properties": {
        "feature_type": "location_candidate",
        "candidate_id": "place_day_2_meta_sudans",
        "name": "Meta sudans",
        "day": "DAY_2",
        "cluster": "D2_FORUM_COLOSSEO",
        "decision": "AUSSCHLUSS",
        "active_in_v08": false,
        "traffic_light": "ROT",
        "research_status": "ROT_NICHT_ALS_PFLICHT",
        "content_status": "APPROVED",
        "publishable": true,
        "geometry_status": "MISSING_IN_V07_WORKBOOK",
        "geometry_sources": [],
        "alternate_geometry_anchors": [],
        "score_v03": 80,
        "core_use_count": 0,
        "special_use_count": 0,
        "support_roles": [],
        "support_definitions": [],
        "quest_refs": [],
        "quest_stations": [],
        "quest_step_refs": [],
        "npc_refs": [],
        "enemy_refs": [],
        "enemy_hook": "Custode della Meta Sudans",
        "rationale": "Nicht als Pflichtort; nur nach neuer Evidenz neu bewerten.",
        "source_urls": [],
        "map_urls": [],
        "geofence": {
          "interaction_radius_m": 15,
          "exit_hysteresis_radius_m": 25,
          "discovery_radius_m": 55
        }
      }
    },
    {
      "type": "Feature",
      "id": "location:place_day_2_mura_serviane",
      "geometry": null,
      "properties": {
        "feature_type": "location_candidate",
        "candidate_id": "place_day_2_mura_serviane",
        "name": "Mura Serviane",
        "day": "DAY_2",
        "cluster": "D2_MONTI_ESQUILINO",
        "decision": "RESERVE",
        "active_in_v08": false,
        "traffic_light": "GELB",
        "research_status": "GELB_EXAKTER_MAUERABSCHNITT",
        "content_status": "APPROVED",
        "publishable": true,
        "geometry_status": "MISSING_IN_V07_WORKBOOK",
        "geometry_sources": [],
        "alternate_geometry_anchors": [],
        "score_v03": 86,
        "core_use_count": 0,
        "special_use_count": 0,
        "support_roles": [],
        "support_definitions": [],
        "quest_refs": [],
        "quest_stations": [],
        "quest_step_refs": [],
        "npc_refs": [],
        "enemy_refs": [],
        "enemy_hook": null,
        "rationale": "Als Ersatz- oder späterer Questkandidat erhalten.",
        "source_urls": [],
        "map_urls": [],
        "geofence": {
          "interaction_radius_m": 15,
          "exit_hysteresis_radius_m": 25,
          "discovery_radius_m": 55
        }
      }
    },
    {
      "type": "Feature",
      "id": "location:place_day_2_obelisco_esquilino",
      "geometry": {
        "type": "Point",
        "coordinates": [
          12.4975028,
          41.8981766
        ]
      },
      "properties": {
        "feature_type": "location_candidate",
        "candidate_id": "place_day_2_obelisco_esquilino",
        "name": "Obelisco Esquilino",
        "day": "DAY_2",
        "cluster": "D2_SANTA_MARIA_MAGGIORE",
        "decision": "KERNQUEST",
        "active_in_v08": true,
        "traffic_light": "GRUEN",
        "research_status": "GRUEN_KONZEPTREIF",
        "content_status": "APPROVED",
        "publishable": true,
        "geometry_status": "COORDINATE_FROM_V07_WORKBOOK",
        "geometry_sources": [
          "Ortszuordnung"
        ],
        "alternate_geometry_anchors": [],
        "score_v03": 91,
        "core_use_count": 1,
        "special_use_count": 0,
        "support_roles": [],
        "support_definitions": [],
        "quest_refs": [
          "D2-Q09"
        ],
        "quest_stations": [
          {
            "quest_id": "D2-Q09",
            "quest_type": "REGULAER",
            "sequence": 2,
            "role": "ZWISCHENSTATION",
            "observable_evidence": "Schlichter Obelisk ohne Hieroglyphen, oben mit Kreuz.",
            "location_question": "Welches Symbol krönt die Spitze des Obelisken?",
            "expected_answer": "Ein Kreuz",
            "access_fallback_note": "V03-Punkt; VISUAL_EVIDENCE_NOT_YET_VERIFIED",
            "enemy_hook": "Vapore delle Terme"
          }
        ],
        "quest_step_refs": [
          {
            "quest_id": "D2-Q09",
            "step_id": "D2-Q09-S05",
            "sequence": 5,
            "flow_phase": "OBJECTIVE",
            "step_action_type": "REACH_LOCATION",
            "step_category": "OBJECTIVE",
            "gdd_objective_type": "REACH_LOCATION",
            "target_ref": "place_day_2_obelisco_esquilino",
            "required": true
          },
          {
            "quest_id": "D2-Q09",
            "step_id": "D2-Q09-S06",
            "sequence": 6,
            "flow_phase": "OBJECTIVE",
            "step_action_type": "ANSWER_QUESTION",
            "step_category": "OBJECTIVE",
            "gdd_objective_type": "SUBMIT_ANSWER",
            "target_ref": "OBS-D2-Q09-2",
            "required": true
          }
        ],
        "npc_refs": [],
        "enemy_refs": [],
        "enemy_hook": null,
        "rationale": "In regulärer Quest gruppiert; aktuelle Sicht und blinden Test vor Release abschließen.",
        "source_urls": [
          "https://it.wikipedia.org/wiki/Obelisco_Esquilino"
        ],
        "map_urls": [
          "https://www.google.com/maps/search/?api=1&query=41.8981766,12.4975028"
        ],
        "geofence": {
          "interaction_radius_m": 15,
          "exit_hysteresis_radius_m": 25,
          "discovery_radius_m": 55
        }
      }
    },
    {
      "type": "Feature",
      "id": "location:place_day_2_obelisco_lateranense",
      "geometry": {
        "type": "Point",
        "coordinates": [
          12.5047983,
          41.886844
        ]
      },
      "properties": {
        "feature_type": "location_candidate",
        "candidate_id": "place_day_2_obelisco_lateranense",
        "name": "Lateranischer Obelisk",
        "day": "DAY_2",
        "cluster": "D2_CELIO_SAN_GIOVANNI",
        "decision": "KERNQUEST",
        "active_in_v08": true,
        "traffic_light": "GRUEN",
        "research_status": "GRUEN_KONZEPTREIF",
        "content_status": "APPROVED",
        "publishable": true,
        "geometry_status": "COORDINATE_FROM_V07_WORKBOOK",
        "geometry_sources": [
          "Ortszuordnung"
        ],
        "alternate_geometry_anchors": [],
        "score_v03": 90,
        "core_use_count": 1,
        "special_use_count": 0,
        "support_roles": [],
        "support_definitions": [],
        "quest_refs": [
          "D2-Q07"
        ],
        "quest_stations": [
          {
            "quest_id": "D2-Q07",
            "quest_type": "REGULAER",
            "sequence": 2,
            "role": "ZWISCHENSTATION",
            "observable_evidence": "Sehr hoher Schaft mit deutlich sichtbaren Hieroglyphen.",
            "location_question": "Welche Art von Schriftzeichen ist auf dem Obelisken zu sehen?",
            "expected_answer": "Ägyptische Hieroglyphen",
            "access_fallback_note": "V03-Punkt; VISUAL_EVIDENCE_NOT_YET_VERIFIED",
            "enemy_hook": null
          }
        ],
        "quest_step_refs": [
          {
            "quest_id": "D2-Q07",
            "step_id": "D2-Q07-S05",
            "sequence": 5,
            "flow_phase": "OBJECTIVE",
            "step_action_type": "REACH_LOCATION",
            "step_category": "OBJECTIVE",
            "gdd_objective_type": "REACH_LOCATION",
            "target_ref": "place_day_2_obelisco_lateranense",
            "required": true
          },
          {
            "quest_id": "D2-Q07",
            "step_id": "D2-Q07-S06",
            "sequence": 6,
            "flow_phase": "OBJECTIVE",
            "step_action_type": "ANSWER_QUESTION",
            "step_category": "OBJECTIVE",
            "gdd_objective_type": "SUBMIT_ANSWER",
            "target_ref": "OBS-D2-Q07-2",
            "required": true
          }
        ],
        "npc_refs": [],
        "enemy_refs": [],
        "enemy_hook": null,
        "rationale": "In regulärer Quest gruppiert; aktuelle Sicht und blinden Test vor Release abschließen.",
        "source_urls": [
          "https://it.wikipedia.org/wiki/Obelisco_Lateranense"
        ],
        "map_urls": [
          "https://www.google.com/maps/search/?api=1&query=41.886844,12.5047983"
        ],
        "geofence": {
          "interaction_radius_m": 15,
          "exit_hysteresis_radius_m": 25,
          "discovery_radius_m": 55
        }
      }
    },
    {
      "type": "Feature",
      "id": "location:place_day_2_piazza_dante",
      "geometry": {
        "type": "Point",
        "coordinates": [
          12.5039912,
          41.8919766
        ]
      },
      "properties": {
        "feature_type": "location_candidate",
        "candidate_id": "place_day_2_piazza_dante",
        "name": "Piazza Dante",
        "day": "DAY_2",
        "cluster": "D2_MONTI_ESQUILINO",
        "decision": "SONDERQUEST",
        "active_in_v08": true,
        "traffic_light": "GELB",
        "research_status": "GELB_PARKOEFFNUNG",
        "content_status": "APPROVED",
        "publishable": true,
        "geometry_status": "COORDINATE_FROM_V07_WORKBOOK",
        "geometry_sources": [
          "Ortszuordnung"
        ],
        "alternate_geometry_anchors": [],
        "score_v03": 88,
        "core_use_count": 0,
        "special_use_count": 1,
        "support_roles": [],
        "support_definitions": [],
        "quest_refs": [
          "H-D2-02"
        ],
        "quest_stations": [
          {
            "quest_id": "H-D2-02",
            "quest_type": "HIDDEN",
            "sequence": 1,
            "role": "START / ERSTER HINWEIS",
            "observable_evidence": "Große Rose der Winde aus Ziegel und Travertin im Gartenpflaster.",
            "location_question": "Welches Navigationssymbol bildet das Pflaster im Garten?",
            "expected_answer": "Eine Windrose",
            "access_fallback_note": "V03-Punkt; Der Garten ist offiziell von Morgendämmerung bis Abenddämmerung geöffnet; für Tag 2 zeitlich voraussichtlich passend, aber Fallback vorsehen.",
            "enemy_hook": "Custode dell’Inferno"
          }
        ],
        "quest_step_refs": [
          {
            "quest_id": "H-D2-02",
            "step_id": "H-D2-02-S01",
            "sequence": 1,
            "flow_phase": "DISCOVER",
            "step_action_type": "DISCOVER_NPC",
            "step_category": "FLOW_ACTION",
            "gdd_objective_type": null,
            "target_ref": "npc_dante_rosa",
            "required": true
          },
          {
            "quest_id": "H-D2-02",
            "step_id": "H-D2-02-S02",
            "sequence": 2,
            "flow_phase": "DIALOGUE",
            "step_action_type": "TALK_TO_NPC",
            "step_category": "OBJECTIVE",
            "gdd_objective_type": "COMPLETE_DIALOGUE",
            "target_ref": "H-D2-02-OFFER",
            "required": true
          },
          {
            "quest_id": "H-D2-02",
            "step_id": "H-D2-02-S03",
            "sequence": 3,
            "flow_phase": "ACCEPT",
            "step_action_type": "ACCEPT_QUEST",
            "step_category": "FLOW_ACTION",
            "gdd_objective_type": null,
            "target_ref": "H-D2-02",
            "required": true
          },
          {
            "quest_id": "H-D2-02",
            "step_id": "H-D2-02-S04",
            "sequence": 4,
            "flow_phase": "OBJECTIVE",
            "step_action_type": "SOLVE_PUZZLE",
            "step_category": "OBJECTIVE",
            "gdd_objective_type": "SUBMIT_ANSWER",
            "target_ref": "PZ-H-D2-02",
            "required": true
          },
          {
            "quest_id": "H-D2-02",
            "step_id": "H-D2-02-S05",
            "sequence": 5,
            "flow_phase": "OBJECTIVE",
            "step_action_type": "DEFEAT_ENEMY",
            "step_category": "OBJECTIVE",
            "gdd_objective_type": "COMPLETE_ENCOUNTER",
            "target_ref": "enemy:quest:H-D2-02-S05",
            "required": true
          },
          {
            "quest_id": "H-D2-02",
            "step_id": "H-D2-02-S06",
            "sequence": 6,
            "flow_phase": "COMPLETE",
            "step_action_type": "TALK_TO_NPC",
            "step_category": "OBJECTIVE",
            "gdd_objective_type": "COMPLETE_DIALOGUE",
            "target_ref": "H-D2-02-COMPLETE",
            "required": true
          }
        ],
        "npc_refs": [
          {
            "npc_id": "npc_dante_rosa",
            "name": "Dantes Wind",
            "quest_id": "H-D2-02",
            "role": "QUEST_GIVER"
          }
        ],
        "enemy_refs": [],
        "enemy_hook": "Custode dell’Inferno",
        "rationale": "Für Medien-, Hidden- oder Bossinhalt vorgesehen; separate Slot- oder Eventregel.",
        "source_urls": [
          "https://www.turismoroma.it/it/luoghi/giardino-di-piazza-dante"
        ],
        "map_urls": [
          "https://www.google.com/maps/search/?api=1&query=41.8919766,12.5039912"
        ],
        "geofence": {
          "interaction_radius_m": 15,
          "exit_hysteresis_radius_m": 25,
          "discovery_radius_m": 55
        }
      }
    },
    {
      "type": "Feature",
      "id": "location:place_day_2_piazza_del_campidoglio",
      "geometry": {
        "type": "Point",
        "coordinates": [
          12.4829654,
          41.8932288
        ]
      },
      "properties": {
        "feature_type": "location_candidate",
        "candidate_id": "place_day_2_piazza_del_campidoglio",
        "name": "Kapitolsplatz",
        "day": "DAY_2",
        "cluster": "D2_CAMPIDOGLIO_FORI_TRAIANEI",
        "decision": "KERNQUEST",
        "active_in_v08": true,
        "traffic_light": "GRUEN",
        "research_status": "GRUEN_KONZEPTREIF",
        "content_status": "APPROVED",
        "publishable": true,
        "geometry_status": "COORDINATE_FROM_V07_WORKBOOK",
        "geometry_sources": [
          "Ortszuordnung",
          "Supportpunkte.Google Maps"
        ],
        "alternate_geometry_anchors": [],
        "score_v03": 93,
        "core_use_count": 1,
        "special_use_count": 0,
        "support_roles": [
          "REVIVE_POINT_CANDIDATE"
        ],
        "support_definitions": [
          {
            "function": "Wiederbelebung / Sammelpunkt",
            "risk": "VISUAL_EVIDENCE_NOT_YET_VERIFIED|CROWDING_RISK",
            "recommendation": "ALS_SEPARATEN_SUPPORTPUNKT_BEHALTEN"
          }
        ],
        "quest_refs": [
          "D2-Q01"
        ],
        "quest_stations": [
          {
            "quest_id": "D2-Q01",
            "quest_type": "REGULAER",
            "sequence": 1,
            "role": "START / ERSTER HINWEIS",
            "observable_evidence": "Großes hell-dunkles Sternoval im Pflaster um die Reiterstatue.",
            "location_question": "Welches geometrische Motiv prägt das Pflaster rund um die Reiterstatue?",
            "expected_answer": "Ein Stern in einem Oval",
            "access_fallback_note": "V03-Punkt; VISUAL_EVIDENCE_NOT_YET_VERIFIED|CROWDING_RISK",
            "enemy_hook": null
          }
        ],
        "quest_step_refs": [
          {
            "quest_id": "D2-Q01",
            "step_id": "D2-Q01-S01",
            "sequence": 1,
            "flow_phase": "DISCOVER",
            "step_action_type": "DISCOVER_NPC",
            "step_category": "FLOW_ACTION",
            "gdd_objective_type": null,
            "target_ref": "npc_michelangelo_campidoglio",
            "required": true
          },
          {
            "quest_id": "D2-Q01",
            "step_id": "D2-Q01-S02",
            "sequence": 2,
            "flow_phase": "DIALOGUE",
            "step_action_type": "TALK_TO_NPC",
            "step_category": "OBJECTIVE",
            "gdd_objective_type": "COMPLETE_DIALOGUE",
            "target_ref": "D2-Q01-OFFER",
            "required": true
          },
          {
            "quest_id": "D2-Q01",
            "step_id": "D2-Q01-S03",
            "sequence": 3,
            "flow_phase": "ACCEPT",
            "step_action_type": "ACCEPT_QUEST",
            "step_category": "FLOW_ACTION",
            "gdd_objective_type": null,
            "target_ref": "D2-Q01",
            "required": true
          },
          {
            "quest_id": "D2-Q01",
            "step_id": "D2-Q01-S04",
            "sequence": 4,
            "flow_phase": "OBJECTIVE",
            "step_action_type": "ANSWER_QUESTION",
            "step_category": "OBJECTIVE",
            "gdd_objective_type": "SUBMIT_ANSWER",
            "target_ref": "OBS-D2-Q01-1",
            "required": true
          }
        ],
        "npc_refs": [
          {
            "npc_id": "npc_michelangelo_campidoglio",
            "name": "Michelangelo – missmutiger Platzgeist",
            "quest_id": "D2-Q01",
            "role": "QUEST_GIVER"
          }
        ],
        "enemy_refs": [],
        "enemy_hook": null,
        "rationale": "In regulärer Quest gruppiert; aktuelle Sicht und blinden Test vor Release abschließen.",
        "source_urls": [
          "https://it.wikipedia.org/wiki/Piazza_del_Campidoglio"
        ],
        "map_urls": [
          "https://www.google.com/maps/search/?api=1&query=41.8932288,12.4829654"
        ],
        "geofence": {
          "interaction_radius_m": 15,
          "exit_hysteresis_radius_m": 25,
          "discovery_radius_m": 55
        }
      }
    },
    {
      "type": "Feature",
      "id": "location:place_day_2_piazza_vittorio_emanuele_secondo",
      "geometry": {
        "type": "Point",
        "coordinates": [
          12.5043081,
          41.8946228
        ]
      },
      "properties": {
        "feature_type": "location_candidate",
        "candidate_id": "place_day_2_piazza_vittorio_emanuele_secondo",
        "name": "Piazza Vittorio Emanuele Secondo",
        "day": "DAY_2",
        "cluster": "D2_MONTI_ESQUILINO",
        "decision": "SONDERQUEST",
        "active_in_v08": true,
        "traffic_light": "GELB",
        "research_status": "GELB_PARKOEFFNUNG",
        "content_status": "APPROVED",
        "publishable": true,
        "geometry_status": "COORDINATE_FROM_V07_WORKBOOK",
        "geometry_sources": [
          "Ortszuordnung",
          "Supportpunkte.Google Maps"
        ],
        "alternate_geometry_anchors": [],
        "score_v03": 88,
        "core_use_count": 0,
        "special_use_count": 1,
        "support_roles": [
          "REVIVE_POINT_CANDIDATE",
          "STORE_LOCATION_CANDIDATE"
        ],
        "support_definitions": [
          {
            "function": "Wiederbelebung / Sammelpunkt",
            "risk": "Nur innerhalb der sicheren Tagesöffnung des Gartens einplanen; bei Sperre gleichörtige Platzaufgabe bereitstellen.",
            "recommendation": "ALS_SEPARATEN_SUPPORTPUNKT_BEHALTEN"
          }
        ],
        "quest_refs": [
          "H-D2-01"
        ],
        "quest_stations": [
          {
            "quest_id": "H-D2-01",
            "quest_type": "HIDDEN",
            "sequence": 1,
            "role": "START / ERSTER HINWEIS",
            "observable_evidence": "Porta Magica mit alchemistischen Inschriften und zwei massiven Wächterfiguren.",
            "location_question": "Wie viele steinerne Wächterfiguren flankieren die Porta Magica?",
            "expected_answer": "Zwei",
            "access_fallback_note": "V03-Punkt; Nur innerhalb der sicheren Tagesöffnung des Gartens einplanen; bei Sperre gleichörtige Platzaufgabe bereitstellen.",
            "enemy_hook": "Alchemist der Porta Magica"
          }
        ],
        "quest_step_refs": [
          {
            "quest_id": "H-D2-01",
            "step_id": "H-D2-01-S01",
            "sequence": 1,
            "flow_phase": "DISCOVER",
            "step_action_type": "DISCOVER_NPC",
            "step_category": "FLOW_ACTION",
            "gdd_objective_type": null,
            "target_ref": "npc_porta_alchemica",
            "required": true
          },
          {
            "quest_id": "H-D2-01",
            "step_id": "H-D2-01-S02",
            "sequence": 2,
            "flow_phase": "DIALOGUE",
            "step_action_type": "TALK_TO_NPC",
            "step_category": "OBJECTIVE",
            "gdd_objective_type": "COMPLETE_DIALOGUE",
            "target_ref": "H-D2-01-OFFER",
            "required": true
          },
          {
            "quest_id": "H-D2-01",
            "step_id": "H-D2-01-S03",
            "sequence": 3,
            "flow_phase": "ACCEPT",
            "step_action_type": "ACCEPT_QUEST",
            "step_category": "FLOW_ACTION",
            "gdd_objective_type": null,
            "target_ref": "H-D2-01",
            "required": true
          },
          {
            "quest_id": "H-D2-01",
            "step_id": "H-D2-01-S04",
            "sequence": 4,
            "flow_phase": "OBJECTIVE",
            "step_action_type": "SOLVE_PUZZLE",
            "step_category": "OBJECTIVE",
            "gdd_objective_type": "SUBMIT_ANSWER",
            "target_ref": "PZ-H-D2-01",
            "required": true
          },
          {
            "quest_id": "H-D2-01",
            "step_id": "H-D2-01-S05",
            "sequence": 5,
            "flow_phase": "COMPLETE",
            "step_action_type": "TALK_TO_NPC",
            "step_category": "OBJECTIVE",
            "gdd_objective_type": "COMPLETE_DIALOGUE",
            "target_ref": "H-D2-01-COMPLETE",
            "required": true
          }
        ],
        "npc_refs": [
          {
            "npc_id": "npc_porta_alchemica",
            "name": "Alchemilla der Porta Magica",
            "quest_id": "H-D2-01",
            "role": "QUEST_GIVER"
          }
        ],
        "enemy_refs": [],
        "enemy_hook": null,
        "rationale": "Für Medien-, Hidden- oder Bossinhalt vorgesehen; separate Slot- oder Eventregel.",
        "source_urls": [
          "https://it.wikipedia.org/wiki/Piazza_Vittorio_Emanuele_II_(Roma)"
        ],
        "map_urls": [
          "https://www.google.com/maps/search/?api=1&query=41.8946228,12.5043081"
        ],
        "geofence": {
          "interaction_radius_m": 15,
          "exit_hysteresis_radius_m": 25,
          "discovery_radius_m": 55
        }
      }
    },
    {
      "type": "Feature",
      "id": "location:place_day_2_porta_latina",
      "geometry": {
        "type": "Point",
        "coordinates": [
          12.5024875,
          41.8765186
        ]
      },
      "properties": {
        "feature_type": "location_candidate",
        "candidate_id": "place_day_2_porta_latina",
        "name": "Porta Latina",
        "day": "DAY_2",
        "cluster": "D2_CELIO_SAN_GIOVANNI",
        "decision": "KERNQUEST",
        "active_in_v08": true,
        "traffic_light": "GRUEN",
        "research_status": "GRUEN_KONZEPTREIF",
        "content_status": "APPROVED",
        "publishable": true,
        "geometry_status": "COORDINATE_FROM_V07_WORKBOOK",
        "geometry_sources": [
          "Ortszuordnung"
        ],
        "alternate_geometry_anchors": [],
        "score_v03": 87,
        "core_use_count": 1,
        "special_use_count": 0,
        "support_roles": [],
        "support_definitions": [],
        "quest_refs": [
          "D2-Q08"
        ],
        "quest_stations": [
          {
            "quest_id": "D2-Q08",
            "quest_type": "REGULAER",
            "sequence": 1,
            "role": "START / ERSTER HINWEIS",
            "observable_evidence": "Ein Torbogen zwischen zwei deutlich runden Türmen.",
            "location_question": "Wie viele runde Türme flankieren den Durchgang?",
            "expected_answer": "Zwei",
            "access_fallback_note": "V03-Punkt; VISUAL_EVIDENCE_NOT_YET_VERIFIED",
            "enemy_hook": "Scorpione delle Mura"
          }
        ],
        "quest_step_refs": [
          {
            "quest_id": "D2-Q08",
            "step_id": "D2-Q08-S01",
            "sequence": 1,
            "flow_phase": "DISCOVER",
            "step_action_type": "DISCOVER_NPC",
            "step_category": "FLOW_ACTION",
            "gdd_objective_type": null,
            "target_ref": "npc_aurelian_murus",
            "required": true
          },
          {
            "quest_id": "D2-Q08",
            "step_id": "D2-Q08-S02",
            "sequence": 2,
            "flow_phase": "DIALOGUE",
            "step_action_type": "TALK_TO_NPC",
            "step_category": "OBJECTIVE",
            "gdd_objective_type": "COMPLETE_DIALOGUE",
            "target_ref": "D2-Q08-OFFER",
            "required": true
          },
          {
            "quest_id": "D2-Q08",
            "step_id": "D2-Q08-S03",
            "sequence": 3,
            "flow_phase": "ACCEPT",
            "step_action_type": "ACCEPT_QUEST",
            "step_category": "FLOW_ACTION",
            "gdd_objective_type": null,
            "target_ref": "D2-Q08",
            "required": true
          },
          {
            "quest_id": "D2-Q08",
            "step_id": "D2-Q08-S04",
            "sequence": 4,
            "flow_phase": "OBJECTIVE",
            "step_action_type": "ANSWER_QUESTION",
            "step_category": "OBJECTIVE",
            "gdd_objective_type": "SUBMIT_ANSWER",
            "target_ref": "OBS-D2-Q08-1",
            "required": true
          },
          {
            "quest_id": "D2-Q08",
            "step_id": "D2-Q08-S05",
            "sequence": 5,
            "flow_phase": "OBJECTIVE",
            "step_action_type": "NAVIGATION_CHALLENGE",
            "step_category": "OBJECTIVE",
            "gdd_objective_type": "REACH_LOCATION",
            "target_ref": "NAV-D2-Q08",
            "required": true
          }
        ],
        "npc_refs": [
          {
            "npc_id": "npc_aurelian_murus",
            "name": "Aurelianus Murus",
            "quest_id": "D2-Q08",
            "role": "QUEST_GIVER"
          }
        ],
        "enemy_refs": [],
        "enemy_hook": null,
        "rationale": "In regulärer Quest gruppiert; aktuelle Sicht und blinden Test vor Release abschließen.",
        "source_urls": [
          "https://en.wikipedia.org/wiki/Porta_Latina"
        ],
        "map_urls": [
          "https://www.google.com/maps/search/?api=1&query=41.8765186,12.5024875"
        ],
        "geofence": {
          "interaction_radius_m": 15,
          "exit_hysteresis_radius_m": 25,
          "discovery_radius_m": 55
        }
      }
    },
    {
      "type": "Feature",
      "id": "location:place_day_2_porta_maggiore_aqua_claudia",
      "geometry": {
        "type": "Point",
        "coordinates": [
          12.51572,
          41.89118
        ]
      },
      "properties": {
        "feature_type": "location_candidate",
        "candidate_id": "place_day_2_porta_maggiore_aqua_claudia",
        "name": "Porta Maggiore und Aqua Claudia",
        "day": "DAY_2",
        "cluster": "D2_SANTA_MARIA_MAGGIORE",
        "decision": "KERNQUEST",
        "active_in_v08": true,
        "traffic_light": "GRUEN",
        "research_status": "GRUEN_VERKEHRSABSTAND",
        "content_status": "APPROVED",
        "publishable": true,
        "geometry_status": "COORDINATE_FROM_V07_WORKBOOK",
        "geometry_sources": [
          "Ortszuordnung"
        ],
        "alternate_geometry_anchors": [],
        "score_v03": 0,
        "core_use_count": 1,
        "special_use_count": 0,
        "support_roles": [],
        "support_definitions": [],
        "quest_refs": [
          "D2-Q10"
        ],
        "quest_stations": [
          {
            "quest_id": "D2-Q10",
            "quest_type": "REGULAER",
            "sequence": 1,
            "role": "START / ERSTER HINWEIS",
            "observable_evidence": "Zwei große Durchgänge, darüber mehrere gemauerte Aquäduktkanäle und monumentale Inschriften.",
            "location_question": "Wie viele große Durchgänge besitzt der antike Doppelbogen?",
            "expected_answer": "Zwei",
            "access_fallback_note": "V03-Punkt; Sicheren Gehwegpunkt festlegen; keine Überquerung des Verkehrsknotens verlangen.",
            "enemy_hook": "Idra dell’Aqua Claudia"
          }
        ],
        "quest_step_refs": [
          {
            "quest_id": "D2-Q10",
            "step_id": "D2-Q10-S01",
            "sequence": 1,
            "flow_phase": "DISCOVER",
            "step_action_type": "DISCOVER_NPC",
            "step_category": "FLOW_ACTION",
            "gdd_objective_type": null,
            "target_ref": "npc_frontinus_aquarius",
            "required": true
          },
          {
            "quest_id": "D2-Q10",
            "step_id": "D2-Q10-S02",
            "sequence": 2,
            "flow_phase": "DIALOGUE",
            "step_action_type": "TALK_TO_NPC",
            "step_category": "OBJECTIVE",
            "gdd_objective_type": "COMPLETE_DIALOGUE",
            "target_ref": "D2-Q10-OFFER",
            "required": true
          },
          {
            "quest_id": "D2-Q10",
            "step_id": "D2-Q10-S03",
            "sequence": 3,
            "flow_phase": "ACCEPT",
            "step_action_type": "ACCEPT_QUEST",
            "step_category": "FLOW_ACTION",
            "gdd_objective_type": null,
            "target_ref": "D2-Q10",
            "required": true
          },
          {
            "quest_id": "D2-Q10",
            "step_id": "D2-Q10-S04",
            "sequence": 4,
            "flow_phase": "OBJECTIVE",
            "step_action_type": "ANSWER_QUESTION",
            "step_category": "OBJECTIVE",
            "gdd_objective_type": "SUBMIT_ANSWER",
            "target_ref": "OBS-D2-Q10-1",
            "required": true
          },
          {
            "quest_id": "D2-Q10",
            "step_id": "D2-Q10-S05",
            "sequence": 5,
            "flow_phase": "OBJECTIVE",
            "step_action_type": "SOLVE_PUZZLE",
            "step_category": "OBJECTIVE",
            "gdd_objective_type": "SUBMIT_ANSWER",
            "target_ref": "PZ-D2-Q10",
            "required": true
          },
          {
            "quest_id": "D2-Q10",
            "step_id": "D2-Q10-S06",
            "sequence": 6,
            "flow_phase": "OBJECTIVE",
            "step_action_type": "USE_ITEM",
            "step_category": "OBJECTIVE",
            "gdd_objective_type": "DELIVER_ITEM",
            "target_ref": "qi_plumbum_aquarii",
            "required": true
          },
          {
            "quest_id": "D2-Q10",
            "step_id": "D2-Q10-S07",
            "sequence": 7,
            "flow_phase": "OBJECTIVE",
            "step_action_type": "DEFEAT_ENEMY",
            "step_category": "OBJECTIVE",
            "gdd_objective_type": "COMPLETE_ENCOUNTER",
            "target_ref": "enemy:quest:D2-Q10-S07",
            "required": true
          },
          {
            "quest_id": "D2-Q10",
            "step_id": "D2-Q10-S08",
            "sequence": 8,
            "flow_phase": "COMPLETE",
            "step_action_type": "TALK_TO_NPC",
            "step_category": "OBJECTIVE",
            "gdd_objective_type": "COMPLETE_DIALOGUE",
            "target_ref": "D2-Q10-COMPLETE",
            "required": true
          }
        ],
        "npc_refs": [
          {
            "npc_id": "npc_frontinus_aquarius",
            "name": "Frontinus, Curator Aquarum",
            "quest_id": "D2-Q10",
            "role": "QUEST_GIVER"
          }
        ],
        "enemy_refs": [],
        "enemy_hook": "Idra dell’Aqua Claudia",
        "rationale": "In regulärer Quest gruppiert; aktuelle Sicht und blinden Test vor Release abschließen.",
        "source_urls": [
          "https://www.sovraintendenzaroma.it/i_luoghi/roma_antica/monumenti/porta_maggiore"
        ],
        "map_urls": [
          "https://www.google.com/maps/search/?api=1&query=41.89118,12.51572"
        ],
        "geofence": {
          "interaction_radius_m": 15,
          "exit_hysteresis_radius_m": 25,
          "discovery_radius_m": 55
        }
      }
    },
    {
      "type": "Feature",
      "id": "location:place_day_2_porta_metronia",
      "geometry": {
        "type": "Point",
        "coordinates": [
          12.4986395,
          41.8823233
        ]
      },
      "properties": {
        "feature_type": "location_candidate",
        "candidate_id": "place_day_2_porta_metronia",
        "name": "Porta Metronia",
        "day": "DAY_2",
        "cluster": "D2_CELIO_SAN_GIOVANNI",
        "decision": "KERNQUEST",
        "active_in_v08": true,
        "traffic_light": "GELB",
        "research_status": "GELB_VERKEHRSUMFELD",
        "content_status": "APPROVED",
        "publishable": true,
        "geometry_status": "COORDINATE_FROM_V07_WORKBOOK",
        "geometry_sources": [
          "Ortszuordnung"
        ],
        "alternate_geometry_anchors": [],
        "score_v03": 89,
        "core_use_count": 1,
        "special_use_count": 0,
        "support_roles": [],
        "support_definitions": [],
        "quest_refs": [
          "D2-Q08"
        ],
        "quest_stations": [
          {
            "quest_id": "D2-Q08",
            "quest_type": "REGULAER",
            "sequence": 2,
            "role": "ABSCHLUSS",
            "observable_evidence": "Vermauerter antiker Bogen im massiven Ziegelmauerwerk.",
            "location_question": "Ist der historische Torbogen offen oder zugemauert?",
            "expected_answer": "Zugemauert",
            "access_fallback_note": "V03-Punkt; Frage muss den antiken Bogen eindeutig von modernen Durchbrüchen abgrenzen.",
            "enemy_hook": "Scorpione delle Mura"
          }
        ],
        "quest_step_refs": [
          {
            "quest_id": "D2-Q08",
            "step_id": "D2-Q08-S10",
            "sequence": 10,
            "flow_phase": "COMPLETE",
            "step_action_type": "TALK_TO_NPC",
            "step_category": "OBJECTIVE",
            "gdd_objective_type": "COMPLETE_DIALOGUE",
            "target_ref": "D2-Q08-COMPLETE",
            "required": true
          },
          {
            "quest_id": "D2-Q08",
            "step_id": "D2-Q08-S06",
            "sequence": 6,
            "flow_phase": "OBJECTIVE",
            "step_action_type": "REACH_LOCATION",
            "step_category": "OBJECTIVE",
            "gdd_objective_type": "REACH_LOCATION",
            "target_ref": "place_day_2_porta_metronia",
            "required": true
          },
          {
            "quest_id": "D2-Q08",
            "step_id": "D2-Q08-S07",
            "sequence": 7,
            "flow_phase": "OBJECTIVE",
            "step_action_type": "ANSWER_QUESTION",
            "step_category": "OBJECTIVE",
            "gdd_objective_type": "SUBMIT_ANSWER",
            "target_ref": "OBS-D2-Q08-2",
            "required": true
          },
          {
            "quest_id": "D2-Q08",
            "step_id": "D2-Q08-S08",
            "sequence": 8,
            "flow_phase": "OBJECTIVE",
            "step_action_type": "SOLVE_PUZZLE",
            "step_category": "OBJECTIVE",
            "gdd_objective_type": "SUBMIT_ANSWER",
            "target_ref": "PZ-D2-Q08",
            "required": true
          },
          {
            "quest_id": "D2-Q08",
            "step_id": "D2-Q08-S09",
            "sequence": 9,
            "flow_phase": "BONUS_OBJECTIVE",
            "step_action_type": "DEFEAT_ENEMY",
            "step_category": "OBJECTIVE",
            "gdd_objective_type": "COMPLETE_ENCOUNTER",
            "target_ref": "enemy:quest:D2-Q08-S09",
            "required": false
          }
        ],
        "npc_refs": [],
        "enemy_refs": [],
        "enemy_hook": "Scorpione delle Mura",
        "rationale": "In regulärer Quest gruppiert; aktuelle Sicht und blinden Test vor Release abschließen.",
        "source_urls": [
          "https://en.wikipedia.org/wiki/Porta_Metronia"
        ],
        "map_urls": [
          "https://www.google.com/maps/search/?api=1&query=41.8823233,12.4986395"
        ],
        "geofence": {
          "interaction_radius_m": 15,
          "exit_hysteresis_radius_m": 25,
          "discovery_radius_m": 55
        }
      }
    },
    {
      "type": "Feature",
      "id": "location:place_day_2_porta_san_giovanni",
      "geometry": {
        "type": "Point",
        "coordinates": [
          12.5093343,
          41.8859055
        ]
      },
      "properties": {
        "feature_type": "location_candidate",
        "candidate_id": "place_day_2_porta_san_giovanni",
        "name": "Porta San Giovanni",
        "day": "DAY_2",
        "cluster": "D2_CELIO_SAN_GIOVANNI",
        "decision": "KERNQUEST",
        "active_in_v08": true,
        "traffic_light": "GRUEN",
        "research_status": "GRUEN_VERKEHRSABSTAND",
        "content_status": "APPROVED",
        "publishable": true,
        "geometry_status": "COORDINATE_FROM_V07_WORKBOOK",
        "geometry_sources": [
          "Ortszuordnung"
        ],
        "alternate_geometry_anchors": [],
        "score_v03": 89,
        "core_use_count": 1,
        "special_use_count": 0,
        "support_roles": [],
        "support_definitions": [],
        "quest_refs": [
          "D2-Q07"
        ],
        "quest_stations": [
          {
            "quest_id": "D2-Q07",
            "quest_type": "REGULAER",
            "sequence": 3,
            "role": "ABSCHLUSS",
            "observable_evidence": "Drei große Öffnungen nebeneinander.",
            "location_question": "Wie viele große Durchgänge besitzt die Porta San Giovanni?",
            "expected_answer": "Drei",
            "access_fallback_note": "V03-Punkt; Blickpunkt auf sicherem Gehweg; keine Straßenquerung für die Antwort verlangen.",
            "enemy_hook": null
          }
        ],
        "quest_step_refs": [
          {
            "quest_id": "D2-Q07",
            "step_id": "D2-Q07-S10",
            "sequence": 10,
            "flow_phase": "OBJECTIVE",
            "step_action_type": "TEAM_DECISION",
            "step_category": "OBJECTIVE",
            "gdd_objective_type": "COMPLETE_DIALOGUE",
            "target_ref": "D2-Q07-COMPLETE",
            "required": true
          },
          {
            "quest_id": "D2-Q07",
            "step_id": "D2-Q07-S11",
            "sequence": 11,
            "flow_phase": "COMPLETE",
            "step_action_type": "TALK_TO_NPC",
            "step_category": "OBJECTIVE",
            "gdd_objective_type": "COMPLETE_DIALOGUE",
            "target_ref": "D2-Q07-COMPLETE",
            "required": true
          },
          {
            "quest_id": "D2-Q07",
            "step_id": "D2-Q07-S07",
            "sequence": 7,
            "flow_phase": "OBJECTIVE",
            "step_action_type": "REACH_LOCATION",
            "step_category": "OBJECTIVE",
            "gdd_objective_type": "REACH_LOCATION",
            "target_ref": "place_day_2_porta_san_giovanni",
            "required": true
          },
          {
            "quest_id": "D2-Q07",
            "step_id": "D2-Q07-S08",
            "sequence": 8,
            "flow_phase": "OBJECTIVE",
            "step_action_type": "ANSWER_QUESTION",
            "step_category": "OBJECTIVE",
            "gdd_objective_type": "SUBMIT_ANSWER",
            "target_ref": "OBS-D2-Q07-3",
            "required": true
          },
          {
            "quest_id": "D2-Q07",
            "step_id": "D2-Q07-S09",
            "sequence": 9,
            "flow_phase": "OBJECTIVE",
            "step_action_type": "SOLVE_PUZZLE",
            "step_category": "OBJECTIVE",
            "gdd_objective_type": "SUBMIT_ANSWER",
            "target_ref": "PZ-D2-Q07",
            "required": true
          }
        ],
        "npc_refs": [],
        "enemy_refs": [],
        "enemy_hook": null,
        "rationale": "In regulärer Quest gruppiert; aktuelle Sicht und blinden Test vor Release abschließen.",
        "source_urls": [
          "https://en.wikipedia.org/wiki/Porta_San_Giovanni_(Rome)"
        ],
        "map_urls": [
          "https://www.google.com/maps/search/?api=1&query=41.8859055,12.5093343"
        ],
        "geofence": {
          "interaction_radius_m": 15,
          "exit_hysteresis_radius_m": 25,
          "discovery_radius_m": 55
        }
      }
    },
    {
      "type": "Feature",
      "id": "location:place_day_2_tempio_di_ercole_vincitore",
      "geometry": {
        "type": "Point",
        "coordinates": [
          12.4807681,
          41.8887407
        ]
      },
      "properties": {
        "feature_type": "location_candidate",
        "candidate_id": "place_day_2_tempio_di_ercole_vincitore",
        "name": "Tempel des Hercules Victor",
        "day": "DAY_2",
        "cluster": "D2_AVENTINO_FORUM_BOARIUM",
        "decision": "KERNQUEST",
        "active_in_v08": true,
        "traffic_light": "GRUEN",
        "research_status": "GRUEN_AUSSENPUNKT",
        "content_status": "APPROVED",
        "publishable": true,
        "geometry_status": "COORDINATE_FROM_V07_WORKBOOK",
        "geometry_sources": [
          "Ortszuordnung"
        ],
        "alternate_geometry_anchors": [],
        "score_v03": 83,
        "core_use_count": 1,
        "special_use_count": 0,
        "support_roles": [],
        "support_definitions": [],
        "quest_refs": [
          "D2-Q04"
        ],
        "quest_stations": [
          {
            "quest_id": "D2-Q04",
            "quest_type": "REGULAER",
            "sequence": 2,
            "role": "ZWISCHENSTATION",
            "observable_evidence": "Klar erkennbare runde Cella mit umlaufendem Säulenkranz.",
            "location_question": "Welche Grundform hat der Tempel?",
            "expected_answer": "Rund",
            "access_fallback_note": "V03-Punkt; VISUAL_EVIDENCE_NOT_YET_VERIFIED|EXTERIOR_VANTAGE_POINT_REQUIRED|PAID_INTERIOR_OR_SITE_RISK_USE_EXTERIOR_ONLY|CROWDING_RISK",
            "enemy_hook": "Custode di Giano"
          }
        ],
        "quest_step_refs": [
          {
            "quest_id": "D2-Q04",
            "step_id": "D2-Q04-S05",
            "sequence": 5,
            "flow_phase": "OBJECTIVE",
            "step_action_type": "REACH_LOCATION",
            "step_category": "OBJECTIVE",
            "gdd_objective_type": "REACH_LOCATION",
            "target_ref": "place_day_2_tempio_di_ercole_vincitore",
            "required": true
          },
          {
            "quest_id": "D2-Q04",
            "step_id": "D2-Q04-S06",
            "sequence": 6,
            "flow_phase": "OBJECTIVE",
            "step_action_type": "ANSWER_QUESTION",
            "step_category": "OBJECTIVE",
            "gdd_objective_type": "SUBMIT_ANSWER",
            "target_ref": "OBS-D2-Q04-2",
            "required": true
          }
        ],
        "npc_refs": [],
        "enemy_refs": [],
        "enemy_hook": null,
        "rationale": "In regulärer Quest gruppiert; aktuelle Sicht und blinden Test vor Release abschließen.",
        "source_urls": [
          "https://it.wikipedia.org/wiki/Tempio_di_Ercole_Vincitore"
        ],
        "map_urls": [
          "https://www.google.com/maps/search/?api=1&query=41.8887407,12.4807681"
        ],
        "geofence": {
          "interaction_radius_m": 15,
          "exit_hysteresis_radius_m": 25,
          "discovery_radius_m": 55
        }
      }
    },
    {
      "type": "Feature",
      "id": "location:place_day_2_thermae_traianae",
      "geometry": {
        "type": "Point",
        "coordinates": [
          12.4972974,
          41.8923984
        ]
      },
      "properties": {
        "feature_type": "location_candidate",
        "candidate_id": "place_day_2_thermae_traianae",
        "name": "Thermae Traianae",
        "day": "DAY_2",
        "cluster": "D2_MONTI_ESQUILINO",
        "decision": "KERNQUEST",
        "active_in_v08": true,
        "traffic_light": "GRUEN",
        "research_status": "GRUEN_PARKZUGANG",
        "content_status": "APPROVED",
        "publishable": true,
        "geometry_status": "COORDINATE_FROM_V07_WORKBOOK",
        "geometry_sources": [
          "Ortszuordnung"
        ],
        "alternate_geometry_anchors": [],
        "score_v03": 82,
        "core_use_count": 1,
        "special_use_count": 0,
        "support_roles": [],
        "support_definitions": [],
        "quest_refs": [
          "D2-Q09"
        ],
        "quest_stations": [
          {
            "quest_id": "D2-Q09",
            "quest_type": "REGULAER",
            "sequence": 3,
            "role": "ABSCHLUSS",
            "observable_evidence": "Sehr hohe antike Ziegelmauerreste im öffentlichen Park.",
            "location_question": "Welches Baumaterial dominiert die sichtbaren Thermenruinen?",
            "expected_answer": "Ziegel",
            "access_fallback_note": "V03-Punkt; VISUAL_EVIDENCE_NOT_YET_VERIFIED|EXTERIOR_VANTAGE_POINT_REQUIRED|PAID_INTERIOR_OR_SITE_RISK_USE_EXTERIOR_ONLY",
            "enemy_hook": "Vapore delle Terme"
          }
        ],
        "quest_step_refs": [
          {
            "quest_id": "D2-Q09",
            "step_id": "D2-Q09-S10",
            "sequence": 10,
            "flow_phase": "BONUS_OBJECTIVE",
            "step_action_type": "DEFEAT_ENEMY",
            "step_category": "OBJECTIVE",
            "gdd_objective_type": "COMPLETE_ENCOUNTER",
            "target_ref": "enemy:quest:D2-Q09-S10",
            "required": false
          },
          {
            "quest_id": "D2-Q09",
            "step_id": "D2-Q09-S11",
            "sequence": 11,
            "flow_phase": "COMPLETE",
            "step_action_type": "TALK_TO_NPC",
            "step_category": "OBJECTIVE",
            "gdd_objective_type": "COMPLETE_DIALOGUE",
            "target_ref": "D2-Q09-COMPLETE",
            "required": true
          },
          {
            "quest_id": "D2-Q09",
            "step_id": "D2-Q09-S07",
            "sequence": 7,
            "flow_phase": "OBJECTIVE",
            "step_action_type": "REACH_LOCATION",
            "step_category": "OBJECTIVE",
            "gdd_objective_type": "REACH_LOCATION",
            "target_ref": "place_day_2_thermae_traianae",
            "required": true
          },
          {
            "quest_id": "D2-Q09",
            "step_id": "D2-Q09-S08",
            "sequence": 8,
            "flow_phase": "OBJECTIVE",
            "step_action_type": "ANSWER_QUESTION",
            "step_category": "OBJECTIVE",
            "gdd_objective_type": "SUBMIT_ANSWER",
            "target_ref": "OBS-D2-Q09-3",
            "required": true
          },
          {
            "quest_id": "D2-Q09",
            "step_id": "D2-Q09-S09",
            "sequence": 9,
            "flow_phase": "OBJECTIVE",
            "step_action_type": "SOLVE_PUZZLE",
            "step_category": "OBJECTIVE",
            "gdd_objective_type": "SUBMIT_ANSWER",
            "target_ref": "PZ-D2-Q09",
            "required": true
          }
        ],
        "npc_refs": [],
        "enemy_refs": [],
        "enemy_hook": "Vapore delle Terme",
        "rationale": "In regulärer Quest gruppiert; aktuelle Sicht und blinden Test vor Release abschließen.",
        "source_urls": [
          "https://it.wikipedia.org/wiki/Terme_di_Traiano"
        ],
        "map_urls": [
          "https://www.google.com/maps/search/?api=1&query=41.8923984,12.4972974"
        ],
        "geofence": {
          "interaction_radius_m": 15,
          "exit_hysteresis_radius_m": 25,
          "discovery_radius_m": 55
        }
      }
    },
    {
      "type": "Feature",
      "id": "quest:D1-Q01",
      "geometry": {
        "type": "MultiPoint",
        "coordinates": [
          [
            12.4573576,
            41.9022286
          ],
          [
            12.4610723,
            41.9032733
          ],
          [
            12.46686,
            41.90262
          ]
        ]
      },
      "properties": {
        "feature_type": "quest_definition",
        "quest_id": "D1-Q01",
        "quest_type": "REGULAER",
        "day": "DAY_1",
        "title": "Der Fluchtkorridor",
        "quest_giver_id": "npc_konrad_schildwacht",
        "quest_giver_name": "Konrad von der letzten Schildwacht",
        "story_conflict": "Ein geisterhafter Gardist glaubt, der alte Fluchtkorridor sei erneut verraten worden. Das Team muss die sichere Linie vom Petersplatz bis zur Engelsburg rekonstruieren und über die Nachhut entscheiden.",
        "dramatic_arc": "Misstrauen → Spurensicherung → taktische Gewissensentscheidung → Anerkennung",
        "ordered_candidate_ids": [
          "place_day_1_piazza_san_pietro",
          "place_day_1_passetto_di_borgo",
          "place_day_1_castel_sant_angelo"
        ],
        "geometry_semantics": "ORDERED_CHECKPOINTS_NOT_A_WALKING_ROUTE",
        "duration_min": 25,
        "duration_max": 35,
        "slot_progress": "TEAM_SHARED|max_3_regular",
        "prerequisites": "day=DAY_1|firstLocationEnabled|regularSlotAvailable",
        "completion_rule": "Alle required Questablauf-Schritte COMPLETE; mindestens 2 Teammitglieder bei normalen Ortszielen.",
        "fallback_rule": "Bei unklarer Bodenmarkierung startet die Quest am Passetto mit dessen Mauerverlauf.",
        "reward_encounter_profile": "QUEST_REWARD_PROFILE",
        "class_spotlight": "SWISS_GUARD",
        "timer_refs": [
          "TMR-D1-Q01-S12"
        ],
        "has_timer_stage": true,
        "content_status": "APPROVED",
        "geofence_status": "GeoJSON v0.8 spiegelt Quest-, Orts-, Encounter-, Timer- und Navigationsreferenzen; publishable bleibt bis APPROVED false.",
        "publishable": true,
        "normal_location_required_team_members": 2,
        "standard_interaction_radius_m": 15
      }
    },
    {
      "type": "Feature",
      "id": "quest:D1-Q02",
      "geometry": {
        "type": "MultiPoint",
        "coordinates": [
          [
            12.4571483,
            41.903386
          ],
          [
            12.4563148,
            41.9003883
          ],
          [
            12.4615874,
            41.9003045
          ]
        ]
      },
      "properties": {
        "feature_type": "quest_definition",
        "quest_id": "D1-Q02",
        "quest_type": "REGULAER",
        "day": "DAY_1",
        "title": "Tore des Borgo",
        "quest_giver_id": "npc_capitano_malatesta",
        "quest_giver_name": "Capitano Malatesta",
        "story_conflict": "Ein Condottiere wettet, dass kein modernes Team drei Tore lesen kann. Wer seine taktische Reihenfolge besteht, darf den päpstlichen Reiter zu dessen großem Ärger herausfordern.",
        "dramatic_arc": "Provokation → Torvergleich → taktische Sortierung → Duell",
        "ordered_candidate_ids": [
          "place_day_1_porta_san_pellegrino",
          "place_day_1_porta_cavalleggeri",
          "place_day_1_porta_santo_spirito"
        ],
        "geometry_semantics": "ORDERED_CHECKPOINTS_NOT_A_WALKING_ROUTE",
        "duration_min": 25,
        "duration_max": 35,
        "slot_progress": "TEAM_SHARED|max_3_regular",
        "prerequisites": "day=DAY_1|firstLocationEnabled|regularSlotAvailable",
        "completion_rule": "Alle required Questablauf-Schritte COMPLETE; mindestens 2 Teammitglieder bei normalen Ortszielen.",
        "fallback_rule": "Wenn Porta Cavalleggeri nicht eindeutig ist, endet die Quest an Porta Santo Spirito.",
        "reward_encounter_profile": "COMBAT_REWARD_PROFILE",
        "class_spotlight": "CONDOTTIERE",
        "timer_refs": [],
        "has_timer_stage": false,
        "content_status": "APPROVED",
        "geofence_status": "GeoJSON v0.8 spiegelt Quest-, Orts-, Encounter-, Timer- und Navigationsreferenzen; publishable bleibt bis APPROVED false.",
        "publishable": true,
        "normal_location_required_team_members": 2,
        "standard_interaction_radius_m": 15
      }
    },
    {
      "type": "Feature",
      "id": "quest:D1-Q03",
      "geometry": {
        "type": "MultiPoint",
        "coordinates": [
          [
            12.4763454,
            41.9107491
          ],
          [
            12.4763431,
            41.9107077
          ],
          [
            12.4759941,
            41.9115252
          ]
        ]
      },
      "properties": {
        "feature_type": "quest_definition",
        "quest_id": "D1-Q03",
        "quest_type": "REGULAER",
        "day": "DAY_1",
        "title": "Der Dreizack",
        "quest_giver_id": "npc_flaminia_trivium",
        "quest_giver_name": "Flaminia vom Dreizack",
        "story_conflict": "Der Stadtgeist hat drei Wege miteinander verknotet. Das Team muss den Dreizack lesen, sich kurz aufteilen und am Tor wiederfinden, ohne dass die Zielzone direkt auf der Karte erscheint.",
        "dramatic_arc": "Orientierung → kontrollierte Trennung → verborgene Wiedervereinigung",
        "ordered_candidate_ids": [
          "place_day_1_piazza_del_popolo",
          "place_day_1_obelisco_flaminio",
          "place_day_1_porta_del_popolo"
        ],
        "geometry_semantics": "ORDERED_CHECKPOINTS_NOT_A_WALKING_ROUTE",
        "duration_min": 15,
        "duration_max": 25,
        "slot_progress": "TEAM_SHARED|max_3_regular",
        "prerequisites": "day=DAY_1|firstLocationEnabled|regularSlotAvailable",
        "completion_rule": "Alle required Questablauf-Schritte COMPLETE; mindestens 2 Teammitglieder bei normalen Ortszielen.",
        "fallback_rule": "Bei dichter Menschenmenge nur Silhouetten und Großformen verwenden.",
        "reward_encounter_profile": "QUEST_REWARD_PROFILE",
        "class_spotlight": null,
        "timer_refs": [],
        "has_timer_stage": false,
        "content_status": "APPROVED",
        "geofence_status": "GeoJSON v0.8 spiegelt Quest-, Orts-, Encounter-, Timer- und Navigationsreferenzen; publishable bleibt bis APPROVED false.",
        "publishable": true,
        "normal_location_required_team_members": 2,
        "standard_interaction_radius_m": 15
      }
    },
    {
      "type": "Feature",
      "id": "quest:D1-Q04",
      "geometry": {
        "type": "MultiPoint",
        "coordinates": [
          [
            12.479749,
            41.9108092
          ],
          [
            12.4771784,
            41.9109167
          ],
          [
            12.4779346,
            41.9110905
          ]
        ]
      },
      "properties": {
        "feature_type": "quest_definition",
        "quest_id": "D1-Q04",
        "quest_type": "REGULAER",
        "day": "DAY_1",
        "title": "Antinoos über Rom",
        "quest_giver_id": "npc_seshat_pincio",
        "quest_giver_name": "Seshat vom Pincio",
        "story_conflict": "Hieroglyphen, Wölfin und Stadtblick sind aus Seshats Gedächtnis gerissen worden. Jede richtige Zuordnung bindet eine Fähigkeit der Ombra di Antinoo.",
        "dramatic_arc": "Fragmentierte Erinnerung → drei Bildanker → geschwächter Schatten → Ruhe",
        "ordered_candidate_ids": [
          "place_day_1_obelisco_di_antinoo",
          "place_day_1_fontana_della_dea_di_roma",
          "place_day_1_balconata_del_pincio"
        ],
        "geometry_semantics": "ORDERED_CHECKPOINTS_NOT_A_WALKING_ROUTE",
        "duration_min": 15,
        "duration_max": 25,
        "slot_progress": "TEAM_SHARED|max_3_regular",
        "prerequisites": "day=DAY_1|firstLocationEnabled|regularSlotAvailable",
        "completion_rule": "Alle required Questablauf-Schritte COMPLETE; mindestens 2 Teammitglieder bei normalen Ortszielen.",
        "fallback_rule": "Bei gesperrtem Pincio wird die Quest deaktiviert; kein entfernter Ersatzpunkt.",
        "reward_encounter_profile": "COMBAT_REWARD_PROFILE",
        "class_spotlight": null,
        "timer_refs": [],
        "has_timer_stage": false,
        "content_status": "APPROVED",
        "geofence_status": "GeoJSON v0.8 spiegelt Quest-, Orts-, Encounter-, Timer- und Navigationsreferenzen; publishable bleibt bis APPROVED false.",
        "publishable": true,
        "normal_location_required_team_members": 2,
        "standard_interaction_radius_m": 15
      }
    },
    {
      "type": "Feature",
      "id": "quest:D1-Q05",
      "geometry": {
        "type": "Point",
        "coordinates": [
          12.4822771,
          41.9056657
        ]
      },
      "properties": {
        "feature_type": "quest_definition",
        "quest_id": "D1-Q05",
        "quest_type": "REGULAER",
        "day": "DAY_1",
        "title": "Die steinerne Barke",
        "quest_giver_id": "npc_barcaccia",
        "quest_giver_name": "La Barcaccia",
        "story_conflict": "Der Brunnengeist verlangt eine ehrliche Formbestimmung – und eine Entschuldigung für Jahrhunderte schlechter Boots-Witze.",
        "dramatic_arc": "Komische Beschwerde → Beobachtung → versöhnte Selbstdarstellung",
        "ordered_candidate_ids": [
          "place_day_1_piazza_di_spagna"
        ],
        "geometry_semantics": "SINGLE_ANCHOR",
        "duration_min": 5,
        "duration_max": 15,
        "slot_progress": "TEAM_SHARED|max_3_regular",
        "prerequisites": "day=DAY_1|firstLocationEnabled|regularSlotAvailable",
        "completion_rule": "Alle required Questablauf-Schritte COMPLETE; mindestens 2 Teammitglieder bei normalen Ortszielen.",
        "fallback_rule": "Fallback ist die Richtung der großen Treppe zu Trinità dei Monti.",
        "reward_encounter_profile": "QUEST_REWARD_PROFILE",
        "class_spotlight": null,
        "timer_refs": [],
        "has_timer_stage": false,
        "content_status": "APPROVED",
        "geofence_status": "GeoJSON v0.8 spiegelt Quest-, Orts-, Encounter-, Timer- und Navigationsreferenzen; publishable bleibt bis APPROVED false.",
        "publishable": true,
        "normal_location_required_team_members": 2,
        "standard_interaction_radius_m": 15
      }
    },
    {
      "type": "Feature",
      "id": "quest:D1-Q06",
      "geometry": {
        "type": "MultiPoint",
        "coordinates": [
          [
            12.4730991,
            41.8989256
          ],
          [
            12.4730207,
            41.8997976
          ],
          [
            12.4731529,
            41.8981115
          ]
        ]
      },
      "properties": {
        "feature_type": "quest_definition",
        "quest_id": "D1-Q06",
        "quest_type": "REGULAER",
        "day": "DAY_1",
        "title": "Berninis Werkstatt",
        "quest_giver_id": "npc_bernini_echo",
        "quest_giver_name": "Gian Lorenzo Bernini – Werkstattecho",
        "story_conflict": "Berninis Echo braucht drei gleichzeitig arbeitende Augen. Das Team verteilt sich auf die Brunnen, bestätigt synchron sichtbare Figurenmerkmale und entscheidet, welches Material die fiktive Werkstatt erhält.",
        "dramatic_arc": "Künstlerische Provokation → synchrones Beobachten → Zuordnung → Werkstattentscheidung",
        "ordered_candidate_ids": [
          "place_day_1_piazza_navona",
          "place_day_1_fontana_del_nettuno",
          "place_day_1_fontana_del_moro"
        ],
        "geometry_semantics": "ORDERED_CHECKPOINTS_NOT_A_WALKING_ROUTE",
        "duration_min": 15,
        "duration_max": 25,
        "slot_progress": "TEAM_SHARED|max_3_regular",
        "prerequisites": "day=DAY_1|firstLocationEnabled|regularSlotAvailable",
        "completion_rule": "Alle required Questablauf-Schritte COMPLETE; mindestens 2 Teammitglieder bei normalen Ortszielen.",
        "fallback_rule": "Fallback: Zahl und Lage der drei Brunnen statt einzelner Figurendetails.",
        "reward_encounter_profile": "QUEST_REWARD_PROFILE",
        "class_spotlight": "SCULPTOR",
        "timer_refs": [
          "TMR-D1-Q06-S05"
        ],
        "has_timer_stage": true,
        "content_status": "APPROVED",
        "geofence_status": "GeoJSON v0.8 spiegelt Quest-, Orts-, Encounter-, Timer- und Navigationsreferenzen; publishable bleibt bis APPROVED false.",
        "publishable": true,
        "normal_location_required_team_members": 2,
        "standard_interaction_radius_m": 15
      }
    },
    {
      "type": "Feature",
      "id": "quest:D1-Q07",
      "geometry": {
        "type": "MultiPoint",
        "coordinates": [
          [
            12.4768335,
            41.8986261
          ],
          [
            12.4767399,
            41.8993124
          ]
        ]
      },
      "properties": {
        "feature_type": "quest_definition",
        "quest_id": "D1-Q07",
        "quest_type": "REGULAER",
        "day": "DAY_1",
        "title": "Agrippas Zeichen",
        "quest_giver_id": "npc_agrippa_echo",
        "quest_giver_name": "Marcus Agrippa – Echo der Inschrift",
        "story_conflict": "Agrippas Name ist sichtbar, doch eine Mumie versucht, die Inschrift zu verschlucken. Das Team transkribiert den Namen, überträgt ihn auf eine virtuelle Wachstafel und versiegelt den Obeliskenbezug.",
        "dramatic_arc": "Nüchterne Prüfung → Transkription → Bannung",
        "ordered_candidate_ids": [
          "place_day_1_pantheon",
          "place_day_1_obelisco_macuteo"
        ],
        "geometry_semantics": "ORDERED_CHECKPOINTS_NOT_A_WALKING_ROUTE",
        "duration_min": 5,
        "duration_max": 15,
        "slot_progress": "TEAM_SHARED|max_3_regular",
        "prerequisites": "day=DAY_1|firstLocationEnabled|regularSlotAvailable",
        "completion_rule": "Alle required Questablauf-Schritte COMPLETE; mindestens 2 Teammitglieder bei normalen Ortszielen.",
        "fallback_rule": "Fallback: Portikusform am Pantheon und Obelisk-auf-Brunnen-Beziehung.",
        "reward_encounter_profile": "QUEST_REWARD_PROFILE",
        "class_spotlight": null,
        "timer_refs": [],
        "has_timer_stage": false,
        "content_status": "APPROVED",
        "geofence_status": "GeoJSON v0.8 spiegelt Quest-, Orts-, Encounter-, Timer- und Navigationsreferenzen; publishable bleibt bis APPROVED false.",
        "publishable": true,
        "normal_location_required_team_members": 2,
        "standard_interaction_radius_m": 15
      }
    },
    {
      "type": "Feature",
      "id": "quest:D1-Q08",
      "geometry": {
        "type": "MultiPoint",
        "coordinates": [
          [
            12.4786653,
            41.9006787
          ],
          [
            12.4799871,
            41.9008477
          ]
        ]
      },
      "properties": {
        "feature_type": "quest_definition",
        "quest_id": "D1-Q08",
        "quest_type": "REGULAER",
        "day": "DAY_1",
        "title": "Kaiserbotschaften",
        "quest_giver_id": "npc_cassius_archivar",
        "quest_giver_name": "Cassius Spiralis",
        "story_conflict": "Cassius hat zwei Monumentakten vertauscht. Das Team ordnet Schrift, Form und politische Bildsprache dem Obelisken und der Reliefsäule zu.",
        "dramatic_arc": "Aktenchaos → Mustervergleich → geordnete Botschaften",
        "ordered_candidate_ids": [
          "place_day_1_obelisco_di_montecitorio",
          "place_day_1_colonna_di_marco_aurelio"
        ],
        "geometry_semantics": "ORDERED_CHECKPOINTS_NOT_A_WALKING_ROUTE",
        "duration_min": 5,
        "duration_max": 15,
        "slot_progress": "TEAM_SHARED|max_3_regular",
        "prerequisites": "day=DAY_1|firstLocationEnabled|regularSlotAvailable",
        "completion_rule": "Alle required Questablauf-Schritte COMPLETE; mindestens 2 Teammitglieder bei normalen Ortszielen.",
        "fallback_rule": "Fallback: Form des Reliefbands beziehungsweise Schriftart am Obelisken.",
        "reward_encounter_profile": "QUEST_REWARD_PROFILE",
        "class_spotlight": null,
        "timer_refs": [],
        "has_timer_stage": false,
        "content_status": "APPROVED",
        "geofence_status": "GeoJSON v0.8 spiegelt Quest-, Orts-, Encounter-, Timer- und Navigationsreferenzen; publishable bleibt bis APPROVED false.",
        "publishable": true,
        "normal_location_required_team_members": 2,
        "standard_interaction_radius_m": 15
      }
    },
    {
      "type": "Feature",
      "id": "quest:D1-Q09",
      "geometry": {
        "type": "MultiPoint",
        "coordinates": [
          [
            12.4832817,
            41.9009648
          ],
          [
            12.4837108,
            41.9026109
          ],
          [
            12.4884786,
            41.903662
          ]
        ]
      },
      "properties": {
        "feature_type": "quest_definition",
        "quest_id": "D1-Q09",
        "quest_type": "REGULAER",
        "day": "DAY_1",
        "title": "Das gebändigte Wasser",
        "quest_giver_id": "npc_aqua_virgo",
        "quest_giver_name": "Aqua Virgo",
        "story_conflict": "Eine Kanalratte hat den Wasserweg zwischen Trevi, den Arkaden und dem Tritonenbrunnen verdreckt. Beobachtungen füllen eine Ampulle, die im Kampf die Schmutzfähigkeit neutralisiert.",
        "dramatic_arc": "Verunreinigung → Wasserweg lesen → Reinigung → Kampf",
        "ordered_candidate_ids": [
          "place_day_1_fontana_di_trevi",
          "place_day_1_acquedotto_vergine",
          "place_day_1_fontana_del_tritone"
        ],
        "geometry_semantics": "ORDERED_CHECKPOINTS_NOT_A_WALKING_ROUTE",
        "duration_min": 25,
        "duration_max": 35,
        "slot_progress": "TEAM_SHARED|max_3_regular",
        "prerequisites": "day=DAY_1|firstLocationEnabled|regularSlotAvailable",
        "completion_rule": "Alle required Questablauf-Schritte COMPLETE; mindestens 2 Teammitglieder bei normalen Ortszielen.",
        "fallback_rule": "Wenn die Arkaden verdeckt sind, nutzt die gleichörtige Materialfrage und setzt die Route fort.",
        "reward_encounter_profile": "COMBAT_REWARD_PROFILE",
        "class_spotlight": null,
        "timer_refs": [],
        "has_timer_stage": false,
        "content_status": "APPROVED",
        "geofence_status": "GeoJSON v0.8 spiegelt Quest-, Orts-, Encounter-, Timer- und Navigationsreferenzen; publishable bleibt bis APPROVED false.",
        "publishable": true,
        "normal_location_required_team_members": 2,
        "standard_interaction_radius_m": 15
      }
    },
    {
      "type": "Feature",
      "id": "quest:D1-Q10",
      "geometry": {
        "type": "MultiPoint",
        "coordinates": [
          [
            12.4848288,
            41.9006643
          ],
          [
            12.4866425,
            41.899064
          ],
          [
            12.4876143,
            41.9006627
          ]
        ]
      },
      "properties": {
        "feature_type": "quest_definition",
        "quest_id": "D1-Q10",
        "quest_type": "REGULAER",
        "day": "DAY_1",
        "title": "Macht auf dem Quirinal",
        "quest_giver_id": "npc_skanderbeg_echo",
        "quest_giver_name": "Skanderbeg – steinernes Echo",
        "story_conflict": "Skanderbeg prüft drei Formen von Macht: Name, monumentale Pferde und heutige Staatsgewalt. Am Ende wählt das Team Loyalität, Unabhängigkeit oder Dienst am Gemeinwohl.",
        "dramatic_arc": "Identitätsprüfung → Machtsymbole → Loyalitätsentscheidung",
        "ordered_candidate_ids": [
          "place_day_1_piazza_scanderbeg",
          "place_day_1_obelisco_del_quirinale",
          "place_day_1_palazzo_del_quirinale"
        ],
        "geometry_semantics": "ORDERED_CHECKPOINTS_NOT_A_WALKING_ROUTE",
        "duration_min": 25,
        "duration_max": 35,
        "slot_progress": "TEAM_SHARED|max_3_regular",
        "prerequisites": "day=DAY_1|firstLocationEnabled|regularSlotAvailable",
        "completion_rule": "Alle required Questablauf-Schritte COMPLETE; mindestens 2 Teammitglieder bei normalen Ortszielen.",
        "fallback_rule": "Bei unleserlicher Scanderbeg-Inschrift beginnt die Quest am Quirinal-Obelisken.",
        "reward_encounter_profile": "QUEST_REWARD_PROFILE",
        "class_spotlight": null,
        "timer_refs": [],
        "has_timer_stage": false,
        "content_status": "APPROVED",
        "geofence_status": "GeoJSON v0.8 spiegelt Quest-, Orts-, Encounter-, Timer- und Navigationsreferenzen; publishable bleibt bis APPROVED false.",
        "publishable": true,
        "normal_location_required_team_members": 2,
        "standard_interaction_radius_m": 15
      }
    },
    {
      "type": "Feature",
      "id": "quest:D1-Q11",
      "geometry": {
        "type": "Point",
        "coordinates": [
          12.482962,
          41.9049939
        ]
      },
      "properties": {
        "feature_type": "quest_definition",
        "quest_id": "D1-Q11",
        "quest_type": "REGULAER",
        "day": "DAY_1",
        "title": "Zeichen der Unbefleckten",
        "quest_giver_id": "npc_lucia_laternenhueterin",
        "quest_giver_name": "Lucia, Laternenhüterin der Säule",
        "story_conflict": "Lucia bittet nicht um Frömmigkeitswissen, sondern um genaues Sehen: Spitzenfigur, Sockelfiguren und das Wort, das die sichtbare Komposition zusammenhält.",
        "dramatic_arc": "Stilles Betrachten → Symbolwort → behutsame Deutung",
        "ordered_candidate_ids": [
          "place_day_1_colonna_dell_immacolata"
        ],
        "geometry_semantics": "SINGLE_ANCHOR",
        "duration_min": 5,
        "duration_max": 15,
        "slot_progress": "TEAM_SHARED|max_3_regular",
        "prerequisites": "day=DAY_1|firstLocationEnabled|regularSlotAvailable",
        "completion_rule": "Alle required Questablauf-Schritte COMPLETE; mindestens 2 Teammitglieder bei normalen Ortszielen.",
        "fallback_rule": "Fallback: Zahl der großen Sockelfiguren.",
        "reward_encounter_profile": "QUEST_REWARD_PROFILE",
        "class_spotlight": null,
        "timer_refs": [],
        "has_timer_stage": false,
        "content_status": "APPROVED",
        "geofence_status": "GeoJSON v0.8 spiegelt Quest-, Orts-, Encounter-, Timer- und Navigationsreferenzen; publishable bleibt bis APPROVED false.",
        "publishable": true,
        "normal_location_required_team_members": 2,
        "standard_interaction_radius_m": 15
      }
    },
    {
      "type": "Feature",
      "id": "quest:D1-Q12",
      "geometry": {
        "type": "MultiPoint",
        "coordinates": [
          [
            12.4707703,
            41.8923463
          ],
          [
            12.4706818,
            41.8946528
          ],
          [
            12.4721223,
            41.8955725
          ],
          [
            12.4768864,
            41.8953968
          ]
        ]
      },
      "properties": {
        "feature_type": "quest_definition",
        "quest_id": "D1-Q12",
        "quest_type": "REGULAER",
        "day": "DAY_1",
        "title": "Stimmen der Republik",
        "quest_giver_id": "npc_giordano_bruno_echo",
        "quest_giver_name": "Giordano Bruno – dunkles Echo",
        "story_conflict": "Bruno sammelt vier Stimmen Roms: Verbindung, Palastmacht, öffentliche Debatte und republikanische Ruinen. Das Team ordnet sie und entscheidet, welche Stimme seine Chronik prägt.",
        "dramatic_arc": "Vier städtische Stimmen → Zuordnung → politische Schlussentscheidung",
        "ordered_candidate_ids": [
          "place_day_1_ponte_sisto",
          "place_day_1_palazzo_farnese",
          "place_day_1_campo_de_fiori",
          "place_day_1_largo_di_torre_argentina"
        ],
        "geometry_semantics": "ORDERED_CHECKPOINTS_NOT_A_WALKING_ROUTE",
        "duration_min": 35,
        "duration_max": 45,
        "slot_progress": "TEAM_SHARED|max_3_regular",
        "prerequisites": "day=DAY_1|firstLocationEnabled|regularSlotAvailable",
        "completion_rule": "Alle required Questablauf-Schritte COMPLETE; mindestens 2 Teammitglieder bei normalen Ortszielen.",
        "fallback_rule": "Jeder Abschnitt ist modular deaktivierbar; mindestens drei der vier Stationen müssen verfügbar sein.",
        "reward_encounter_profile": "QUEST_REWARD_PROFILE",
        "class_spotlight": null,
        "timer_refs": [
          "TMR-D1-Q12-S11"
        ],
        "has_timer_stage": true,
        "content_status": "APPROVED",
        "geofence_status": "GeoJSON v0.8 spiegelt Quest-, Orts-, Encounter-, Timer- und Navigationsreferenzen; publishable bleibt bis APPROVED false.",
        "publishable": true,
        "normal_location_required_team_members": 2,
        "standard_interaction_radius_m": 15
      }
    },
    {
      "type": "Feature",
      "id": "quest:D1-Q13",
      "geometry": {
        "type": "MultiPoint",
        "coordinates": [
          [
            12.4743329,
            41.8960034
          ],
          [
            12.477456,
            41.893782
          ],
          [
            12.479938,
            41.892202
          ]
        ]
      },
      "properties": {
        "feature_type": "quest_definition",
        "quest_id": "D1-Q13",
        "quest_type": "REGULAER",
        "day": "DAY_1",
        "title": "Roms große Bühne",
        "quest_giver_id": "npc_marcella_scaena",
        "quest_giver_name": "Marcella Scaena",
        "story_conflict": "Drei Bühnen verschiedener Zeiten stehen im falschen Akt. Das Team ordnet Fassade, Schildkrötenbrunnen und antike Arkaden chronologisch; eine falsche Schildkröte kann den Hidden-Kampf wecken.",
        "dramatic_arc": "Verwechselte Akte → Beobachtungen → Chronologie → Vorhang",
        "ordered_candidate_ids": [
          "place_day_1_basilica_di_sant_andrea_della_valle",
          "place_day_1_fontana_delle_tartarughe",
          "place_day_1_teatro_di_marcello"
        ],
        "geometry_semantics": "ORDERED_CHECKPOINTS_NOT_A_WALKING_ROUTE",
        "duration_min": 15,
        "duration_max": 25,
        "slot_progress": "TEAM_SHARED|max_3_regular",
        "prerequisites": "day=DAY_1|firstLocationEnabled|regularSlotAvailable",
        "completion_rule": "Alle required Questablauf-Schritte COMPLETE; mindestens 2 Teammitglieder bei normalen Ortszielen.",
        "fallback_rule": "Fallback: Großformen an Sant’Andrea und Teatro; Tartarughen-Detail bei Bedarf auslassen.",
        "reward_encounter_profile": "QUEST_REWARD_PROFILE",
        "class_spotlight": null,
        "timer_refs": [],
        "has_timer_stage": false,
        "content_status": "APPROVED",
        "geofence_status": "GeoJSON v0.8 spiegelt Quest-, Orts-, Encounter-, Timer- und Navigationsreferenzen; publishable bleibt bis APPROVED false.",
        "publishable": true,
        "normal_location_required_team_members": 2,
        "standard_interaction_radius_m": 15
      }
    },
    {
      "type": "Feature",
      "id": "quest:D1-Q14",
      "geometry": {
        "type": "Point",
        "coordinates": [
          12.4792342,
          41.8896365
        ]
      },
      "properties": {
        "feature_type": "quest_definition",
        "quest_id": "D1-Q14",
        "quest_type": "REGULAER",
        "day": "DAY_1",
        "title": "Die steinerne Insel",
        "quest_giver_id": "npc_tiberinus_medicus",
        "quest_giver_name": "Tiberinus Medicus",
        "story_conflict": "Die Insel ‚fiebert‘, weil ihr Schiffsbug und ihre Heiltradition getrennt wurden. Das Team erkennt die Form, gibt NAVIS ein und setzt einen virtuellen Heilungsstab ein.",
        "dramatic_arc": "Diagnose → Formerkennung → Code → Heileffekt",
        "ordered_candidate_ids": [
          "place_day_1_isola_tiberina"
        ],
        "geometry_semantics": "SINGLE_ANCHOR",
        "duration_min": 5,
        "duration_max": 15,
        "slot_progress": "TEAM_SHARED|max_3_regular",
        "prerequisites": "day=DAY_1|firstLocationEnabled|regularSlotAvailable",
        "completion_rule": "Alle required Questablauf-Schritte COMPLETE; mindestens 2 Teammitglieder bei normalen Ortszielen.",
        "fallback_rule": "Fallback: allgemeine Inselform und sichtbare Brückenbeziehung.",
        "reward_encounter_profile": "QUEST_REWARD_PROFILE",
        "class_spotlight": null,
        "timer_refs": [],
        "has_timer_stage": false,
        "content_status": "APPROVED",
        "geofence_status": "GeoJSON v0.8 spiegelt Quest-, Orts-, Encounter-, Timer- und Navigationsreferenzen; publishable bleibt bis APPROVED false.",
        "publishable": true,
        "normal_location_required_team_members": 2,
        "standard_interaction_radius_m": 15
      }
    },
    {
      "type": "Feature",
      "id": "quest:D1-Q15",
      "geometry": {
        "type": "MultiPoint",
        "coordinates": [
          [
            12.4758567,
            41.8875608
          ],
          [
            12.4694941,
            41.8894264
          ]
        ]
      },
      "properties": {
        "feature_type": "quest_definition",
        "quest_id": "D1-Q15",
        "quest_type": "REGULAER",
        "day": "DAY_1",
        "title": "Cecilias Stimmen",
        "quest_giver_id": "npc_cecilia_vox",
        "quest_giver_name": "Cecilia – Stimme im Mosaik",
        "story_conflict": "Cecilias Erinnerung klingt zwischen zwei Kirchen. Das Team sammelt außen sichtbare Hinweise und entscheidet, wie Legende und belegte Geschichte fair erzählt werden.",
        "dramatic_arc": "Erinnerung → sichtbare Hinweise → Quellenentscheidung → harmonischer Abschluss",
        "ordered_candidate_ids": [
          "place_day_1_basilica_di_santa_cecilia_in_trastevere",
          "place_day_1_basilica_di_santa_maria_in_trastevere"
        ],
        "geometry_semantics": "ORDERED_CHECKPOINTS_NOT_A_WALKING_ROUTE",
        "duration_min": 15,
        "duration_max": 25,
        "slot_progress": "TEAM_SHARED|max_3_regular",
        "prerequisites": "day=DAY_1|firstLocationEnabled|regularSlotAvailable",
        "completion_rule": "Alle required Questablauf-Schritte COMPLETE; mindestens 2 Teammitglieder bei normalen Ortszielen.",
        "fallback_rule": "Wenn Santa Cecilia außen nicht eindeutig ist, startet die Quest auf der Piazza Santa Maria.",
        "reward_encounter_profile": "QUEST_REWARD_PROFILE",
        "class_spotlight": "CLERIC",
        "timer_refs": [],
        "has_timer_stage": false,
        "content_status": "APPROVED",
        "geofence_status": "GeoJSON v0.8 spiegelt Quest-, Orts-, Encounter-, Timer- und Navigationsreferenzen; publishable bleibt bis APPROVED false.",
        "publishable": true,
        "normal_location_required_team_members": 2,
        "standard_interaction_radius_m": 15
      }
    },
    {
      "type": "Feature",
      "id": "quest:D1-Q16",
      "geometry": {
        "type": "MultiPoint",
        "coordinates": [
          [
            12.4616301,
            41.8869765
          ],
          [
            12.4656132,
            41.8881928
          ],
          [
            12.4642423,
            41.8888192
          ],
          [
            12.4607686,
            41.8914637
          ],
          [
            12.460117,
            41.8934109
          ]
        ]
      },
      "properties": {
        "feature_type": "quest_definition",
        "quest_id": "D1-Q16",
        "quest_type": "REGULAER",
        "day": "DAY_1",
        "title": "Republik auf dem Gianicolo",
        "quest_giver_id": "npc_anita_garibaldi",
        "quest_giver_name": "Anita Garibaldi – Reiterecho",
        "story_conflict": "Anita führt eine aufsteigende Erinnerungsroute über Mauern, Ossarium und Wasserfassade. Ein Abschnitt wird ohne sichtbaren Zielmarker navigiert; jede richtige Station stärkt das Team für den Garibaldino.",
        "dramatic_arc": "Aufbruch → koordinierter Aufstieg → Erinnerungsordnung → Finale",
        "ordered_candidate_ids": [
          "place_day_1_mura_gianicolensi_2",
          "place_day_1_mausoleo_ossario_garibaldino",
          "place_day_1_fontana_dell_acqua_paola",
          "place_day_1_monumento_a_garibaldi",
          "place_day_1_monumento_ad_anita_garibaldi"
        ],
        "geometry_semantics": "ORDERED_CHECKPOINTS_NOT_A_WALKING_ROUTE",
        "duration_min": 35,
        "duration_max": 45,
        "slot_progress": "TEAM_SHARED|max_3_regular",
        "prerequisites": "day=DAY_1|firstLocationEnabled|regularSlotAvailable",
        "completion_rule": "Alle required Questablauf-Schritte COMPLETE; mindestens 2 Teammitglieder bei normalen Ortszielen.",
        "fallback_rule": "Die Quest kann auf vier Stationen gekürzt werden; Fontana Acqua Paola bleibt als Revive-Punkt erhalten.",
        "reward_encounter_profile": "COMBAT_REWARD_PROFILE",
        "class_spotlight": null,
        "timer_refs": [],
        "has_timer_stage": false,
        "content_status": "APPROVED",
        "geofence_status": "GeoJSON v0.8 spiegelt Quest-, Orts-, Encounter-, Timer- und Navigationsreferenzen; publishable bleibt bis APPROVED false.",
        "publishable": true,
        "normal_location_required_team_members": 2,
        "standard_interaction_radius_m": 15
      }
    },
    {
      "type": "Feature",
      "id": "quest:D2-Q01",
      "geometry": {
        "type": "MultiPoint",
        "coordinates": [
          [
            12.4829654,
            41.8932288
          ],
          [
            12.4853829,
            41.8939965
          ]
        ]
      },
      "properties": {
        "feature_type": "quest_definition",
        "quest_id": "D2-Q01",
        "quest_type": "REGULAER",
        "day": "DAY_2",
        "title": "Stern des Kapitols",
        "quest_giver_id": "npc_michelangelo_campidoglio",
        "quest_giver_name": "Michelangelo – missmutiger Platzgeist",
        "story_conflict": "Der Platzgeist verlangt, dass Sternmuster und Caesarfigur nicht nur gesehen, sondern den Funktionen Orientierung, Macht und Erinnerung zugeordnet werden.",
        "dramatic_arc": "Formprüfung → Figurenattribut → Bedeutungszuordnung",
        "ordered_candidate_ids": [
          "place_day_2_piazza_del_campidoglio",
          "place_day_2_giulio_cesare"
        ],
        "geometry_semantics": "ORDERED_CHECKPOINTS_NOT_A_WALKING_ROUTE",
        "duration_min": 15,
        "duration_max": 25,
        "slot_progress": "TEAM_SHARED|max_3_regular",
        "prerequisites": "day=DAY_2|firstLocationEnabled|regularSlotAvailable",
        "completion_rule": "Alle required Questablauf-Schritte COMPLETE; mindestens 2 Teammitglieder bei normalen Ortszielen.",
        "fallback_rule": "Fallback: nur das robuste Stern-im-Oval-Muster des Platzes verwenden.",
        "reward_encounter_profile": "QUEST_REWARD_PROFILE",
        "class_spotlight": null,
        "timer_refs": [],
        "has_timer_stage": false,
        "content_status": "APPROVED",
        "geofence_status": "GeoJSON v0.8 spiegelt Quest-, Orts-, Encounter-, Timer- und Navigationsreferenzen; publishable bleibt bis APPROVED false.",
        "publishable": true,
        "normal_location_required_team_members": 2,
        "standard_interaction_radius_m": 15
      }
    },
    {
      "type": "Feature",
      "id": "quest:D2-Q02",
      "geometry": {
        "type": "Point",
        "coordinates": [
          12.4831835,
          41.8947045
        ]
      },
      "properties": {
        "feature_type": "quest_definition",
        "quest_id": "D2-Q02",
        "quest_type": "REGULAER",
        "day": "DAY_2",
        "title": "Quadrigen der Einheit",
        "quest_giver_id": "npc_vittoria_alata",
        "quest_giver_name": "Vittoria Alata",
        "story_conflict": "Vittoria behauptet, niemand schaue mehr über die Selfiesticks hinweg. Das Team zählt die Quadrigen und ordnet das Denkmal seiner Epoche zu.",
        "dramatic_arc": "Überwältigende Silhouette → Zählung → Epochenwahl",
        "ordered_candidate_ids": [
          "place_day_2_altare_della_patria"
        ],
        "geometry_semantics": "SINGLE_ANCHOR",
        "duration_min": 5,
        "duration_max": 15,
        "slot_progress": "TEAM_SHARED|max_3_regular",
        "prerequisites": "day=DAY_2|firstLocationEnabled|regularSlotAvailable",
        "completion_rule": "Alle required Questablauf-Schritte COMPLETE; mindestens 2 Teammitglieder bei normalen Ortszielen.",
        "fallback_rule": "Fallback: zentrale Reiterfigur statt Dachdetails.",
        "reward_encounter_profile": "QUEST_REWARD_PROFILE",
        "class_spotlight": null,
        "timer_refs": [],
        "has_timer_stage": false,
        "content_status": "APPROVED",
        "geofence_status": "GeoJSON v0.8 spiegelt Quest-, Orts-, Encounter-, Timer- und Navigationsreferenzen; publishable bleibt bis APPROVED false.",
        "publishable": true,
        "normal_location_required_team_members": 2,
        "standard_interaction_radius_m": 15
      }
    },
    {
      "type": "Feature",
      "id": "quest:D2-Q03",
      "geometry": {
        "type": "MultiPoint",
        "coordinates": [
          [
            12.4906668,
            41.8897623
          ],
          [
            12.49337,
            41.88989
          ],
          [
            12.494955,
            41.8901133
          ]
        ]
      },
      "properties": {
        "feature_type": "quest_definition",
        "quest_id": "D2-Q03",
        "quest_type": "REGULAER",
        "day": "DAY_2",
        "title": "Arena und Triumph",
        "quest_giver_id": "npc_lanista_felix",
        "quest_giver_name": "Lanista Felix",
        "story_conflict": "Felix verbindet Triumphbogen, Arena und Trainingsplatz zu einer taktischen Lektion. Die richtige Zuordnung bestimmt den Kampfvorteil gegen den Gladiator des Ludus.",
        "dramatic_arc": "Spektakel → Analyse → Taktik → Kampf",
        "ordered_candidate_ids": [
          "place_day_2_arco_di_costantino",
          "place_day_2_colosseo",
          "place_day_2_ludus_magnus"
        ],
        "geometry_semantics": "ORDERED_CHECKPOINTS_NOT_A_WALKING_ROUTE",
        "duration_min": 25,
        "duration_max": 35,
        "slot_progress": "TEAM_SHARED|max_3_regular",
        "prerequisites": "day=DAY_2|firstLocationEnabled|regularSlotAvailable",
        "completion_rule": "Alle required Questablauf-Schritte COMPLETE; mindestens 2 Teammitglieder bei normalen Ortszielen.",
        "fallback_rule": "Bei Überfüllung wird die Quest auf Konstantinsbogen und Ludus Magnus reduziert.",
        "reward_encounter_profile": "COMBAT_REWARD_PROFILE",
        "class_spotlight": null,
        "timer_refs": [],
        "has_timer_stage": false,
        "content_status": "APPROVED",
        "geofence_status": "GeoJSON v0.8 spiegelt Quest-, Orts-, Encounter-, Timer- und Navigationsreferenzen; publishable bleibt bis APPROVED false.",
        "publishable": true,
        "normal_location_required_team_members": 2,
        "standard_interaction_radius_m": 15
      }
    },
    {
      "type": "Feature",
      "id": "quest:D2-Q04",
      "geometry": {
        "type": "MultiPoint",
        "coordinates": [
          [
            12.4815441,
            41.8882567
          ],
          [
            12.4807681,
            41.8887407
          ],
          [
            12.4830029,
            41.8894907
          ],
          [
            12.4827682,
            41.889353
          ]
        ]
      },
      "properties": {
        "feature_type": "quest_definition",
        "quest_id": "D2-Q04",
        "quest_type": "REGULAER",
        "day": "DAY_2",
        "title": "Handel, Götter und Wahrheit",
        "quest_giver_id": "npc_mercator_gaius",
        "quest_giver_name": "Gaius Quattuorportus",
        "story_conflict": "Gaius verkauft drei Erklärungen und nur eine ist sauber gekennzeichnet. Das Team vergleicht Steingesicht, Rundtempel, Architrav und vierseitigen Bogen, gibt VERITAS ein und trennt Fakt, spätere Deutung und Legende.",
        "dramatic_arc": "Verlockende Legende → vier Formen → Quellenprüfung → Urteil",
        "ordered_candidate_ids": [
          "place_day_2_bocca_della_verita",
          "place_day_2_tempio_di_ercole_vincitore",
          "place_day_2_arco_degli_argentari",
          "place_day_2_arco_di_giano"
        ],
        "geometry_semantics": "ORDERED_CHECKPOINTS_NOT_A_WALKING_ROUTE",
        "duration_min": 35,
        "duration_max": 45,
        "slot_progress": "TEAM_SHARED|max_3_regular",
        "prerequisites": "day=DAY_2|firstLocationEnabled|regularSlotAvailable",
        "completion_rule": "Alle required Questablauf-Schritte COMPLETE; mindestens 2 Teammitglieder bei normalen Ortszielen.",
        "fallback_rule": "Bei Warteschlange wird die Bocca nur aus Distanz genutzt oder durch die Tempelform ersetzt.",
        "reward_encounter_profile": "QUEST_REWARD_PROFILE",
        "class_spotlight": null,
        "timer_refs": [
          "TMR-D2-Q04-S11"
        ],
        "has_timer_stage": true,
        "content_status": "APPROVED",
        "geofence_status": "GeoJSON v0.8 spiegelt Quest-, Orts-, Encounter-, Timer- und Navigationsreferenzen; publishable bleibt bis APPROVED false.",
        "publishable": true,
        "normal_location_required_team_members": 2,
        "standard_interaction_radius_m": 15
      }
    },
    {
      "type": "Feature",
      "id": "quest:D2-Q05",
      "geometry": {
        "type": "MultiPoint",
        "coordinates": [
          [
            12.4812253,
            41.8885236
          ],
          [
            12.484964,
            41.8856975
          ],
          [
            12.480147,
            41.88441
          ]
        ]
      },
      "properties": {
        "feature_type": "quest_definition",
        "quest_id": "D2-Q05",
        "quest_type": "REGULAER",
        "day": "DAY_2",
        "title": "Masken über dem Circus",
        "quest_giver_id": "npc_triton_callidus",
        "quest_giver_name": "Triton Callidus",
        "story_conflict": "Ein Triton hat den Aventin mit dem Palatin verwechselt und die Maske beleidigt. Das Team ordnet Figuren, Aussicht und Wasserauslass und gewinnt einen Bonus für die Streitwagenquest.",
        "dramatic_arc": "Komische Verwechslung → Panoramaorientierung → Figurenvergleich → Versöhnung",
        "ordered_candidate_ids": [
          "place_day_2_fontana_dei_tritoni",
          "place_day_2_belvedere_romolo_e_remo",
          "place_day_2_fontana_del_mascherone_di_santa_sabina"
        ],
        "geometry_semantics": "ORDERED_CHECKPOINTS_NOT_A_WALKING_ROUTE",
        "duration_min": 15,
        "duration_max": 25,
        "slot_progress": "TEAM_SHARED|max_3_regular",
        "prerequisites": "day=DAY_2|firstLocationEnabled|regularSlotAvailable",
        "completion_rule": "Alle required Questablauf-Schritte COMPLETE; mindestens 2 Teammitglieder bei normalen Ortszielen.",
        "fallback_rule": "Bei gesperrtem Brunnenbereich bleibt der Belvedere-Panoramafallback.",
        "reward_encounter_profile": "QUEST_REWARD_PROFILE",
        "class_spotlight": null,
        "timer_refs": [],
        "has_timer_stage": false,
        "content_status": "APPROVED",
        "geofence_status": "GeoJSON v0.8 spiegelt Quest-, Orts-, Encounter-, Timer- und Navigationsreferenzen; publishable bleibt bis APPROVED false.",
        "publishable": true,
        "normal_location_required_team_members": 2,
        "standard_interaction_radius_m": 15
      }
    },
    {
      "type": "Feature",
      "id": "quest:D2-Q06",
      "geometry": {
        "type": "Point",
        "coordinates": [
          12.4958638,
          41.8847586
        ]
      },
      "properties": {
        "feature_type": "quest_definition",
        "quest_id": "D2-Q06",
        "quest_type": "REGULAER",
        "day": "DAY_2",
        "title": "Das steinerne Schiff",
        "quest_giver_id": "npc_nauta_celimontanus",
        "quest_giver_name": "Nauta Celimontanus",
        "story_conflict": "Ein Kapitän sitzt mit einem Schiff aus Stein fest. Das Team erkennt Objektform und Ausrichtung und wählt den symbolischen Kurs.",
        "dramatic_arc": "Festsitzen → Formerkennung → Kurswahl",
        "ordered_candidate_ids": [
          "place_day_2_fontana_della_navicella"
        ],
        "geometry_semantics": "SINGLE_ANCHOR",
        "duration_min": 5,
        "duration_max": 15,
        "slot_progress": "TEAM_SHARED|max_3_regular",
        "prerequisites": "day=DAY_2|firstLocationEnabled|regularSlotAvailable",
        "completion_rule": "Alle required Questablauf-Schritte COMPLETE; mindestens 2 Teammitglieder bei normalen Ortszielen.",
        "fallback_rule": "Fallback: Ausrichtung des Schiffs statt kleiner Details.",
        "reward_encounter_profile": "QUEST_REWARD_PROFILE",
        "class_spotlight": null,
        "timer_refs": [],
        "has_timer_stage": false,
        "content_status": "APPROVED",
        "geofence_status": "GeoJSON v0.8 spiegelt Quest-, Orts-, Encounter-, Timer- und Navigationsreferenzen; publishable bleibt bis APPROVED false.",
        "publishable": true,
        "normal_location_required_team_members": 2,
        "standard_interaction_radius_m": 15
      }
    },
    {
      "type": "Feature",
      "id": "quest:D2-Q07",
      "geometry": {
        "type": "MultiPoint",
        "coordinates": [
          [
            12.5055858,
            41.8857617
          ],
          [
            12.5047983,
            41.886844
          ],
          [
            12.5093343,
            41.8859055
          ]
        ]
      },
      "properties": {
        "feature_type": "quest_definition",
        "quest_id": "D2-Q07",
        "quest_type": "REGULAER",
        "day": "DAY_2",
        "title": "Sitz der Kirche",
        "quest_giver_id": "npc_sixtus_vermesser",
        "quest_giver_name": "Sixtus, Vermesser der Achsen",
        "story_conflict": "Sixtus fordert, dass Basilika, Obelisk und Stadttor den Funktionen geistliche Mitte, imperiale Erinnerung und städtischer Zugang zugeordnet werden. Danach entscheidet das Team, welche Funktion geschützt wird.",
        "dramatic_arc": "Autoritäre Aufgabe → drei Großzeichen → Funktionswahl",
        "ordered_candidate_ids": [
          "place_day_2_basilica_di_san_giovanni_in_laterano",
          "place_day_2_obelisco_lateranense",
          "place_day_2_porta_san_giovanni"
        ],
        "geometry_semantics": "ORDERED_CHECKPOINTS_NOT_A_WALKING_ROUTE",
        "duration_min": 15,
        "duration_max": 25,
        "slot_progress": "TEAM_SHARED|max_3_regular",
        "prerequisites": "day=DAY_2|firstLocationEnabled|regularSlotAvailable",
        "completion_rule": "Alle required Questablauf-Schritte COMPLETE; mindestens 2 Teammitglieder bei normalen Ortszielen.",
        "fallback_rule": "Bei Verkehrssperre bleibt die Quest auf Basilika-Außenfassade und Obelisk.",
        "reward_encounter_profile": "QUEST_REWARD_PROFILE",
        "class_spotlight": null,
        "timer_refs": [],
        "has_timer_stage": false,
        "content_status": "APPROVED",
        "geofence_status": "GeoJSON v0.8 spiegelt Quest-, Orts-, Encounter-, Timer- und Navigationsreferenzen; publishable bleibt bis APPROVED false.",
        "publishable": true,
        "normal_location_required_team_members": 2,
        "standard_interaction_radius_m": 15
      }
    },
    {
      "type": "Feature",
      "id": "quest:D2-Q08",
      "geometry": {
        "type": "MultiPoint",
        "coordinates": [
          [
            12.5024875,
            41.8765186
          ],
          [
            12.4986395,
            41.8823233
          ]
        ]
      },
      "properties": {
        "feature_type": "quest_definition",
        "quest_id": "D2-Q08",
        "quest_type": "REGULAER",
        "day": "DAY_2",
        "title": "Tore der Aurelianischen Mauer",
        "quest_giver_id": "npc_aurelian_murus",
        "quest_giver_name": "Aurelianus Murus",
        "story_conflict": "Zwischen Porta Latina und Porta Metronia bewegt sich ein Mauerskorpion. Das Team liest Türme und vermauerten Bogen; ein verdecktes Navigationssegment zwingt zur Rollenkommunikation.",
        "dramatic_arc": "Grenzalarm → Toranalyse → verdeckte Navigation → Gegenmaßnahme",
        "ordered_candidate_ids": [
          "place_day_2_porta_latina",
          "place_day_2_porta_metronia"
        ],
        "geometry_semantics": "ORDERED_CHECKPOINTS_NOT_A_WALKING_ROUTE",
        "duration_min": 25,
        "duration_max": 35,
        "slot_progress": "TEAM_SHARED|max_3_regular",
        "prerequisites": "day=DAY_2|firstLocationEnabled|regularSlotAvailable",
        "completion_rule": "Alle required Questablauf-Schritte COMPLETE; mindestens 2 Teammitglieder bei normalen Ortszielen.",
        "fallback_rule": "Wenn Porta Metronia nicht sicher anspielbar ist, wird nur Porta Latina als Kurzquest aktiviert.",
        "reward_encounter_profile": "QUEST_REWARD_PROFILE",
        "class_spotlight": null,
        "timer_refs": [],
        "has_timer_stage": false,
        "content_status": "APPROVED",
        "geofence_status": "GeoJSON v0.8 spiegelt Quest-, Orts-, Encounter-, Timer- und Navigationsreferenzen; publishable bleibt bis APPROVED false.",
        "publishable": true,
        "normal_location_required_team_members": 2,
        "standard_interaction_radius_m": 15
      }
    },
    {
      "type": "Feature",
      "id": "quest:D2-Q09",
      "geometry": {
        "type": "MultiPoint",
        "coordinates": [
          [
            12.499145861948264,
            41.89712887126836
          ],
          [
            12.4975028,
            41.8981766
          ],
          [
            12.4972974,
            41.8923984
          ]
        ]
      },
      "properties": {
        "feature_type": "quest_definition",
        "quest_id": "D2-Q09",
        "quest_type": "REGULAER",
        "day": "DAY_2",
        "title": "Schichten des Esquilino",
        "quest_giver_id": "npc_livia_strata",
        "quest_giver_name": "Livia Strata",
        "story_conflict": "Drei Zeitschichten geraten durcheinander: Basilikafassade, Obelisk und Ziegelruinen. Das Team klassifiziert Material und Form; der Code LATERES gewährt Widerstand gegen den späteren Schneeboss.",
        "dramatic_arc": "Schichtenchaos → Materialbeobachtung → Code → Bossvorbereitung",
        "ordered_candidate_ids": [
          "place_day_2_basilica_di_santa_maria_maggiore",
          "place_day_2_obelisco_esquilino",
          "place_day_2_thermae_traianae"
        ],
        "geometry_semantics": "ORDERED_CHECKPOINTS_NOT_A_WALKING_ROUTE",
        "duration_min": 25,
        "duration_max": 35,
        "slot_progress": "TEAM_SHARED|max_3_regular",
        "prerequisites": "day=DAY_2|firstLocationEnabled|regularSlotAvailable",
        "completion_rule": "Alle required Questablauf-Schritte COMPLETE; mindestens 2 Teammitglieder bei normalen Ortszielen.",
        "fallback_rule": "Bei Parkschließung endet die Quest am Esquilino-Obelisken.",
        "reward_encounter_profile": "QUEST_REWARD_PROFILE",
        "class_spotlight": null,
        "timer_refs": [],
        "has_timer_stage": false,
        "content_status": "APPROVED",
        "geofence_status": "GeoJSON v0.8 spiegelt Quest-, Orts-, Encounter-, Timer- und Navigationsreferenzen; publishable bleibt bis APPROVED false.",
        "publishable": true,
        "normal_location_required_team_members": 2,
        "standard_interaction_radius_m": 15
      }
    },
    {
      "type": "Feature",
      "id": "quest:D2-Q10",
      "geometry": {
        "type": "Point",
        "coordinates": [
          12.51572,
          41.89118
        ]
      },
      "properties": {
        "feature_type": "quest_definition",
        "quest_id": "D2-Q10",
        "quest_type": "REGULAER",
        "day": "DAY_2",
        "title": "Wasser über dem Tor",
        "quest_giver_id": "npc_frontinus_aquarius",
        "quest_giver_name": "Frontinus, Curator Aquarum",
        "story_conflict": "Eine Hydra sitzt im Doppelbogen und verwechselt Wasserleitungen mit Köpfen. Das Team erkennt Tor und Aquäduktfunktion, setzt eine Bleiplombe ein und entfernt einen Hydrakopf vor dem Kampf.",
        "dramatic_arc": "Infrastrukturstörung → Doppelbogenanalyse → Plombe → Kampf",
        "ordered_candidate_ids": [
          "place_day_2_porta_maggiore_aqua_claudia"
        ],
        "geometry_semantics": "SINGLE_ANCHOR",
        "duration_min": 5,
        "duration_max": 15,
        "slot_progress": "TEAM_SHARED|max_3_regular",
        "prerequisites": "day=DAY_2|firstLocationEnabled|regularSlotAvailable",
        "completion_rule": "Alle required Questablauf-Schritte COMPLETE; mindestens 2 Teammitglieder bei normalen Ortszielen.",
        "fallback_rule": "Bei ungeeignetem Gehwegpunkt wird die Quest vollständig deaktiviert.",
        "reward_encounter_profile": "COMBAT_REWARD_PROFILE",
        "class_spotlight": null,
        "timer_refs": [
          "TMR-D2-Q10-S05"
        ],
        "has_timer_stage": true,
        "content_status": "APPROVED",
        "geofence_status": "GeoJSON v0.8 spiegelt Quest-, Orts-, Encounter-, Timer- und Navigationsreferenzen; publishable bleibt bis APPROVED false.",
        "publishable": true,
        "normal_location_required_team_members": 2,
        "standard_interaction_radius_m": 15
      }
    },
    {
      "type": "Feature",
      "id": "quest:M-D1-01",
      "geometry": {
        "type": "Point",
        "coordinates": [
          12.4573576,
          41.9022286
        ]
      },
      "properties": {
        "feature_type": "quest_definition",
        "quest_id": "M-D1-01",
        "quest_type": "MEDIA_LOCAL",
        "day": "DAY_1",
        "title": "Foto mit Schweizer Gardist",
        "quest_giver_id": "npc_livia_lens",
        "quest_giver_name": "Livia Lens",
        "story_conflict": "Livia benötigt ein respektvolles Teamfoto mit sichtbarem Bezug zur Schweizergarde; kein Gardist muss angesprochen oder zur Pose bewegt werden.",
        "dramatic_arc": "Sonderablauf gemäß Questablauf",
        "ordered_candidate_ids": [
          "place_day_1_piazza_san_pietro"
        ],
        "geometry_semantics": "SINGLE_ANCHOR",
        "duration_min": 5,
        "duration_max": 15,
        "slot_progress": "SEPARATE_MEDIA_SLOT",
        "prerequisites": "specialSlotAvailable",
        "completion_rule": "Medienbedingungen erfüllt und Upload/GM-Prüfung abgeschlossen",
        "fallback_rule": "Gardist ist nicht garantiert verfügbar; respektvolle Distanz und Menschenmenge. | Fallbackbriefing mit sichtbarer Garde im Hintergrund vorbereiten.",
        "reward_encounter_profile": "NO_COMBAT",
        "class_spotlight": null,
        "timer_refs": [],
        "has_timer_stage": false,
        "content_status": "APPROVED",
        "geofence_status": "GeoJSON v0.8 spiegelt Quest-, Orts-, Encounter-, Timer- und Navigationsreferenzen; sichere Event-/Upload-Geofences bleiben zu prüfen.",
        "publishable": true,
        "normal_location_required_team_members": null,
        "standard_interaction_radius_m": 15
      }
    },
    {
      "type": "Feature",
      "id": "quest:M-D1-02",
      "geometry": {
        "type": "Point",
        "coordinates": [
          12.4664274,
          41.9018932
        ]
      },
      "properties": {
        "feature_type": "quest_definition",
        "quest_id": "M-D1-02",
        "quest_type": "MEDIA_LOCAL",
        "day": "DAY_1",
        "title": "Wie ein Engel",
        "quest_giver_id": "npc_livia_lens",
        "quest_giver_name": "Livia Lens",
        "story_conflict": "Das Team interpretiert eine Engelsfigur auf der Engelsbrücke frei, ohne den schmalen Weg zu blockieren.",
        "dramatic_arc": "Sonderablauf gemäß Questablauf",
        "ordered_candidate_ids": [
          "place_day_1_ponte_sant_angelo"
        ],
        "geometry_semantics": "SINGLE_ANCHOR",
        "duration_min": 5,
        "duration_max": 15,
        "slot_progress": "SEPARATE_MEDIA_SLOT",
        "prerequisites": "specialSlotAvailable",
        "completion_rule": "Medienbedingungen erfüllt und Upload/GM-Prüfung abgeschlossen",
        "fallback_rule": "Hohe Besucherzahl und schmale Bewegungsflächen. | Offenes Briefing beibehalten; keine exakte Pose verlangen.",
        "reward_encounter_profile": "NO_COMBAT",
        "class_spotlight": null,
        "timer_refs": [],
        "has_timer_stage": false,
        "content_status": "APPROVED",
        "geofence_status": "GeoJSON v0.8 spiegelt Quest-, Orts-, Encounter-, Timer- und Navigationsreferenzen; sichere Event-/Upload-Geofences bleiben zu prüfen.",
        "publishable": true,
        "normal_location_required_team_members": null,
        "standard_interaction_radius_m": 15
      }
    },
    {
      "type": "Feature",
      "id": "quest:M-D1-03",
      "geometry": {
        "type": "MultiPoint",
        "coordinates": [
          [
            12.4730991,
            41.8989256
          ],
          [
            12.4730207,
            41.8997976
          ],
          [
            12.4731529,
            41.8981115
          ]
        ]
      },
      "properties": {
        "feature_type": "quest_definition",
        "quest_id": "M-D1-03",
        "quest_type": "MEDIA_LOCAL",
        "day": "DAY_1",
        "title": "Drei Brunnen, drei Figuren",
        "quest_giver_id": "npc_livia_lens",
        "quest_giver_name": "Livia Lens",
        "story_conflict": "Drei Brunnen, drei Figurenposen, drei Bilder. Das Team muss nicht gleichzeitig an allen Punkten sein; jedes Bild wird separat am zugehörigen Brunnen bestätigt.",
        "dramatic_arc": "Sonderablauf gemäß Questablauf",
        "ordered_candidate_ids": [
          "place_day_1_piazza_navona",
          "place_day_1_fontana_del_nettuno",
          "place_day_1_fontana_del_moro"
        ],
        "geometry_semantics": "ORDERED_CHECKPOINTS_NOT_A_WALKING_ROUTE",
        "duration_min": 15,
        "duration_max": 25,
        "slot_progress": "SEPARATE_MEDIA_SLOT",
        "prerequisites": "specialSlotAvailable",
        "completion_rule": "Medienbedingungen erfüllt und Upload/GM-Prüfung abgeschlossen",
        "fallback_rule": "Menschenmenge; nur große Figuren als Vorbild verwenden. | Sehr gute Medienquest; klare Dreiteilung beibehalten.",
        "reward_encounter_profile": "NO_COMBAT",
        "class_spotlight": null,
        "timer_refs": [],
        "has_timer_stage": false,
        "content_status": "APPROVED",
        "geofence_status": "GeoJSON v0.8 spiegelt Quest-, Orts-, Encounter-, Timer- und Navigationsreferenzen; sichere Event-/Upload-Geofences bleiben zu prüfen.",
        "publishable": true,
        "normal_location_required_team_members": null,
        "standard_interaction_radius_m": 15
      }
    },
    {
      "type": "Feature",
      "id": "quest:M-LT-01",
      "geometry": {
        "type": "Point",
        "coordinates": [
          12.479938,
          41.892202
        ]
      },
      "properties": {
        "feature_type": "quest_definition",
        "quest_id": "M-LT-01",
        "quest_type": "MEDIA_LANGZEIT",
        "day": "BOTH_DAYS",
        "title": "Roma in zwölf Bildern",
        "quest_giver_id": "npc_livia_lens",
        "quest_giver_name": "Livia Lens",
        "story_conflict": "Über beide Tage entsteht eine Geschichte in maximal zwölf Bildern. Jede im Team vorhandene Klasse muss erkennbar handeln; der Abschluss erfolgt nach manueller GM-Prüfung.",
        "dramatic_arc": "Sonderablauf gemäß Questablauf",
        "ordered_candidate_ids": [
          "place_day_1_teatro_di_marcello"
        ],
        "geometry_semantics": "SINGLE_ANCHOR",
        "duration_min": 0,
        "duration_max": 0,
        "slot_progress": "SEPARATE_CHRONICLE_SLOT",
        "prerequisites": "specialSlotAvailable",
        "completion_rule": "Medienbedingungen erfüllt und Upload/GM-Prüfung abgeschlossen",
        "fallback_rule": "Bewertung benötigt klare Rubrik; darf reguläre Questslots nicht blockieren. | Als einzige bestätigte Langzeitquest umsetzen.",
        "reward_encounter_profile": "ENCOUNTER_PROFILE",
        "class_spotlight": null,
        "timer_refs": [],
        "has_timer_stage": false,
        "content_status": "APPROVED",
        "geofence_status": "GeoJSON v0.8 spiegelt Quest-, Orts-, Encounter-, Timer- und Navigationsreferenzen; sichere Event-/Upload-Geofences bleiben zu prüfen.",
        "publishable": true,
        "normal_location_required_team_members": null,
        "standard_interaction_radius_m": 15
      }
    },
    {
      "type": "Feature",
      "id": "quest:M-D2-01",
      "geometry": {
        "type": "Point",
        "coordinates": [
          12.484508661426391,
          41.886650681433466
        ]
      },
      "properties": {
        "feature_type": "quest_definition",
        "quest_id": "M-D2-01",
        "quest_type": "MEDIA_LOCAL",
        "day": "DAY_2",
        "title": "Streitwagenrennen",
        "quest_giver_id": "npc_auriga_quinta",
        "quest_giver_name": "Quinta Fulvia",
        "story_conflict": "Ein Streitwagenrennen wird als zusammenhängender Akt in exakt fünf Bildern inszeniert – ohne echtes Rennen und auf einer sicheren Laufrichtung.",
        "dramatic_arc": "Sonderablauf gemäß Questablauf",
        "ordered_candidate_ids": [
          "place_day_2_circo_massimo"
        ],
        "geometry_semantics": "SINGLE_ANCHOR",
        "duration_min": 15,
        "duration_max": 25,
        "slot_progress": "SEPARATE_MEDIA_SLOT",
        "prerequisites": "specialSlotAvailable",
        "completion_rule": "Medienbedingungen erfüllt und Upload/GM-Prüfung abgeschlossen",
        "fallback_rule": "Große offene Fläche; sichere Laufrichtung im Briefing festlegen. | Sehr starke Orts- und Medienpassung.",
        "reward_encounter_profile": "ENCOUNTER_PROFILE",
        "class_spotlight": null,
        "timer_refs": [],
        "has_timer_stage": false,
        "content_status": "APPROVED",
        "geofence_status": "GeoJSON v0.8 spiegelt Quest-, Orts-, Encounter-, Timer- und Navigationsreferenzen; sichere Event-/Upload-Geofences bleiben zu prüfen.",
        "publishable": true,
        "normal_location_required_team_members": null,
        "standard_interaction_radius_m": 15
      }
    },
    {
      "type": "Feature",
      "id": "quest:M-D2-02",
      "geometry": {
        "type": "Point",
        "coordinates": [
          12.49337,
          41.88989
        ]
      },
      "properties": {
        "feature_type": "quest_definition",
        "quest_id": "M-D2-02",
        "quest_type": "MEDIA_LOCAL",
        "day": "DAY_2",
        "title": "Gladiatorenkampf",
        "quest_giver_id": "npc_lanista_felix",
        "quest_giver_name": "Lanista Felix",
        "story_conflict": "Drei Bilder erzählen einen Gladiatorenkampf: Herausforderung, Wendepunkt, Gnade. Reale Schläge, Waffenbewegungen und Engstellen sind ausgeschlossen.",
        "dramatic_arc": "Sonderablauf gemäß Questablauf",
        "ordered_candidate_ids": [
          "place_day_2_colosseo"
        ],
        "geometry_semantics": "SINGLE_ANCHOR",
        "duration_min": 5,
        "duration_max": 15,
        "slot_progress": "SEPARATE_MEDIA_SLOT",
        "prerequisites": "specialSlotAvailable",
        "completion_rule": "Medienbedingungen erfüllt und Upload/GM-Prüfung abgeschlossen",
        "fallback_rule": "Sehr hohe Besucherzahl; keine reale Kampfbewegung in Engstellen. | Posen statt dynamischer Aktionen verlangen.",
        "reward_encounter_profile": "ENCOUNTER_PROFILE",
        "class_spotlight": null,
        "timer_refs": [],
        "has_timer_stage": false,
        "content_status": "APPROVED",
        "geofence_status": "GeoJSON v0.8 spiegelt Quest-, Orts-, Encounter-, Timer- und Navigationsreferenzen; sichere Event-/Upload-Geofences bleiben zu prüfen.",
        "publishable": true,
        "normal_location_required_team_members": null,
        "standard_interaction_radius_m": 15
      }
    },
    {
      "type": "Feature",
      "id": "quest:M-D2-03",
      "geometry": {
        "type": "Point",
        "coordinates": [
          12.4860984,
          41.8962514
        ]
      },
      "properties": {
        "feature_type": "quest_definition",
        "quest_id": "M-D2-03",
        "quest_type": "MEDIA_LOCAL",
        "day": "DAY_2",
        "title": "Souvenirreview",
        "quest_giver_id": "npc_mercator_minimus",
        "quest_giver_name": "Mercator Minimus",
        "story_conflict": "Das Team produziert ein 30–60-sekündiges Souvenirreview. Der Gegenstand darf anderswo gekauft sein, kostet höchstens fünf Euro und wird am öffentlichen Außenpunkt der Trajansmärkte präsentiert.",
        "dramatic_arc": "Sonderablauf gemäß Questablauf",
        "ordered_candidate_ids": [
          "place_day_2_mercati_di_traiano"
        ],
        "geometry_semantics": "SINGLE_ANCHOR",
        "duration_min": 15,
        "duration_max": 25,
        "slot_progress": "SEPARATE_MEDIA_SLOT",
        "prerequisites": "specialSlotAvailable",
        "completion_rule": "Medienbedingungen erfüllt und Upload/GM-Prüfung abgeschlossen",
        "fallback_rule": "Kauf darf nicht am Ort vorausgesetzt werden; Außenpunkt eindeutig festlegen. | Sehr gute Verbindung von Alltagsleben, Handel und Performance.",
        "reward_encounter_profile": "ENCOUNTER_PROFILE",
        "class_spotlight": null,
        "timer_refs": [
          "TMR-M-D2-03-S05"
        ],
        "has_timer_stage": true,
        "content_status": "APPROVED",
        "geofence_status": "GeoJSON v0.8 spiegelt Quest-, Orts-, Encounter-, Timer- und Navigationsreferenzen; sichere Event-/Upload-Geofences bleiben zu prüfen.",
        "publishable": true,
        "normal_location_required_team_members": null,
        "standard_interaction_radius_m": 15
      }
    },
    {
      "type": "Feature",
      "id": "quest:H-D1-01",
      "geometry": {
        "type": "Point",
        "coordinates": [
          12.477456,
          41.893782
        ]
      },
      "properties": {
        "feature_type": "quest_definition",
        "quest_id": "H-D1-01",
        "quest_type": "HIDDEN",
        "day": "DAY_1",
        "title": "Die Schildkröten wachen",
        "quest_giver_id": "npc_tartaruga_quarta",
        "quest_giver_name": "Die vierte Schildkröte",
        "story_conflict": "Wer alle vier Schildkröten zählt, weckt die vierte Stimme und einen kurzen Wächterkampf.",
        "dramatic_arc": "Sonderablauf gemäß Questablauf",
        "ordered_candidate_ids": [
          "place_day_1_fontana_delle_tartarughe"
        ],
        "geometry_semantics": "SINGLE_ANCHOR",
        "duration_min": 5,
        "duration_max": 10,
        "slot_progress": "NO_ACTIVE_SLOT",
        "prerequisites": "hiddenTriggerDiscovered",
        "completion_rule": "Hidden-Ablauf abgeschlossen",
        "fallback_rule": "Aktuelle Sicht der Schildkröten prüfen. | Guter versteckter Zusatz zu D1-Q13.",
        "reward_encounter_profile": "ENCOUNTER_PROFILE",
        "class_spotlight": null,
        "timer_refs": [],
        "has_timer_stage": false,
        "content_status": "APPROVED",
        "geofence_status": "GeoJSON v0.8 spiegelt Quest-, Orts-, Encounter-, Timer- und Navigationsreferenzen; sichere Event-/Upload-Geofences bleiben zu prüfen.",
        "publishable": true,
        "normal_location_required_team_members": null,
        "standard_interaction_radius_m": 15
      }
    },
    {
      "type": "Feature",
      "id": "quest:H-D1-02",
      "geometry": {
        "type": "Point",
        "coordinates": [
          12.4837108,
          41.9026109
        ]
      },
      "properties": {
        "feature_type": "quest_definition",
        "quest_id": "H-D1-02",
        "quest_type": "HIDDEN",
        "day": "DAY_1",
        "title": "Ratte des Aquädukts",
        "quest_giver_id": "npc_rattus_virgo",
        "quest_giver_name": "Rattus Virgo",
        "story_conflict": "Die verdeckten Arkaden verraten das Versteck der Kanalratte. Eine richtige Zählung schwächt ihre Ausweichfähigkeit.",
        "dramatic_arc": "Sonderablauf gemäß Questablauf",
        "ordered_candidate_ids": [
          "place_day_1_acquedotto_vergine"
        ],
        "geometry_semantics": "SINGLE_ANCHOR",
        "duration_min": 5,
        "duration_max": 10,
        "slot_progress": "NO_ACTIVE_SLOT",
        "prerequisites": "hiddenTriggerDiscovered",
        "completion_rule": "Hidden-Ablauf abgeschlossen",
        "fallback_rule": "Arkaden sind teilweise verdeckt. | Nur aktivieren, wenn aktueller Sichtbeleg genügt.",
        "reward_encounter_profile": "ENCOUNTER_PROFILE",
        "class_spotlight": null,
        "timer_refs": [],
        "has_timer_stage": false,
        "content_status": "APPROVED",
        "geofence_status": "GeoJSON v0.8 spiegelt Quest-, Orts-, Encounter-, Timer- und Navigationsreferenzen; sichere Event-/Upload-Geofences bleiben zu prüfen.",
        "publishable": true,
        "normal_location_required_team_members": null,
        "standard_interaction_radius_m": 15
      }
    },
    {
      "type": "Feature",
      "id": "quest:H-D1-03",
      "geometry": {
        "type": "Point",
        "coordinates": [
          12.4635989,
          41.8847241
        ]
      },
      "properties": {
        "feature_type": "quest_definition",
        "quest_id": "H-D1-03",
        "quest_type": "HIDDEN",
        "day": "DAY_1",
        "title": "Die Satirelli",
        "quest_giver_id": "npc_satirelli_gemelli",
        "quest_giver_name": "I Satirelli Gemelli",
        "story_conflict": "Zwei Satyrn streiten, wer auf der Felsinszenierung wohin gehört. Das Team ordnet ihre Merkmale und entscheidet, ob es zum kurzen Kampf kommt.",
        "dramatic_arc": "Sonderablauf gemäß Questablauf",
        "ordered_candidate_ids": [
          "place_day_1_fontana_dei_satirelli"
        ],
        "geometry_semantics": "SINGLE_ANCHOR",
        "duration_min": 5,
        "duration_max": 10,
        "slot_progress": "NO_ACTIVE_SLOT",
        "prerequisites": "hiddenTriggerDiscovered",
        "completion_rule": "Hidden-Ablauf abgeschlossen",
        "fallback_rule": "Parköffnungszeiten. | Nur tagsüber aktivieren; sonst automatisch deaktiviert.",
        "reward_encounter_profile": "ENCOUNTER_PROFILE",
        "class_spotlight": null,
        "timer_refs": [],
        "has_timer_stage": false,
        "content_status": "APPROVED",
        "geofence_status": "GeoJSON v0.8 spiegelt Quest-, Orts-, Encounter-, Timer- und Navigationsreferenzen; sichere Event-/Upload-Geofences bleiben zu prüfen.",
        "publishable": true,
        "normal_location_required_team_members": null,
        "standard_interaction_radius_m": 15
      }
    },
    {
      "type": "Feature",
      "id": "quest:H-D2-01",
      "geometry": {
        "type": "Point",
        "coordinates": [
          12.5043081,
          41.8946228
        ]
      },
      "properties": {
        "feature_type": "quest_definition",
        "quest_id": "H-D2-01",
        "quest_type": "HIDDEN",
        "day": "DAY_2",
        "title": "Wächter der Porta Magica",
        "quest_giver_id": "npc_porta_alchemica",
        "quest_giver_name": "Alchemilla der Porta Magica",
        "story_conflict": "Zwei Steinwächter bewachen eine alchemistische Zuordnung. Die Quest bleibt kurz und nutzt nur eindeutig sichtbare Großformen.",
        "dramatic_arc": "Sonderablauf gemäß Questablauf",
        "ordered_candidate_ids": [
          "place_day_2_piazza_vittorio_emanuele_secondo"
        ],
        "geometry_semantics": "SINGLE_ANCHOR",
        "duration_min": 5,
        "duration_max": 10,
        "slot_progress": "NO_ACTIVE_SLOT",
        "prerequisites": "hiddenTriggerDiscovered",
        "completion_rule": "Hidden-Ablauf abgeschlossen",
        "fallback_rule": "Parkzugang und Sicht der Wächterfiguren. | Starker Geheimtipp, wenn aktueller Sichtbeleg vorliegt.",
        "reward_encounter_profile": "ENCOUNTER_PROFILE",
        "class_spotlight": null,
        "timer_refs": [],
        "has_timer_stage": false,
        "content_status": "APPROVED",
        "geofence_status": "GeoJSON v0.8 spiegelt Quest-, Orts-, Encounter-, Timer- und Navigationsreferenzen; sichere Event-/Upload-Geofences bleiben zu prüfen.",
        "publishable": true,
        "normal_location_required_team_members": null,
        "standard_interaction_radius_m": 15
      }
    },
    {
      "type": "Feature",
      "id": "quest:H-D2-02",
      "geometry": {
        "type": "Point",
        "coordinates": [
          12.5039912,
          41.8919766
        ]
      },
      "properties": {
        "feature_type": "quest_definition",
        "quest_id": "H-D2-02",
        "quest_type": "HIDDEN",
        "day": "DAY_2",
        "title": "Dantes Windrose",
        "quest_giver_id": "npc_dante_rosa",
        "quest_giver_name": "Dantes Wind",
        "story_conflict": "Die Windrose gibt eine kurze Richtungs- und Texteingabe. Falsche Antworten wecken optional den Custode dell’Inferno.",
        "dramatic_arc": "Sonderablauf gemäß Questablauf",
        "ordered_candidate_ids": [
          "place_day_2_piazza_dante"
        ],
        "geometry_semantics": "SINGLE_ANCHOR",
        "duration_min": 5,
        "duration_max": 10,
        "slot_progress": "NO_ACTIVE_SLOT",
        "prerequisites": "hiddenTriggerDiscovered",
        "completion_rule": "Hidden-Ablauf abgeschlossen",
        "fallback_rule": "Parköffnungszeiten. | Als Hidden Quest gut; nicht als Pflichtstation.",
        "reward_encounter_profile": "ENCOUNTER_PROFILE",
        "class_spotlight": null,
        "timer_refs": [],
        "has_timer_stage": false,
        "content_status": "APPROVED",
        "geofence_status": "GeoJSON v0.8 spiegelt Quest-, Orts-, Encounter-, Timer- und Navigationsreferenzen; sichere Event-/Upload-Geofences bleiben zu prüfen.",
        "publishable": true,
        "normal_location_required_team_members": null,
        "standard_interaction_radius_m": 15
      }
    },
    {
      "type": "Feature",
      "id": "quest:B-D1-01",
      "geometry": {
        "type": "Point",
        "coordinates": [
          12.4613885,
          41.8914773
        ]
      },
      "properties": {
        "feature_type": "quest_definition",
        "quest_id": "B-D1-01",
        "quest_type": "WORLD_BOSS",
        "day": "DAY_1",
        "title": "Il Cannoniere del Gianicolo",
        "quest_giver_id": "npc_cannoniere_gianicolo",
        "quest_giver_name": "Il Cannoniere del Gianicolo",
        "story_conflict": "Globaler E-Boss auf dem Gianicolo. Alle Teams kämpfen in derselben Weltinstanz; Mechaniken prüfen Deckung, Teamkoordination und rechtzeitige Reaktion.",
        "dramatic_arc": "Sonderablauf gemäß Questablauf",
        "ordered_candidate_ids": [
          "place_day_1_terrazza_del_gianicolo"
        ],
        "geometry_semantics": "SINGLE_ANCHOR",
        "duration_min": 0,
        "duration_max": 0,
        "slot_progress": "EVENT_NO_SLOT",
        "prerequisites": "eventActive|bossJoinRadius",
        "completion_rule": "Beitragsschwelle und Eventabschluss",
        "fallback_rule": "Menschenmenge und sichere Aufstellfläche aktuell prüfen. | Starke thematische und räumliche Schlussposition für Tag 1.",
        "reward_encounter_profile": "ENCOUNTER_PROFILE",
        "class_spotlight": null,
        "timer_refs": [],
        "has_timer_stage": false,
        "content_status": "APPROVED",
        "geofence_status": "GeoJSON v0.8 spiegelt Quest-, Orts-, Encounter-, Timer- und Navigationsreferenzen; sichere Event-/Upload-Geofences bleiben zu prüfen.",
        "publishable": true,
        "normal_location_required_team_members": null,
        "standard_interaction_radius_m": 15
      }
    },
    {
      "type": "Feature",
      "id": "quest:B-D2-01",
      "geometry": {
        "type": "Point",
        "coordinates": [
          12.499145861948264,
          41.89712887126836
        ]
      },
      "properties": {
        "feature_type": "quest_definition",
        "quest_id": "B-D2-01",
        "quest_type": "WORLD_BOSS",
        "day": "DAY_2",
        "title": "Custode della Neve",
        "quest_giver_id": "npc_custode_neve",
        "quest_giver_name": "Custode della Neve",
        "story_conflict": "Globaler L-Boss vor Santa Maria Maggiore. Die Schneegeschichte ist ausdrücklich Legendenrahmung. Questboni aus dem Esquilino schwächen Erinnerungseis und eröffnen Teamfenster.",
        "dramatic_arc": "Sonderablauf gemäß Questablauf",
        "ordered_candidate_ids": [
          "place_day_2_basilica_di_santa_maria_maggiore"
        ],
        "geometry_semantics": "SINGLE_ANCHOR",
        "duration_min": 0,
        "duration_max": 0,
        "slot_progress": "EVENT_NO_SLOT",
        "prerequisites": "eventActive|bossJoinRadius",
        "completion_rule": "Beitragsschwelle und Eventabschluss",
        "fallback_rule": "Sehr hohe Besucherzahl; sichere Bossfläche muss remote aktuell geprüft werden. | Inhaltlich stark, operativ riskanter als Gianicolo.",
        "reward_encounter_profile": "ENCOUNTER_PROFILE",
        "class_spotlight": null,
        "timer_refs": [],
        "has_timer_stage": false,
        "content_status": "APPROVED",
        "geofence_status": "GeoJSON v0.8 spiegelt Quest-, Orts-, Encounter-, Timer- und Navigationsreferenzen; sichere Event-/Upload-Geofences bleiben zu prüfen.",
        "publishable": true,
        "normal_location_required_team_members": null,
        "standard_interaction_radius_m": 15
      }
    },
    {
      "type": "Feature",
      "id": "enemy:UE-D1-01",
      "geometry": {
        "type": "Point",
        "coordinates": [
          12.4664274,
          41.9018932
        ]
      },
      "properties": {
        "feature_type": "enemy_encounter",
        "encounter_id": "UE-D1-01",
        "candidate_id": "place_day_1_ponte_sant_angelo",
        "system_type": "WORLD_ENEMY",
        "day": "DAY_1",
        "cluster": "D1_VATICANO_PRATI_BORGO",
        "name": "Angelo della Passione",
        "enemy_type": "BELEBTE_ENGELSSTATUE",
        "description": "Eine lebendig gewordene Marmorstatue eines Brückenengels; sie trägt eines der sichtbaren Passionsinstrumente.",
        "rarity": "SR",
        "combat_role": "CONTROL_COUNTER",
        "combat_pattern": "Hebt ein Passionsinstrument sichtbar an und kontert in der Folgerunde die zuerst wiederholte Aktionsart.",
        "signature_ability": "Gewicht der Passion: markiert einen Spieler; Schutz oder Heilung durch ein anderes Mitglied löst die Marke sicher.",
        "counterplay": "Aktionsarten abwechseln; Bildhauer-Schwachstelle öffnet Marmorfugen.",
        "status_target_rules": [
          "MARKED",
          "COUNTER_READY"
        ],
        "visible_anchor": "Zehn große Engelsfiguren auf den Balustraden; Petrus und Paulus stehen getrennt an den Brückenköpfen.",
        "placement_conflict_rule": "Global persistenter World Enemy. Spawn am breiteren Brückenkopf; seine 20-m-Aggrozone darf den Medien-Pickup von M-D1-02 in der Brückenmitte nicht überdecken.",
        "research_status": "GRUEN_KONZEPTREIF",
        "content_status": "APPROVED",
        "source_url": "https://www.turismoroma.it/en/places/terrace-castel-santangelo",
        "map_url": "https://www.google.com/maps/search/?api=1&query=41.9018932,12.4664274",
        "image_reference": null,
        "image_generation_prompt": "Mobile-RPG-Gegnerkonzept, vollständige Figur, gut lesbare Kampfsilhouette, Rom-Fantasy, Lebendig gewordener Brückenengel aus hellem Marmor, große gefiederte Flügel, verwittertes Passionsinstrument, goldene Risse, entschlossener trauriger Blick, Tibernebel, Ganzkörper. Dramatisches aber nicht fotorealistisches Licht, neutraler transparenzgeeigneter Hintergrund, keine Schrift, kein Logo, keine Gore.",
        "publishable": true,
        "aggro_radius_m": 20,
        "respawn_scope": "GLOBAL_PERSISTENT_BY_ENCOUNTER",
        "hp": 240,
        "atk": 24,
        "def": 17,
        "initiative": 12,
        "statusChance": 0.25,
        "combat_profile_id": "CP-UE-D1-01",
        "behavior": {
          "type": "CONTROL_COUNTER",
          "powerAttackEvery": 3,
          "powerAttackMultiplier": 1.35,
          "targetStrategy": "THREAT"
        },
        "abilities": [
          "Gewicht der Passion: markiert einen Spieler; Schutz oder Heilung durch ein anderes Mitglied löst die Marke sicher.",
          "Ortsreaktion: Zehn große Engelsfiguren auf den Balustraden; Petrus und Paulus stehen getrennt an den Brückenköpfen."
        ],
        "reward": {
          "fame": 50,
          "denarii": 30,
          "lootRarity": "SR",
          "rewardId": "UNIQUE_WORLD_ENEMY_REWARD_SR"
        },
        "unique": true
      }
    },
    {
      "type": "Feature",
      "id": "enemy:UE-D1-02",
      "geometry": {
        "type": "Point",
        "coordinates": [
          12.4763431,
          41.9107077
        ]
      },
      "properties": {
        "feature_type": "enemy_encounter",
        "encounter_id": "UE-D1-02",
        "candidate_id": "place_day_1_obelisco_flaminio",
        "system_type": "WORLD_ENEMY",
        "day": "DAY_1",
        "cluster": "D1_POPOLO_PINCIO_SPAGNA",
        "name": "Leone del Flaminio",
        "enemy_type": "BELEBTE_TIERSTATUE",
        "description": "Eine der vier monumentalen Löwenstatuen am Sockel des Obelisken erwacht als steinernes Raubtier.",
        "rarity": "R",
        "combat_role": "FAST_BRUISER",
        "combat_pattern": "Umkreist das Team und kündigt einen geraden Sprungangriff durch gesenkte Steinpranken an.",
        "signature_ability": "Löwensprung: trifft Frontlinie; verfehlt teilweise, wenn ein Verteidiger die Linie abfängt.",
        "counterplay": "Defensive Haltung vor Telegraph; Wasser-/Kontrolleffekt verlangsamt.",
        "status_target_rules": [
          "POUNCING",
          "SLOWED"
        ],
        "visible_anchor": "Vier monumentale Löwenbrunnen unmittelbar um den Obelisksockel.",
        "placement_conflict_rule": "Spawn seitlich auf der Piazza; die 20-m-Aggrozone darf den Pflicht-Blickpunkt von D1-Q03 am Obelisk nicht vollständig blockieren.",
        "research_status": "GRUEN_KONZEPTREIF",
        "content_status": "APPROVED",
        "source_url": "https://en.wikipedia.org/wiki/Flaminio_Obelisk",
        "map_url": "https://www.google.com/maps/search/?api=1&query=41.9107077,12.4763431",
        "image_reference": null,
        "image_generation_prompt": "Mobile-RPG-Gegnerkonzept, vollständige Figur, gut lesbare Kampfsilhouette, Rom-Fantasy, Monumentaler ägyptisierender Löwe aus warmem Stein, Brunnenwasser tropft aus der Mähne, bronzene Augen, Hieroglyphensockel-Fragmente, kraftvolle niedrige Haltung. Dramatisches aber nicht fotorealistisches Licht, neutraler transparenzgeeigneter Hintergrund, keine Schrift, kein Logo, keine Gore.",
        "publishable": true,
        "aggro_radius_m": 20,
        "respawn_scope": "GLOBAL_PERSISTENT_BY_ENCOUNTER",
        "hp": 170,
        "atk": 20,
        "def": 12,
        "initiative": 14,
        "statusChance": 0.18,
        "combat_profile_id": "CP-UE-D1-02",
        "behavior": {
          "type": "FAST_BRUISER",
          "powerAttackEvery": 3,
          "powerAttackMultiplier": 1.35,
          "targetStrategy": "THREAT"
        },
        "abilities": [
          "Löwensprung: trifft Frontlinie; verfehlt teilweise, wenn ein Verteidiger die Linie abfängt.",
          "Ortsreaktion: Vier monumentale Löwenbrunnen unmittelbar um den Obelisksockel."
        ],
        "reward": {
          "fame": 35,
          "denarii": 20,
          "lootRarity": "R",
          "rewardId": "UNIQUE_WORLD_ENEMY_REWARD_R"
        },
        "unique": true
      }
    },
    {
      "type": "Feature",
      "id": "enemy:UE-D1-03",
      "geometry": {
        "type": "Point",
        "coordinates": [
          12.4771784,
          41.9109167
        ]
      },
      "properties": {
        "feature_type": "enemy_encounter",
        "encounter_id": "UE-D1-03",
        "candidate_id": "place_day_1_fontana_della_dea_di_roma",
        "system_type": "WORLD_ENEMY",
        "day": "DAY_1",
        "cluster": "D1_POPOLO_PINCIO_SPAGNA",
        "name": "Dea Roma del Pincio",
        "enemy_type": "BELEBTE_GÖTTERSTATUE",
        "description": "Die sitzende Personifikation Roms steigt als monumentale Marmorwächterin aus der Brunnenkomposition.",
        "rarity": "SSR",
        "combat_role": "AURA_COMMANDER",
        "combat_pattern": "Wechselt zwischen Roma-Aura, Wölfinruf und Zwillingsmarken; jede Haltung ist sichtbar telegraphiert.",
        "signature_ability": "Ruf der Stadt: verstärkt sich, wenn zwei markierte Spieler dieselbe Aktion wählen.",
        "counterplay": "Markierte Spieler wählen unterschiedliche Rollen; Ordensperson entfernt Furcht, Bildhauer bricht Auraanker.",
        "status_target_rules": [
          "AURA",
          "TWIN_MARK",
          "FEAR"
        ],
        "visible_anchor": "Zentrale sitzende Göttin; im unteren Bereich sind die Wölfin und die Zwillinge deutlich erkennbar.",
        "placement_conflict_rule": "Spawn seitlich der Brunnenachse; der Pflicht-Blickpunkt von D1-Q04 bleibt außerhalb der 20-m-Aggrozone. Die Questbegegnung Ombra di Antinoo bleibt getrennt.",
        "research_status": "GRUEN_PARKZUGANG",
        "content_status": "APPROVED",
        "source_url": "https://www.openstreetmap.org/relation/11496554",
        "map_url": "https://www.google.com/maps/search/?api=1&query=41.9109167,12.4771784",
        "image_reference": null,
        "image_generation_prompt": "Mobile-RPG-Gegnerkonzept, vollständige Figur, gut lesbare Kampfsilhouette, Rom-Fantasy, Monumentale sitzende Göttin Roma aus weißem Marmor, roter Mantel als magisches Licht, Helm, Speer gesenkt, Wölfin und zwei geisterhafte Zwillinge am Sockel, würdevoll. Dramatisches aber nicht fotorealistisches Licht, neutraler transparenzgeeigneter Hintergrund, keine Schrift, kein Logo, keine Gore.",
        "publishable": true,
        "aggro_radius_m": 20,
        "respawn_scope": "GLOBAL_PERSISTENT_BY_ENCOUNTER",
        "hp": 360,
        "atk": 29,
        "def": 21,
        "initiative": 10,
        "statusChance": 0.3,
        "combat_profile_id": "CP-UE-D1-03",
        "behavior": {
          "type": "AURA_COMMANDER",
          "powerAttackEvery": 3,
          "powerAttackMultiplier": 1.45,
          "targetStrategy": "THREAT"
        },
        "abilities": [
          "Ruf der Stadt: verstärkt sich, wenn zwei markierte Spieler dieselbe Aktion wählen.",
          "Ortsreaktion: Zentrale sitzende Göttin; im unteren Bereich sind die Wölfin und die Zwillinge deutlich erkennbar."
        ],
        "reward": {
          "fame": 75,
          "denarii": 45,
          "lootRarity": "SSR",
          "rewardId": "UNIQUE_WORLD_ENEMY_REWARD_SSR"
        },
        "unique": true
      }
    },
    {
      "type": "Feature",
      "id": "enemy:UE-D1-04",
      "geometry": {
        "type": "Point",
        "coordinates": [
          12.4799871,
          41.9008477
        ]
      },
      "properties": {
        "feature_type": "enemy_encounter",
        "encounter_id": "UE-D1-04",
        "candidate_id": "place_day_1_colonna_di_marco_aurelio",
        "system_type": "WORLD_ENEMY",
        "day": "DAY_1",
        "cluster": "D1_NAVONA_PANTHEON",
        "name": "Legionario della Colonna",
        "enemy_type": "RELIEF_WIEDERGÄNGER",
        "description": "Ein römischer Legionär löst sich aus dem spiralförmigen Reliefband und wird zum steinernen Wiedergänger.",
        "rarity": "SR",
        "combat_role": "FORMATION_SOLDIER",
        "combat_pattern": "Baut eine Schildlinie auf und wechselt nach jeder dritten Teamaktion zur Speerformation.",
        "signature_ability": "Reliefmarsch: ruft flache Soldatenschatten, die eine Aktionskategorie blockieren.",
        "counterplay": "Flanke/Schwachstelle statt Frontalangriff; unterschiedliche Ziele lösen Schatten auf.",
        "status_target_rules": [
          "SHIELD_WALL",
          "ACTION_BLOCK"
        ],
        "visible_anchor": "Breites spiralförmiges Reliefband mit zahlreichen Soldaten- und Schlachtszenen.",
        "placement_conflict_rule": "Spawn am Rand der Piazza Colonna; die 20-m-Aggrozone muss einen freien Pflicht-Blickpunkt für D1-Q08 lassen. Kleine Reliefdetails sind keine Triggerbedingung.",
        "research_status": "GRUEN_KONZEPTREIF",
        "content_status": "APPROVED",
        "source_url": "https://it.wikipedia.org/wiki/Colonna_di_Marco_Aurelio",
        "map_url": "https://www.google.com/maps/search/?api=1&query=41.9008477,12.4799871",
        "image_reference": null,
        "image_generation_prompt": "Mobile-RPG-Gegnerkonzept, vollständige Figur, gut lesbare Kampfsilhouette, Rom-Fantasy, Römischer Legionär aus grauem Reliefstein, Körper teilweise flach wie aus einer Säule geschnitten, Rechteckschild, Speer, spiralförmige Reliefbänder schweben hinter ihm. Dramatisches aber nicht fotorealistisches Licht, neutraler transparenzgeeigneter Hintergrund, keine Schrift, kein Logo, keine Gore.",
        "publishable": true,
        "aggro_radius_m": 20,
        "respawn_scope": "GLOBAL_PERSISTENT_BY_ENCOUNTER",
        "hp": 250,
        "atk": 23,
        "def": 19,
        "initiative": 9,
        "statusChance": 0.24,
        "combat_profile_id": "CP-UE-D1-04",
        "behavior": {
          "type": "FORMATION_SOLDIER",
          "powerAttackEvery": 3,
          "powerAttackMultiplier": 1.35,
          "targetStrategy": "THREAT"
        },
        "abilities": [
          "Reliefmarsch: ruft flache Soldatenschatten, die eine Aktionskategorie blockieren.",
          "Ortsreaktion: Breites spiralförmiges Reliefband mit zahlreichen Soldaten- und Schlachtszenen."
        ],
        "reward": {
          "fame": 50,
          "denarii": 30,
          "lootRarity": "SR",
          "rewardId": "UNIQUE_WORLD_ENEMY_REWARD_SR"
        },
        "unique": true
      }
    },
    {
      "type": "Feature",
      "id": "enemy:UE-D1-05",
      "geometry": {
        "type": "Point",
        "coordinates": [
          12.4786653,
          41.9006787
        ]
      },
      "properties": {
        "feature_type": "enemy_encounter",
        "encounter_id": "UE-D1-05",
        "candidate_id": "place_day_1_obelisco_di_montecitorio",
        "system_type": "WORLD_ENEMY",
        "day": "DAY_1",
        "cluster": "D1_NAVONA_PANTHEON",
        "name": "Ombra dell’Horologium",
        "enemy_type": "ZEIT_UND_SCHATTENGEIST",
        "description": "Ein Zeitgeist aus wanderndem Schatten, abgeleitet von der antiken Nutzung des Obelisken als Zeiger des Horologium Augusti.",
        "rarity": "SSR",
        "combat_role": "TIME_CONTROLLER",
        "combat_pattern": "Legt eine sichtbare Drei-Schritt-Zeitleiste an; verzögerte Aktionen werden verstärkt, hektische Wiederholungen bestraft.",
        "signature_ability": "Schattenstunde: setzt Initiative nach sichtbarem Countdown neu.",
        "counterplay": "Aktionen vor Countdown koordinieren; Licht-/Beobachtungseffekt fixiert den Schatten.",
        "status_target_rules": [
          "DELAYED",
          "INITIATIVE_SHIFT"
        ],
        "visible_anchor": "Monumentaler Obelisk mit Hieroglyphen; die historische Gnomon-Funktion liefert das Schattenmotiv.",
        "placement_conflict_rule": "Spawn seitlich auf der Piazza di Monte Citorio; Pflicht-Blickpunkt von D1-Q08 freihalten. Reale Schattenposition und Tageszeit sind keine Triggerbedingung.",
        "research_status": "GRUEN_KONZEPTREIF",
        "content_status": "APPROVED",
        "source_url": "https://it.wikipedia.org/wiki/Obelisco_di_Montecitorio",
        "map_url": "https://www.google.com/maps/search/?api=1&query=41.9006787,12.4786653",
        "image_reference": null,
        "image_generation_prompt": "Mobile-RPG-Gegnerkonzept, vollständige Figur, gut lesbare Kampfsilhouette, Rom-Fantasy, Humanoider Geist aus schwarzem Schatten und goldenen Sonnenlinien, Obelisken-Silhouette als Rücken, schwebende römische Stundenmarken, keine reale Schattenposition nötig. Dramatisches aber nicht fotorealistisches Licht, neutraler transparenzgeeigneter Hintergrund, keine Schrift, kein Logo, keine Gore.",
        "publishable": true,
        "aggro_radius_m": 20,
        "respawn_scope": "GLOBAL_PERSISTENT_BY_ENCOUNTER",
        "hp": 330,
        "atk": 27,
        "def": 18,
        "initiative": 15,
        "statusChance": 0.32,
        "combat_profile_id": "CP-UE-D1-05",
        "behavior": {
          "type": "TIME_CONTROLLER",
          "powerAttackEvery": 3,
          "powerAttackMultiplier": 1.45,
          "targetStrategy": "THREAT"
        },
        "abilities": [
          "Schattenstunde: setzt Initiative nach sichtbarem Countdown neu.",
          "Ortsreaktion: Monumentaler Obelisk mit Hieroglyphen; die historische Gnomon-Funktion liefert das Schattenmotiv."
        ],
        "reward": {
          "fame": 75,
          "denarii": 45,
          "lootRarity": "SSR",
          "rewardId": "UNIQUE_WORLD_ENEMY_REWARD_SSR"
        },
        "unique": true
      }
    },
    {
      "type": "Feature",
      "id": "enemy:UE-D1-06",
      "geometry": {
        "type": "Point",
        "coordinates": [
          12.4743329,
          41.8960034
        ]
      },
      "properties": {
        "feature_type": "enemy_encounter",
        "encounter_id": "UE-D1-06",
        "candidate_id": "place_day_1_basilica_di_sant_andrea_della_valle",
        "system_type": "WORLD_ENEMY",
        "day": "DAY_1",
        "cluster": "D1_CAMPO_REGOLA_GHETTO",
        "name": "Custode della Cupola",
        "enemy_type": "BELEBTER_FASSADENENGEL",
        "description": "Die einzelne große Engelsfigur der Fassade erwacht als steinerner Wächter der Kuppelbasilika.",
        "rarity": "R",
        "combat_role": "AERIAL_GUARD",
        "combat_pattern": "Schützt sich mit Steinflügeln und stößt nach einem Fassadenruf auf ein Ziel herab.",
        "signature_ability": "Kuppelwacht: erhält Schutz, solange kein Teammitglied eine Beobachtungs-/Schwachstellenaktion nutzt.",
        "counterplay": "Fassadenanker identifizieren; Fern- oder Kontrollaktion unterbricht Sturzflug.",
        "status_target_rules": [
          "WING_GUARD",
          "DIVE_READY"
        ],
        "visible_anchor": "Einzelne große Engelsfigur auf der linken Fassadenseite vom öffentlichen Außenpunkt aus.",
        "placement_conflict_rule": "Nur mit bestätigtem seitlichem Spawnpunkt einsetzen; die 20-m-Aggrozone darf den Außenhinweis von D1-Q13 und den Gehweg nicht vollständig blockieren.",
        "research_status": "GELB_FASSADENSICHT",
        "content_status": "APPROVED",
        "source_url": "https://it.wikipedia.org/wiki/Basilica_di_Sant%27Andrea_della_Valle",
        "map_url": "https://www.google.com/maps/search/?api=1&query=41.8960034,12.4743329",
        "image_reference": null,
        "image_generation_prompt": "Mobile-RPG-Gegnerkonzept, vollständige Figur, gut lesbare Kampfsilhouette, Rom-Fantasy, Einzelner barocker Fassadenengel aus hellem Stein, asymmetrische leicht beschädigte Flügel, Schriftrolle, Kuppelsilhouette im Hintergrund, wachsam statt religiös verehrt. Dramatisches aber nicht fotorealistisches Licht, neutraler transparenzgeeigneter Hintergrund, keine Schrift, kein Logo, keine Gore.",
        "publishable": true,
        "aggro_radius_m": 20,
        "respawn_scope": "GLOBAL_PERSISTENT_BY_ENCOUNTER",
        "hp": 160,
        "atk": 18,
        "def": 14,
        "initiative": 16,
        "statusChance": 0.18,
        "combat_profile_id": "CP-UE-D1-06",
        "behavior": {
          "type": "AERIAL_GUARD",
          "powerAttackEvery": 3,
          "powerAttackMultiplier": 1.35,
          "targetStrategy": "THREAT"
        },
        "abilities": [
          "Kuppelwacht: erhält Schutz, solange kein Teammitglied eine Beobachtungs-/Schwachstellenaktion nutzt.",
          "Ortsreaktion: Einzelne große Engelsfigur auf der linken Fassadenseite vom öffentlichen Außenpunkt aus."
        ],
        "reward": {
          "fame": 35,
          "denarii": 20,
          "lootRarity": "R",
          "rewardId": "UNIQUE_WORLD_ENEMY_REWARD_R"
        },
        "unique": true
      }
    },
    {
      "type": "Feature",
      "id": "enemy:UE-D1-07",
      "geometry": {
        "type": "Point",
        "coordinates": [
          12.4792342,
          41.8896365
        ]
      },
      "properties": {
        "feature_type": "enemy_encounter",
        "encounter_id": "UE-D1-07",
        "candidate_id": "place_day_1_isola_tiberina",
        "system_type": "WORLD_ENEMY",
        "day": "DAY_1",
        "cluster": "D1_CAMPO_REGOLA_GHETTO",
        "name": "Serpente di Esculapio",
        "enemy_type": "MYTHISCHER_SCHLANGENGEIST",
        "description": "Ein heiliger Schlangengeist des antiken Asklepios-Kults, der die schiffsförmige Insel als sein steinernes Lager nutzt.",
        "rarity": "SSR",
        "combat_role": "HEAL_DENIAL",
        "combat_pattern": "Schlängelt sich zwischen Heilzeichen und verwandelt übermäßige Heilung in einen Schild.",
        "signature_ability": "Asklepios-Windung: bindet den zuletzt geheilten Spieler und kopiert einen Teil der Heilung als Barriere.",
        "counterplay": "Heilung zeitlich verteilen; Einzelziel-Kontrolle löst Windung; Ordensperson reinigt Bindung.",
        "status_target_rules": [
          "BOUND",
          "ABSORB_HEAL"
        ],
        "visible_anchor": "Travertinreste eines Schiffsbugs und ein Asklepios-Relief am östlichen Inselende.",
        "placement_conflict_rule": "Spawn auf einer breiteren Inselfläche, nicht an einem Brückenhals. Die Aggrozone darf D1-Q14 nicht erzwingen; Insel- und Schiffsform dienen als visueller Fallback.",
        "research_status": "GELB_SICHTWINKEL",
        "content_status": "APPROVED",
        "source_url": "https://www.openstreetmap.org/node/4798313727",
        "map_url": "https://www.google.com/maps/search/?api=1&query=41.8896365,12.4792342",
        "image_reference": null,
        "image_generation_prompt": "Mobile-RPG-Gegnerkonzept, vollständige Figur, gut lesbare Kampfsilhouette, Rom-Fantasy, Großer heiliger Schlangengeist aus grünem Stein und blauem Licht, um einen verwitterten Asklepiosstab gewunden, Travertin-Schiffsbug-Fragmente, ruhig und bedrohlich. Dramatisches aber nicht fotorealistisches Licht, neutraler transparenzgeeigneter Hintergrund, keine Schrift, kein Logo, keine Gore.",
        "publishable": true,
        "aggro_radius_m": 20,
        "respawn_scope": "GLOBAL_PERSISTENT_BY_ENCOUNTER",
        "hp": 340,
        "atk": 26,
        "def": 20,
        "initiative": 11,
        "statusChance": 0.28,
        "combat_profile_id": "CP-UE-D1-07",
        "behavior": {
          "type": "HEAL_DENIAL",
          "powerAttackEvery": 3,
          "powerAttackMultiplier": 1.45,
          "targetStrategy": "THREAT"
        },
        "abilities": [
          "Asklepios-Windung: bindet den zuletzt geheilten Spieler und kopiert einen Teil der Heilung als Barriere.",
          "Ortsreaktion: Travertinreste eines Schiffsbugs und ein Asklepios-Relief am östlichen Inselende."
        ],
        "reward": {
          "fame": 75,
          "denarii": 45,
          "lootRarity": "SSR",
          "rewardId": "UNIQUE_WORLD_ENEMY_REWARD_SSR"
        },
        "unique": true
      }
    },
    {
      "type": "Feature",
      "id": "enemy:UE-D1-08",
      "geometry": {
        "type": "Point",
        "coordinates": [
          12.4707703,
          41.8923463
        ]
      },
      "properties": {
        "feature_type": "enemy_encounter",
        "encounter_id": "UE-D1-08",
        "candidate_id": "place_day_1_ponte_sisto",
        "system_type": "WORLD_ENEMY",
        "day": "DAY_1",
        "cluster": "D1_CAMPO_REGOLA_GHETTO",
        "name": "Occhio del Tevere",
        "enemy_type": "WASSER_UND_BRÜCKENGEIST",
        "description": "Ein kreisförmiger Tibergeist, der sich als flüssiges Auge in der großen Mittelöffnung der Brücke manifestiert.",
        "rarity": "R",
        "combat_role": "AREA_HAZARD",
        "combat_pattern": "Öffnet und schließt ein kreisförmiges Wasserauge; Angriff trifft nur die zuletzt markierte Reihe.",
        "signature_ability": "Tiberblick: beobachtet eine Aktion und spiegelt deren Statuseffekt abgeschwächt.",
        "counterplay": "Reihe wechseln; reine Schadensaktion kann ohne spiegelbaren Debuff gewählt werden.",
        "status_target_rules": [
          "WATCHED",
          "SOAKED"
        ],
        "visible_anchor": "Große kreisrunde Öffnung zwischen den beiden mittleren Brückenbögen.",
        "placement_conflict_rule": "Spawn am Uferblickpunkt statt auf dem Brückendeck; die 20-m-Aggrozone darf den Weg und Dialogschritt von D1-Q12 nicht vollständig sperren.",
        "research_status": "GRUEN_MIT_BLICKPUNKT",
        "content_status": "APPROVED",
        "source_url": "https://www.turismoroma.it/it/luoghi/ponte-sisto",
        "map_url": "https://www.google.com/maps/search/?api=1&query=41.8923463,12.4707703",
        "image_reference": null,
        "image_generation_prompt": "Mobile-RPG-Gegnerkonzept, vollständige Figur, gut lesbare Kampfsilhouette, Rom-Fantasy, Schwebendes kreisförmiges Auge aus Tiberwasser, steinerner Ring wie die Mittelöffnung der Brücke, Strömungsiris, kleine Brückenbogen-Fragmente, surreal aber klar lesbar. Dramatisches aber nicht fotorealistisches Licht, neutraler transparenzgeeigneter Hintergrund, keine Schrift, kein Logo, keine Gore.",
        "publishable": true,
        "aggro_radius_m": 20,
        "respawn_scope": "GLOBAL_PERSISTENT_BY_ENCOUNTER",
        "hp": 180,
        "atk": 19,
        "def": 13,
        "initiative": 13,
        "statusChance": 0.2,
        "combat_profile_id": "CP-UE-D1-08",
        "behavior": {
          "type": "AREA_HAZARD",
          "powerAttackEvery": 3,
          "powerAttackMultiplier": 1.35,
          "targetStrategy": "THREAT"
        },
        "abilities": [
          "Tiberblick: beobachtet eine Aktion und spiegelt deren Statuseffekt abgeschwächt.",
          "Ortsreaktion: Große kreisrunde Öffnung zwischen den beiden mittleren Brückenbögen."
        ],
        "reward": {
          "fame": 35,
          "denarii": 20,
          "lootRarity": "R",
          "rewardId": "UNIQUE_WORLD_ENEMY_REWARD_R"
        },
        "unique": true
      }
    },
    {
      "type": "Feature",
      "id": "enemy:UE-D2-01",
      "geometry": {
        "type": "Point",
        "coordinates": [
          12.4831835,
          41.8947045
        ]
      },
      "properties": {
        "feature_type": "enemy_encounter",
        "encounter_id": "UE-D2-01",
        "candidate_id": "place_day_2_altare_della_patria",
        "system_type": "WORLD_ENEMY",
        "day": "DAY_2",
        "cluster": "D2_CAMPIDOGLIO_FORI_TRAIANEI",
        "name": "Quadriga dell’Unità",
        "enemy_type": "BELEBTE_BRONZEQUADRIGA",
        "description": "Eine der monumentalen bronzenen Quadrigen löst sich vom Dach und erscheint als übergroßer Wagengeist.",
        "rarity": "E",
        "combat_role": "MULTI_PHASE_CHARGER",
        "combat_pattern": "Erscheint als Wagengeist mit zwei Pferdepaaren; wechselt zwischen Parade, Sturm und Siegeskreis.",
        "signature_ability": "Quadriga-Sturm: zwei nacheinander telegraphierte Linienangriffe.",
        "counterplay": "Zwischen Linien wechseln; Kontrolle eines Pferdepaars reduziert zweiten Angriff; Condottiere liest Route.",
        "status_target_rules": [
          "CHARGE_LINE",
          "TRIUMPH_AURA"
        ],
        "visible_anchor": "Zwei monumentale Quadrigen an den oberen Enden des Vittoriano.",
        "placement_conflict_rule": "Spawn auf einer sicheren Außenfläche seitlich der Hauptachse; keine Treppe, Terrasse oder Innenfläche voraussetzen. Pflicht-Blickpunkt von D2-Q02 freihalten.",
        "research_status": "GRUEN_MENSCHENMENGE",
        "content_status": "APPROVED",
        "source_url": "https://vive.cultura.gov.it/",
        "map_url": "https://www.google.com/maps/search/?api=1&query=41.8947045,12.4831835",
        "image_reference": null,
        "image_generation_prompt": "Mobile-RPG-Gegnerkonzept, vollständige Figur, gut lesbare Kampfsilhouette, Rom-Fantasy, Übergroße bronzene Quadriga mit vier geisterhaften Pferden, geflügelte Wagenlenkerin als abstrakte Siegesfigur, grüne Patina, weißer Monumentstein und goldener Sturm. Dramatisches aber nicht fotorealistisches Licht, neutraler transparenzgeeigneter Hintergrund, keine Schrift, kein Logo, keine Gore.",
        "publishable": true,
        "aggro_radius_m": 20,
        "respawn_scope": "GLOBAL_PERSISTENT_BY_ENCOUNTER",
        "hp": 520,
        "atk": 36,
        "def": 26,
        "initiative": 13,
        "statusChance": 0.35,
        "combat_profile_id": "CP-UE-D2-01",
        "behavior": {
          "type": "MULTI_PHASE_CHARGER",
          "powerAttackEvery": 3,
          "powerAttackMultiplier": 1.45,
          "targetStrategy": "THREAT"
        },
        "abilities": [
          "Quadriga-Sturm: zwei nacheinander telegraphierte Linienangriffe.",
          "Ortsreaktion: Zwei monumentale Quadrigen an den oberen Enden des Vittoriano."
        ],
        "reward": {
          "fame": 100,
          "denarii": 60,
          "lootRarity": "E",
          "rewardId": "UNIQUE_WORLD_ENEMY_REWARD_E"
        },
        "unique": true
      }
    },
    {
      "type": "Feature",
      "id": "enemy:UE-D2-02",
      "geometry": {
        "type": "Point",
        "coordinates": [
          12.4812253,
          41.8885236
        ]
      },
      "properties": {
        "feature_type": "enemy_encounter",
        "encounter_id": "UE-D2-02",
        "candidate_id": "place_day_2_fontana_dei_tritoni",
        "system_type": "WORLD_ENEMY",
        "day": "DAY_2",
        "cluster": "D2_AVENTINO_FORUM_BOARIUM",
        "name": "Coppia dei Tritoni",
        "enemy_type": "BELEBTES_BRUNNENDUO",
        "description": "Die beiden steinernen Tritonen erwachen gemeinsam als ein koordiniertes Gegnerduo.",
        "rarity": "SSR",
        "combat_role": "COORDINATED_DUO",
        "combat_pattern": "Zwei Tritonen handeln abwechselnd: einer schützt die Muschel, der andere bläst einen Wasserstoß.",
        "signature_ability": "Muschelhorn-Duett: starker Teamangriff, wenn beide in derselben Runde ungestört bleiben.",
        "counterplay": "Aktionen auf beide Rollen verteilen; Unterbrechen eines Tritons bricht das Duett.",
        "status_target_rules": [
          "LINKED_DUO",
          "SONIC_WAVE"
        ],
        "visible_anchor": "Zwei große Tritonen tragen gemeinsam die obere Muschelschale.",
        "placement_conflict_rule": "Spawn seitlich des Brunnens; die 20-m-Aggrozone darf D2-Q05 nicht zwangsauslösen. Der Platz bleibt Beobachtungs- und kein realer Bewegungsraum.",
        "research_status": "GRUEN_KONZEPTREIF",
        "content_status": "APPROVED",
        "source_url": "https://it.wikipedia.org/wiki/Fontana_dei_Tritoni",
        "map_url": "https://www.google.com/maps/search/?api=1&query=41.8885236,12.4812253",
        "image_reference": null,
        "image_generation_prompt": "Mobile-RPG-Gegnerkonzept, vollständige Figur, gut lesbare Kampfsilhouette, Rom-Fantasy, Zwei muskulöse steinerne Tritonen tragen gemeinsam eine große Muschelschale, Meeresschwänze, Wasserbänder, grüne Patina, dynamische spiegelbildliche Posen. Dramatisches aber nicht fotorealistisches Licht, neutraler transparenzgeeigneter Hintergrund, keine Schrift, kein Logo, keine Gore.",
        "publishable": true,
        "aggro_radius_m": 20,
        "respawn_scope": "GLOBAL_PERSISTENT_BY_ENCOUNTER",
        "hp": 380,
        "atk": 30,
        "def": 22,
        "initiative": 12,
        "statusChance": 0.3,
        "combat_profile_id": "CP-UE-D2-02",
        "behavior": {
          "type": "COORDINATED_DUO",
          "powerAttackEvery": 3,
          "powerAttackMultiplier": 1.45,
          "targetStrategy": "THREAT"
        },
        "abilities": [
          "Muschelhorn-Duett: starker Teamangriff, wenn beide in derselben Runde ungestört bleiben.",
          "Ortsreaktion: Zwei große Tritonen tragen gemeinsam die obere Muschelschale."
        ],
        "reward": {
          "fame": 75,
          "denarii": 45,
          "lootRarity": "SSR",
          "rewardId": "UNIQUE_WORLD_ENEMY_REWARD_SSR"
        },
        "unique": true
      }
    },
    {
      "type": "Feature",
      "id": "enemy:UE-D2-03",
      "geometry": {
        "type": "Point",
        "coordinates": [
          12.4958638,
          41.8847586
        ]
      },
      "properties": {
        "feature_type": "enemy_encounter",
        "encounter_id": "UE-D2-03",
        "candidate_id": "place_day_2_fontana_della_navicella",
        "system_type": "WORLD_ENEMY",
        "day": "DAY_2",
        "cluster": "D2_FORUM_COLOSSEO",
        "name": "Nocchiero della Navicella",
        "enemy_type": "BELEBTE_SCHIFFSSKULPTUR",
        "description": "Das steinerne Schiff erwacht mit einem geisterhaften Steuermann zu einem einzigen animierten Gegnerkonstrukt.",
        "rarity": "SR",
        "combat_role": "SUMMONER_VEHICLE",
        "combat_pattern": "Der geisterhafte Steuermann lenkt die steinerne Navicella und ruft kleine Wellenkonstrukte.",
        "signature_ability": "Steinerner Kurswechsel: verschiebt Zielpriorität und schützt die Seite, die dem Bug zugewandt ist.",
        "counterplay": "Bug/Heck richtig identifizieren und die ungeschützte Seite angreifen.",
        "status_target_rules": [
          "PORT_GUARD",
          "WAVE_MINION"
        ],
        "visible_anchor": "Großes steinernes Schiff als zentrales Brunnenobjekt.",
        "placement_conflict_rule": "Spawn am Rand des öffentlichen Außenpunkts; der Pflicht-Blick auf die Navicella für D2-Q06 muss außerhalb der 20-m-Aggrozone erreichbar bleiben.",
        "research_status": "GRUEN_KONZEPTREIF",
        "content_status": "APPROVED",
        "source_url": "https://it.wikipedia.org/wiki/Fontana_della_Navicella",
        "map_url": "https://www.google.com/maps/search/?api=1&query=41.8847586,12.4958638",
        "image_reference": null,
        "image_generation_prompt": "Mobile-RPG-Gegnerkonzept, vollständige Figur, gut lesbare Kampfsilhouette, Rom-Fantasy, Steinernes römisches Schiff als lebender Gegner, geisterhafter Steuermann am Heck, moosige Bordwand, blaues Licht in den Fugen, kleine Wellenwesen, Ganzkörper. Dramatisches aber nicht fotorealistisches Licht, neutraler transparenzgeeigneter Hintergrund, keine Schrift, kein Logo, keine Gore.",
        "publishable": true,
        "aggro_radius_m": 20,
        "respawn_scope": "GLOBAL_PERSISTENT_BY_ENCOUNTER",
        "hp": 260,
        "atk": 25,
        "def": 16,
        "initiative": 14,
        "statusChance": 0.24,
        "combat_profile_id": "CP-UE-D2-03",
        "behavior": {
          "type": "SUMMONER_VEHICLE",
          "powerAttackEvery": 3,
          "powerAttackMultiplier": 1.35,
          "targetStrategy": "THREAT"
        },
        "abilities": [
          "Steinerner Kurswechsel: verschiebt Zielpriorität und schützt die Seite, die dem Bug zugewandt ist.",
          "Ortsreaktion: Großes steinernes Schiff als zentrales Brunnenobjekt."
        ],
        "reward": {
          "fame": 50,
          "denarii": 30,
          "lootRarity": "SR",
          "rewardId": "UNIQUE_WORLD_ENEMY_REWARD_SR"
        },
        "unique": true
      }
    },
    {
      "type": "Feature",
      "id": "enemy:UE-D2-04",
      "geometry": {
        "type": "Point",
        "coordinates": [
          12.482623,
          41.892745
        ]
      },
      "properties": {
        "feature_type": "enemy_encounter",
        "encounter_id": "UE-D2-04",
        "candidate_id": "place_day_2_giulio_cesare",
        "system_type": "WORLD_ENEMY",
        "day": "DAY_2",
        "cluster": "D2_CAMPIDOGLIO_FORI_TRAIANEI",
        "name": "Cesare di Bronzo",
        "enemy_type": "BELEBTE_BRONZESTATUE",
        "description": "Die bronzene Caesar-Figur erwacht als ehrgeiziger Feldherr-Wiedergänger.",
        "rarity": "SSR",
        "combat_role": "COMMAND_DUELIST",
        "combat_pattern": "Wechselt zwischen Befehl, Verteidigung und persönlichem Duell; jede Haltung wird durch Handzeichen angekündigt.",
        "signature_ability": "Veni-Vidi-Marke: markiert den Spieler mit höchstem Angriff und fordert dessen nächste Aktion heraus.",
        "counterplay": "Schutz durch anderes Teammitglied bricht das Duell; Statusreinigung entfernt Befehlsmarke.",
        "status_target_rules": [
          "CHALLENGED",
          "COMMAND_AURA"
        ],
        "visible_anchor": "Monumentale Caesar-Statue am Kapitol; die Figur selbst ist der Referenzkörper.",
        "placement_conflict_rule": "Seitlichen Spawnpunkt mit freiem Blick auf die Statue festlegen. Wegen gelber Quellenlage erst nach aktuellem Bildbeleg veröffentlichen; kein kritischer Progressionsgegner.",
        "research_status": "GELB_QUELLENLAGE",
        "content_status": "APPROVED",
        "source_url": "https://www.openstreetmap.org/node/7239169954",
        "map_url": "https://www.google.com/maps/search/?api=1&query=41.892745,12.482623",
        "image_reference": null,
        "image_generation_prompt": "Mobile-RPG-Gegnerkonzept, vollständige Figur, gut lesbare Kampfsilhouette, Rom-Fantasy, Lebendig gewordene bronzene Caesar-Statue, Lorbeerkranz, römischer Brustpanzer und Mantel, grüne Patina, entschlossener aber nicht fotorealistischer Ausdruck, kapitolinisches Steinlicht. Dramatisches aber nicht fotorealistisches Licht, neutraler transparenzgeeigneter Hintergrund, keine Schrift, kein Logo, keine Gore.",
        "publishable": true,
        "aggro_radius_m": 20,
        "respawn_scope": "GLOBAL_PERSISTENT_BY_ENCOUNTER",
        "hp": 400,
        "atk": 31,
        "def": 23,
        "initiative": 13,
        "statusChance": 0.32,
        "combat_profile_id": "CP-UE-D2-04",
        "behavior": {
          "type": "COMMAND_DUELIST",
          "powerAttackEvery": 3,
          "powerAttackMultiplier": 1.45,
          "targetStrategy": "THREAT"
        },
        "abilities": [
          "Veni-Vidi-Marke: markiert den Spieler mit höchstem Angriff und fordert dessen nächste Aktion heraus.",
          "Ortsreaktion: Monumentale Caesar-Statue am Kapitol; die Figur selbst ist der Referenzkörper."
        ],
        "reward": {
          "fame": 75,
          "denarii": 45,
          "lootRarity": "SSR",
          "rewardId": "UNIQUE_WORLD_ENEMY_REWARD_SSR"
        },
        "unique": true
      }
    },
    {
      "type": "Feature",
      "id": "timer:TMR-D1-Q01-S12",
      "geometry": {
        "type": "Point",
        "coordinates": [
          12.46686,
          41.90262
        ]
      },
      "properties": {
        "feature_type": "quest_timer",
        "timer_id": "TMR-D1-Q01-S12",
        "quest_id": "D1-Q01",
        "step_id": "D1-Q01-S12",
        "candidate_id": "place_day_1_castel_sant_angelo",
        "title": "Nachhutbeschluss",
        "timer_scope": "OBJECTIVE_WINDOW",
        "duration_sec": 60,
        "starts_when": "Server bestätigt START_TIMER nach vollständig gelöstem FIDES-Rätsel am sicheren Zielort.",
        "warnings_remaining_sec": [
          30,
          10
        ],
        "on_expire": "AUTO_SELECT=NACHHUT_HALTEN; timerBonus=false; Quest bleibt aktiv.",
        "retry_policy": "NO_RETRY; Entscheidung wird deterministisch abgeschlossen.",
        "pause_gm_policy": "NONE; GM_EXTEND_AUDITED bei Technikfehler.",
        "ui_component": "COUNTDOWN_DIALOGUE_VOTE",
        "server_fields": [
          "startedAt",
          "deadlineAt",
          "timerState",
          "expiredAt",
          "resolvedBy"
        ],
        "safety_rule": "Stationäre Entscheidung; kein Bewegungsziel und kein Laufanreiz.",
        "dialog_refs": [
          "D1-Q01-MID",
          "D1-Q01-COMPLETE"
        ],
        "content_status": "APPROVED",
        "publishable": true
      }
    },
    {
      "type": "Feature",
      "id": "timer:TMR-D1-Q06-S05",
      "geometry": {
        "type": "Point",
        "coordinates": [
          12.4730991,
          41.8989256
        ]
      },
      "properties": {
        "feature_type": "quest_timer",
        "timer_id": "TMR-D1-Q06-S05",
        "quest_id": "D1-Q06",
        "step_id": "D1-Q06-S05",
        "candidate_id": "place_day_1_piazza_navona",
        "title": "Drei Brunnen im Takt",
        "timer_scope": "OBJECTIVE_WINDOW",
        "duration_sec": 20,
        "starts_when": "Server setzt startedAt erst, wenn drei Rollen in ihren Geofences BEREIT bestätigt haben.",
        "warnings_remaining_sec": [
          10,
          5
        ],
        "on_expire": "fallbackMode=SEQUENTIAL; syncBonus=false; Quest bleibt lösbar.",
        "retry_policy": "Kein Synchron-Retry nötig; sofort sicherer Sequenzmodus.",
        "pause_gm_policy": "NONE; READY vor Start widerrufbar.",
        "ui_component": "SYNC_COUNTDOWN",
        "server_fields": [
          "readyAtByRole",
          "startedAt",
          "deadlineAt",
          "confirmAtByRole",
          "timerState"
        ],
        "safety_rule": "Nicht rennen; Positionierung geschieht vor Start; große Attribute; Abbruch verfügbar.",
        "dialog_refs": [
          "D1-Q06-OFFER",
          "D1-Q06-MID"
        ],
        "content_status": "APPROVED",
        "publishable": true
      }
    },
    {
      "type": "Feature",
      "id": "timer:TMR-D1-Q12-S11",
      "geometry": {
        "type": "Point",
        "coordinates": [
          12.4768864,
          41.8953968
        ]
      },
      "properties": {
        "feature_type": "quest_timer",
        "timer_id": "TMR-D1-Q12-S11",
        "quest_id": "D1-Q12",
        "step_id": "D1-Q12-S11",
        "candidate_id": "place_day_1_largo_di_torre_argentina",
        "title": "Vier Stimmen, ein Schluss",
        "timer_scope": "OBJECTIVE_WINDOW",
        "duration_sec": 120,
        "starts_when": "Server bestätigt START_TIMER am Largo erst nach vier gespeicherten Ortsbeobachtungen.",
        "warnings_remaining_sec": [
          60,
          30,
          10
        ],
        "on_expire": "timerBonus=false; Zuordnung und Teamentscheidung bleiben ohne Zeitdruck offen.",
        "retry_policy": "NO_TIMER_RETRY; Pflichtlösung bleibt weiter verfügbar.",
        "pause_gm_policy": "NONE; GM_EXTEND_AUDITED bei Technikfehler.",
        "ui_component": "PUZZLE_AND_VOTE_COUNTDOWN",
        "server_fields": [
          "startedAt",
          "deadlineAt",
          "timerState",
          "bonusEligible"
        ],
        "safety_rule": "Stationäre Denkaufgabe; Timer verlangt keinen Ortswechsel.",
        "dialog_refs": [
          "D1-Q12-MID",
          "D1-Q12-COMPLETE"
        ],
        "content_status": "APPROVED",
        "publishable": true
      }
    },
    {
      "type": "Feature",
      "id": "timer:TMR-D2-Q04-S11",
      "geometry": {
        "type": "Point",
        "coordinates": [
          12.4827682,
          41.889353
        ]
      },
      "properties": {
        "feature_type": "quest_timer",
        "timer_id": "TMR-D2-Q04-S11",
        "quest_id": "D2-Q04",
        "step_id": "D2-Q04-S11",
        "candidate_id": "place_day_2_arco_di_giano",
        "title": "Janus-Wahrheitsprüfung",
        "timer_scope": "OBJECTIVE_WINDOW",
        "duration_sec": 90,
        "starts_when": "Server bestätigt START_TIMER am Arco di Giano nach allen vier gespeicherten Beobachtungen.",
        "warnings_remaining_sec": [
          45,
          15,
          5
        ],
        "on_expire": "knowledgeBonus=false; Fallback VERITAS|FORTUNA|AQUA öffnet; Quest bleibt aktiv.",
        "retry_policy": "NO_TIMER_RETRY; Fallback bleibt lösbar.",
        "pause_gm_policy": "NONE; GM_EXTEND_AUDITED bei Technikfehler.",
        "ui_component": "TEXT_CODE_COUNTDOWN",
        "server_fields": [
          "startedAt",
          "deadlineAt",
          "timerState",
          "fallbackUnlocked"
        ],
        "safety_rule": "Stationäre Texteingabe auf öffentlicher Fläche; kein Bewegungsziel.",
        "dialog_refs": [
          "D2-Q04-MID"
        ],
        "content_status": "APPROVED",
        "publishable": true
      }
    },
    {
      "type": "Feature",
      "id": "timer:TMR-D2-Q10-S05",
      "geometry": {
        "type": "Point",
        "coordinates": [
          12.51572,
          41.89118
        ]
      },
      "properties": {
        "feature_type": "quest_timer",
        "timer_id": "TMR-D2-Q10-S05",
        "quest_id": "D2-Q10",
        "step_id": "D2-Q10-S05",
        "candidate_id": "place_day_2_porta_maggiore_aqua_claudia",
        "title": "Hydra-Diagnose",
        "timer_scope": "OBJECTIVE_WINDOW",
        "duration_sec": 120,
        "starts_when": "Server bestätigt START_TIMER an der Porta Maggiore nach Team-BEREIT und gültigem Standort.",
        "warnings_remaining_sec": [
          60,
          30,
          10
        ],
        "on_expire": "enemyModifier=EXTRA_ACTIVE_HEAD; Quest und Kampf bleiben vollständig lösbar.",
        "retry_policy": "NO_TIMER_RETRY; Diagnose bleibt ohne Bonus offen.",
        "pause_gm_policy": "NONE; GM_EXTEND_AUDITED bei Technikfehler.",
        "ui_component": "PUZZLE_COUNTDOWN",
        "server_fields": [
          "startedAt",
          "deadlineAt",
          "timerState",
          "encounterModifier"
        ],
        "safety_rule": "Nur vom sicheren Gehweg; Timer fordert keine Straßenquerung und keinen Standortwechsel.",
        "dialog_refs": [
          "D2-Q10-OFFER",
          "D2-Q10-MID"
        ],
        "content_status": "APPROVED",
        "publishable": true
      }
    },
    {
      "type": "Feature",
      "id": "timer:TMR-M-D2-03-S05",
      "geometry": {
        "type": "Point",
        "coordinates": [
          12.4860984,
          41.8962514
        ]
      },
      "properties": {
        "feature_type": "quest_timer",
        "timer_id": "TMR-M-D2-03-S05",
        "quest_id": "M-D2-03",
        "step_id": "M-D2-03-S05",
        "candidate_id": "place_day_2_mercati_di_traiano",
        "title": "Souvenir in einer Minute",
        "timer_scope": "OBJECTIVE_WINDOW",
        "duration_sec": 60,
        "starts_when": "Lokaler Aufnahmestart fordert Server-Token an; serverTime liefert deadlineAt, Kamera startet nach Bestätigung.",
        "warnings_remaining_sec": [
          10
        ],
        "on_expire": "Aufnahme stoppt automatisch; gültig bei durationSec>=30, sonst Neuaufnahme.",
        "retry_policy": "RETRY_UNTIL_EVENT_DEADLINE; jeder Versuch erhält eigene attemptId.",
        "pause_gm_policy": "NONE; Abbruch verwirft nur aktuellen Versuch.",
        "ui_component": "MEDIA_CAPTURE_COUNTDOWN",
        "server_fields": [
          "attemptId",
          "startedAt",
          "deadlineAt",
          "durationSec",
          "timerState"
        ],
        "safety_rule": "Stationäre Medienaufnahme; Upload separat wiederholbar.",
        "dialog_refs": [
          "M-D2-03-OFFER",
          "M-D2-03-MID"
        ],
        "content_status": "APPROVED",
        "publishable": true
      }
    },
    {
      "type": "Feature",
      "id": "navigation:NAV-D1-Q03",
      "geometry": {
        "type": "MultiPoint",
        "coordinates": [
          [
            12.4763454,
            41.9107491
          ],
          [
            12.4759941,
            41.9115252
          ]
        ]
      },
      "properties": {
        "feature_type": "navigation_challenge",
        "navigation_id": "NAV-D1-Q03",
        "quest_id": "D1-Q03",
        "segment": "Drei Wege, ein Tor",
        "mode": "TEAM_SPLIT_AND_REGROUP",
        "participants_roles": "3 Pflichtrollen; 4. Person optional als Koordinator",
        "start_candidate_id": "place_day_1_piazza_del_popolo",
        "end_candidate_id": "place_day_1_porta_del_popolo",
        "checkpoint_candidate_ids": [
          "place_day_1_piazza_del_popolo",
          "place_day_1_porta_del_popolo"
        ],
        "map_visibility": "Nach Rollenwahl keine Zielmarke; Ziel erscheint erst innerhalb 35 m",
        "role_information": "RIPETTA: linke Dreizackstraße bestätigen | CORSO: mittlere Straße bestätigen | BABUINO: rechte Straße bestätigen | KOORDINATOR: Ready-Status überwachen",
        "clue_chain": "Jede Rolle folgt dem zugewiesenen Straßennamen 60–100 selbst gezählte Schritte südwärts, bestätigt das erste sichere Straßen-/Fassadenzeichen und kehrt zum Löwenring zurück. Danach Hinweis: ‚Sucht das Tor mit drei großen Öffnungen.‘",
        "server_success_condition": "alle Pflichtrollen haben token; anschließend mindestens 2 Mitglieder im 15-m-Endradius und alle Mitglieder innerhalb 35 m Teamradius",
        "hint_timeout_logic": "Nach 4 min Straßennamen erneut zeigen; nach 7 min exakten Endpunkt einblenden",
        "safety_rule": "Kein Rennen; nur Gehwege; keine Pflichtquerung; Koordinator darf abbrechen",
        "fallback": "Normale sichtbare Route Obelisk → Porta del Popolo",
        "field_status": "FIELD_TEST_REQUIRED: Schrittzahlen und sichere Wendepunkte prüfen",
        "required_geojson_fields": [
          "roleCheckpointIds",
          "hiddenRevealRadius=35",
          "endGeofenceId"
        ],
        "events_states": [
          "READY",
          "ROLE_ASSIGNED",
          "CHECKPOINT_CONFIRMED",
          "REVEAL",
          "REGROUPED",
          "ABORTED"
        ],
        "geometry_semantics": "KNOWN_ENDPOINTS_ONLY_NOT_A_SAFE_ROUTE",
        "publishable": true,
        "blocks_release_until_field_test": true,
        "content_status": "APPROVED"
      }
    },
    {
      "type": "Feature",
      "id": "navigation:NAV-D1-Q06",
      "geometry": {
        "type": "MultiPoint",
        "coordinates": [
          [
            12.4730991,
            41.8989256
          ],
          [
            12.4730207,
            41.8997976
          ],
          [
            12.4731529,
            41.8981115
          ]
        ]
      },
      "properties": {
        "feature_type": "navigation_challenge",
        "navigation_id": "NAV-D1-Q06",
        "quest_id": "D1-Q06",
        "segment": "Drei Brunnen im gleichen Takt",
        "mode": "SIMULTANEOUS_MULTI_GEOFENCE",
        "participants_roles": "3 Pflichtrollen; 4. Person optional als Regisseur",
        "start_candidate_id": "place_day_1_piazza_navona",
        "end_candidate_id": "place_day_1_piazza_navona",
        "checkpoint_candidate_ids": [
          "place_day_1_piazza_navona",
          "place_day_1_fontana_del_nettuno",
          "place_day_1_fontana_del_moro"
        ],
        "map_visibility": "Alle drei Brunnen sichtbar; individuelle Zielzuweisung nur für eigene Rolle",
        "role_information": "NORD: Neptun/Oktopus | MITTE: zentraler Vierströmebrunnen | SÜD: Mohr/Delfin | REGISSEUR: startet Synchronfenster",
        "clue_chain": "Alle Rollen drücken BEREIT im 15-m-Radius ihres Brunnens. Sobald alle bereit sind, startet ein 20-s-Fenster; jede Rolle bestätigt ihr sichtbares Großattribut.",
        "server_success_condition": "readyAt.length == 3 && max(confirmTimestamps)-min(confirmTimestamps) <= 20s",
        "hint_timeout_logic": "Nach Fehlversuch kein Ortswechsel; Attribute erneut anzeigen; unbegrenzt wiederholbar",
        "safety_rule": "Nicht rennen; Countdown startet erst nach dreifachem Ready; große Attribute statt Randdetails",
        "fallback": "Sequenzieller Modus mit drei Stationen, 60 % Synchronbonus",
        "field_status": "REMOTE_READY; finale Geofence-Überlappung und Menschenfluss prüfen",
        "required_geojson_fields": [
          "threeGeofenceIds",
          "readyRadius=15",
          "syncWindowSec=20"
        ],
        "events_states": [
          "READY",
          "ROLE_ASSIGNED",
          "CHECKPOINT_CONFIRMED",
          "REVEAL",
          "REGROUPED",
          "ABORTED"
        ],
        "geometry_semantics": "ROLE_GEOFENCE_ANCHORS",
        "publishable": true,
        "blocks_release_until_field_test": true,
        "content_status": "APPROVED"
      }
    },
    {
      "type": "Feature",
      "id": "navigation:NAV-D1-Q16",
      "geometry": {
        "type": "MultiPoint",
        "coordinates": [
          [
            12.4642423,
            41.8888192
          ],
          [
            12.4607686,
            41.8914637
          ]
        ]
      },
      "properties": {
        "feature_type": "navigation_challenge",
        "navigation_id": "NAV-D1-Q16",
        "quest_id": "D1-Q16",
        "segment": "Die verborgene Standarte",
        "mode": "ASYMMETRIC_ROLE_NAVIGATION",
        "participants_roles": "1 Fahnenträger + 2–3 Gefährten",
        "start_candidate_id": "place_day_1_fontana_dell_acqua_paola",
        "end_candidate_id": "place_day_1_monumento_a_garibaldi",
        "checkpoint_candidate_ids": [
          "place_day_1_fontana_dell_acqua_paola",
          "place_day_1_monumento_a_garibaldi"
        ],
        "map_visibility": "Fahnenträger sieht Kompasskorridor; Gefährten sehen nur Textteile; Zielmarker bis 30 m verborgen",
        "role_information": "FAHNENTRÄGER: Richtungskorridor | CHRONIST: Schrittkorridor 140–220 Schritte | SPÄHER: Symbolhinweis ‚Reiter über der Stadt‘ | 4. Person: Teamabstand überwachen",
        "clue_chain": "Vom Wasserbogen auf dem freigegebenen Gehweg bergauf; nicht der Straße folgen, die abwärts vom Panorama wegführt; beim ersten freien Blick auf die große Reiterfigur zusammenfinden.",
        "server_success_condition": "alle Rollenhinweise bestätigt; mindestens 2 im 15-m-Zielradius; übrige Teammitglieder innerhalb 35 m",
        "hint_timeout_logic": "Nach 5 min Richtungspfeil; nach 8 min Zielmarker; falscher Abzweig löst nur Hinweis aus",
        "safety_rule": "Steigung; langsamstes Mitglied bestimmt Tempo; Boundary Damage pausiert im Segment",
        "fallback": "Zielmarker und Standardroute werden eingeblendet",
        "field_status": "FIELD_TEST_REQUIRED: exakter sichere Wegkorridor und Schrittkorridor",
        "required_geojson_fields": [
          "safeCorridorPolylineId",
          "revealRadius=30",
          "maxTeamSpread=35"
        ],
        "events_states": [
          "READY",
          "ROLE_ASSIGNED",
          "CHECKPOINT_CONFIRMED",
          "REVEAL",
          "REGROUPED",
          "ABORTED"
        ],
        "geometry_semantics": "KNOWN_ENDPOINTS_ONLY_NOT_A_SAFE_ROUTE",
        "publishable": true,
        "blocks_release_until_field_test": true,
        "content_status": "APPROVED"
      }
    },
    {
      "type": "Feature",
      "id": "navigation:NAV-D2-Q08",
      "geometry": {
        "type": "MultiPoint",
        "coordinates": [
          [
            12.5024875,
            41.8765186
          ],
          [
            12.4986395,
            41.8823233
          ]
        ]
      },
      "properties": {
        "feature_type": "navigation_challenge",
        "navigation_id": "NAV-D2-Q08",
        "quest_id": "D2-Q08",
        "segment": "Mauerlinie ohne blauen Punkt",
        "mode": "DISTRIBUTED_CLUE_CHAIN",
        "participants_roles": "3–4 Mitglieder; Hinweise nach Rolle verteilt",
        "start_candidate_id": "place_day_2_porta_latina",
        "end_candidate_id": "place_day_2_porta_metronia",
        "checkpoint_candidate_ids": [
          "place_day_2_porta_latina",
          "place_day_2_porta_metronia"
        ],
        "map_visibility": "Nur Start und grobe Mauerlinie; Ziel erst innerhalb 40 m sichtbar",
        "role_information": "RICHTUNG: nächster Mauerabschnitt | DISTANZ: 700–1000 m Korridor | SYMBOL: ‚zugemauerter alter Bogen‘ | SICHERHEIT: nur freigegebene Querungen",
        "clue_chain": "Folgt der Mauerlinie auf Gehwegen. An jedem serverseitigen Zwischenkorridor wird ein neuer Textteil freigeschaltet. Das Endziel ist nicht die moderne Verkehrsöffnung, sondern der markierte antike zugemauerte Bogen.",
        "server_success_condition": "ordered corridor checkpoints complete; mindestens 2 im 15-m-Endradius; safety confirmations complete",
        "hint_timeout_logic": "Nach 6 min nächster Korridor sichtbar; nach 12 min Standardmarker; keine Zeitstrafe",
        "safety_rule": "Keine Abkürzungen über Fahrbahnen; Segment deaktivierbar bei Verkehrslage",
        "fallback": "Porta Latina wird zur vollständigen Kurzquest; Metronia entfällt",
        "field_status": "FIELD_TEST_REQUIRED: Zwischenkorridore, Querungen und Zielblickpunkt",
        "required_geojson_fields": [
          "safeCorridorPolylineId",
          "orderedCheckpointIds",
          "hiddenRevealRadius=40"
        ],
        "events_states": [
          "READY",
          "ROLE_ASSIGNED",
          "CHECKPOINT_CONFIRMED",
          "REVEAL",
          "REGROUPED",
          "ABORTED"
        ],
        "geometry_semantics": "KNOWN_ENDPOINTS_ONLY_NOT_A_SAFE_ROUTE",
        "publishable": true,
        "blocks_release_until_field_test": true,
        "content_status": "APPROVED"
      }
    },
    {
      "type": "Feature",
      "id": "enemy:quest:D1-Q01-S13",
      "geometry": {
        "type": "Point",
        "coordinates": [
          12.46686,
          41.90262
        ]
      },
      "properties": {
        "feature_type": "enemy_encounter",
        "encounter_id": "QE-D1-Q01-S13",
        "candidate_id": "place_day_1_castel_sant_angelo",
        "quest_id": "D1-Q01",
        "quest_step_id": "D1-Q01-S13",
        "combat_profile_id": "CP-QE-PASSETTO",
        "system_type": "QUEST_ENEMY",
        "name": "Schatten des Passetto",
        "day": "DAY_1",
        "cluster": "D1_VATICANO_PRATI_BORGO",
        "description": "Ein flacher Mauerschatten löst sich aus den Schießscharten und zieht Fluchtwege wie schwarze Bänder zu.",
        "rarity": "SR",
        "combat_role": "CONTROL",
        "combat_pattern": "Markiert zuerst einen Ausgang, sperrt ihn in der Folgerunde und bestraft unkoordinierte Zielwechsel.",
        "abilities": [
          "Mauergriff: blockiert eine Unterstützungsaktion für eine Runde.",
          "Falscher Ausgang: legt zwei scheinbare Ziele an; Beobachtungshinweis deckt das echte auf."
        ],
        "phase_rule": "Optionaler Kampf nur bei Teamentscheidung SCHATTEN_STELLEN; keine zweite Phase.",
        "target_rule": "Bevorzugt den Spieler mit der letzten Questinteraktion.",
        "counterplay": "Siegel der Schildwacht oder Schweizergardisten-Schutzruf entfernt die erste Sperre.",
        "status_target_rules": [
          "MARKED_EXIT",
          "ACTION_LOCK"
        ],
        "behavior": {
          "type": "CONTROL",
          "powerAttackEvery": 3,
          "powerAttackMultiplier": 1.35,
          "targetStrategy": "THREAT"
        },
        "hp": 255,
        "atk": 24,
        "def": 18,
        "initiative": 13,
        "statusChance": 0.27999999999999997,
        "content_status": "APPROVED",
        "publishable": true,
        "aggro_radius_m": 20,
        "respawn_scope": "QUEST_INSTANCE_NO_RESPAWN",
        "unique": false
      }
    },
    {
      "type": "Feature",
      "id": "enemy:quest:D1-Q02-S11",
      "geometry": {
        "type": "Point",
        "coordinates": [
          12.4615874,
          41.9003045
        ]
      },
      "properties": {
        "feature_type": "enemy_encounter",
        "encounter_id": "QE-D1-Q02-S11",
        "candidate_id": "place_day_1_porta_santo_spirito",
        "quest_id": "D1-Q02",
        "quest_step_id": "D1-Q02-S11",
        "combat_profile_id": "CP-QE-CAVALLEGGERO",
        "system_type": "QUEST_ENEMY",
        "name": "Cavalleggero Pontificio",
        "day": "DAY_1",
        "cluster": "D1_VATICANO_PRATI_BORGO",
        "description": "Ein päpstlicher Reitergeist senkt die Lanze und erklärt die gewählte Torordnung zur Beleidigung.",
        "rarity": "R",
        "combat_role": "DEFENDER",
        "combat_pattern": "Beginnt defensiv; telegraphiert eine Lanzenlinie und kontert Angriffe auf falsche Ziele.",
        "abilities": [
          "Lanzenritt: starker Einzelangriff nach einer sichtbaren Vorbereitungsrunde.",
          "Wappenschild: erhält Schutz, bis das korrekte Tor-Merkmal aktiviert wird."
        ],
        "phase_rule": "Bei halber Vitalität steigt er ab und verliert Reichweite, gewinnt aber Konter.",
        "target_rule": "Zielt zuerst auf den höchsten Angriffswert.",
        "counterplay": "Condottiere-Analyse oder richtige Torreihenfolge bricht Wappenschild.",
        "status_target_rules": [
          "GUARDED",
          "TELEGRAPHED_CHARGE"
        ],
        "behavior": {
          "type": "DEFENDER",
          "powerAttackEvery": 3,
          "powerAttackMultiplier": 1.35,
          "targetStrategy": "HIGHEST_ATTACK"
        },
        "hp": 200,
        "atk": 20,
        "def": 16,
        "initiative": 11,
        "statusChance": 0.18,
        "content_status": "APPROVED",
        "publishable": true,
        "aggro_radius_m": 20,
        "respawn_scope": "QUEST_INSTANCE_NO_RESPAWN",
        "unique": false
      }
    },
    {
      "type": "Feature",
      "id": "enemy:quest:D1-Q04-S11",
      "geometry": {
        "type": "Point",
        "coordinates": [
          12.4779346,
          41.9110905
        ]
      },
      "properties": {
        "feature_type": "enemy_encounter",
        "encounter_id": "QE-D1-Q04-S11",
        "candidate_id": "place_day_1_balconata_del_pincio",
        "quest_id": "D1-Q04",
        "quest_step_id": "D1-Q04-S11",
        "combat_profile_id": "CP-QE-ANTINOO",
        "system_type": "QUEST_ENEMY",
        "name": "Ombra di Antinoo",
        "day": "DAY_1",
        "cluster": "D1_POPOLO_PINCIO_SPAGNA",
        "description": "Ein schöner, gesichtsloser Schatten erscheint zwischen Hieroglyphen und Stadtpanorama.",
        "rarity": "SR",
        "combat_role": "ILLUSIONIST",
        "combat_pattern": "Erzeugt Spiegelbilder; jede richtige Ortszuordnung entfernt eines vor Kampfbeginn.",
        "abilities": [
          "Spiegel des Favoriten: kopiert die zuletzt eingesetzte Spielerfähigkeit abgeschwächt.",
          "Vergessene Wölfin: teamweiter Furchteffekt, falls Tessera Lupae nicht eingesetzt wurde."
        ],
        "phase_rule": "Eine Phase; bei niedriger Vitalität werden Zielbilder schneller, aber fragiler.",
        "target_rule": "Zielt auf den Spieler mit den meisten Buffs.",
        "counterplay": "Tessera Lupae entfernt Furcht; Beobachtungsmarker entlarven Original.",
        "status_target_rules": [
          "ILLUSION",
          "FEAR"
        ],
        "behavior": {
          "type": "ILLUSIONIST",
          "powerAttackEvery": 3,
          "powerAttackMultiplier": 1.35,
          "targetStrategy": "THREAT"
        },
        "hp": 255,
        "atk": 24,
        "def": 18,
        "initiative": 13,
        "statusChance": 0.27999999999999997,
        "content_status": "APPROVED",
        "publishable": true,
        "aggro_radius_m": 20,
        "respawn_scope": "QUEST_INSTANCE_NO_RESPAWN",
        "unique": false
      }
    },
    {
      "type": "Feature",
      "id": "enemy:quest:D1-Q07-S09",
      "geometry": {
        "type": "Point",
        "coordinates": [
          12.4767399,
          41.8993124
        ]
      },
      "properties": {
        "feature_type": "enemy_encounter",
        "encounter_id": "QE-D1-Q07-S09",
        "candidate_id": "place_day_1_obelisco_macuteo",
        "quest_id": "D1-Q07",
        "quest_step_id": "D1-Q07-S09",
        "combat_profile_id": "CP-QE-MUMMIA",
        "system_type": "QUEST_ENEMY",
        "name": "Mummia dell’Iseo",
        "day": "DAY_1",
        "cluster": "D1_NAVONA_PANTHEON",
        "description": "Eine kleine in Leinen gewickelte Kultfigur erwacht aus dem Obeliskschatten und sammelt verlorene Buchstaben.",
        "rarity": "R",
        "combat_role": "DEBUFFER",
        "combat_pattern": "Verflucht falsche Texteingaben und baut eine Schutzschicht aus Hieroglyphen auf.",
        "abilities": [
          "Buchstabenraub: sperrt eine zufällige Fähigkeit bis ein Teammitglied das korrekte Wort bestätigt.",
          "Leinenpanzer: reduziert den ersten direkten Treffer jeder Runde."
        ],
        "phase_rule": "Keine Phase; optionaler Kampf nach korrekter Transkription deutlich kürzer.",
        "target_rule": "Bevorzugt Spieler mit ungenutzten Unterstützungsfähigkeiten.",
        "counterplay": "Wachstafel AGRIPPA entfernt Leinenpanzer; Feuer-/Lichtthema unterbricht Buchstabenraub.",
        "status_target_rules": [
          "SILENCED_SKILL",
          "WRAPPED_ARMOR"
        ],
        "behavior": {
          "type": "DEBUFFER",
          "powerAttackEvery": 3,
          "powerAttackMultiplier": 1.35,
          "targetStrategy": "THREAT"
        },
        "hp": 185,
        "atk": 19,
        "def": 13,
        "initiative": 14,
        "statusChance": 0.22,
        "content_status": "APPROVED",
        "publishable": true,
        "aggro_radius_m": 20,
        "respawn_scope": "QUEST_INSTANCE_NO_RESPAWN",
        "unique": false
      }
    },
    {
      "type": "Feature",
      "id": "enemy:quest:D1-Q09-S11",
      "geometry": {
        "type": "Point",
        "coordinates": [
          12.4884786,
          41.903662
        ]
      },
      "properties": {
        "feature_type": "enemy_encounter",
        "encounter_id": "QE-D1-Q09-S11",
        "candidate_id": "place_day_1_fontana_del_tritone",
        "quest_id": "D1-Q09",
        "quest_step_id": "D1-Q09-S11",
        "combat_profile_id": "CP-QE-RATTO",
        "system_type": "QUEST_ENEMY",
        "name": "Ratto dell’Acqua Virgo",
        "day": "DAY_1",
        "cluster": "D1_TREVI_QUIRINALE",
        "description": "Eine übergroße Kanalratte schüttelt Travertinstaub aus dem Fell und verteidigt gestohlene Münzen.",
        "rarity": "R",
        "combat_role": "SKIRMISHER",
        "combat_pattern": "Wechselt zwischen schnellem Biss und Rückzug; baut Schmutzstapel auf, wenn das Team denselben Angriff wiederholt.",
        "abilities": [
          "Schmutzspritzer: teamweiter kleiner Debuff auf Heilung.",
          "Münzflucht: erhält Ausweichen und versucht in der Folgerunde einen Denareneffekt auszulösen."
        ],
        "phase_rule": "Keine Phase; Hidden-Variante startet mit Ausweichen, reguläre Questvariante mit Schmutz.",
        "target_rule": "Zielt auf den Charakter mit niedrigster aktueller Vitalität.",
        "counterplay": "Ampulla Virgo reinigt Schmutz; abwechslungsreiche Aktionen verhindern Ausweichen.",
        "status_target_rules": [
          "DIRTY",
          "HEALING_REDUCED",
          "EVASIVE"
        ],
        "behavior": {
          "type": "SKIRMISHER",
          "powerAttackEvery": 3,
          "powerAttackMultiplier": 1.35,
          "targetStrategy": "LOWEST_HP"
        },
        "hp": 170,
        "atk": 22,
        "def": 13,
        "initiative": 15,
        "statusChance": 0.18,
        "content_status": "APPROVED",
        "publishable": true,
        "aggro_radius_m": 20,
        "respawn_scope": "QUEST_INSTANCE_NO_RESPAWN",
        "unique": false
      }
    },
    {
      "type": "Feature",
      "id": "enemy:quest:D1-Q10-S11",
      "geometry": {
        "type": "Point",
        "coordinates": [
          12.4876143,
          41.9006627
        ]
      },
      "properties": {
        "feature_type": "enemy_encounter",
        "encounter_id": "QE-D1-Q10-S11",
        "candidate_id": "place_day_1_palazzo_del_quirinale",
        "quest_id": "D1-Q10",
        "quest_step_id": "D1-Q10-S11",
        "combat_profile_id": "CP-QE-CORAZZIERE",
        "system_type": "QUEST_ENEMY",
        "name": "Corazziere del Colle",
        "day": "DAY_1",
        "cluster": "D1_TREVI_QUIRINALE",
        "description": "Ein steinerner Palastwächter tritt nur bei einer provokanten Loyalitätswahl aus der Fassadenlinie.",
        "rarity": "SR",
        "combat_role": "DUELIST",
        "combat_pattern": "Fordert den stärksten Einzelkämpfer, wechselt aber das Ziel bei Schutzaktionen.",
        "abilities": [
          "Staatsparade: verstärkt Verteidigung, solange kein Teammitglied eine Unterstützungsaktion nutzt.",
          "Ehrenkonter: kontert die erste schwere Attacke jeder zweiten Runde."
        ],
        "phase_rule": "Optionaler Kampf; keine Phasen, aber Haltung wechselt zwischen Parade und Duell.",
        "target_rule": "Höchster Angriff, danach Supporter.",
        "counterplay": "Team-Support bricht Parade; Condottiere kann Konter früh telegraphieren.",
        "status_target_rules": [
          "PARRY",
          "CEREMONIAL_GUARD"
        ],
        "behavior": {
          "type": "DUELIST",
          "powerAttackEvery": 3,
          "powerAttackMultiplier": 1.35,
          "targetStrategy": "HIGHEST_ATTACK"
        },
        "hp": 240,
        "atk": 27,
        "def": 18,
        "initiative": 14,
        "statusChance": 0.24,
        "content_status": "APPROVED",
        "publishable": true,
        "aggro_radius_m": 20,
        "respawn_scope": "QUEST_INSTANCE_NO_RESPAWN",
        "unique": false
      }
    },
    {
      "type": "Feature",
      "id": "enemy:quest:D1-Q13-S10",
      "geometry": {
        "type": "Point",
        "coordinates": [
          12.479938,
          41.892202
        ]
      },
      "properties": {
        "feature_type": "enemy_encounter",
        "encounter_id": "QE-D1-Q13-S10",
        "candidate_id": "place_day_1_teatro_di_marcello",
        "quest_id": "D1-Q13",
        "quest_step_id": "D1-Q13-S10",
        "combat_profile_id": "CP-QE-TARTARUGHE",
        "system_type": "QUEST_ENEMY",
        "name": "Custode delle Tartarughe",
        "day": "DAY_1",
        "cluster": "D1_CAMPO_REGOLA_GHETTO",
        "description": "Vier kleine Bronzeschatten formen gemeinsam einen überraschend standhaften Wächter.",
        "rarity": "R",
        "combat_role": "COUNTER_TANK",
        "combat_pattern": "Zieht sich in den Panzer zurück, wenn mehrere Spieler dasselbe Ziel fokussieren; öffnet sich nach unterschiedlichen Aktionstypen.",
        "abilities": [
          "Vierfacher Panzer: erhält vier Schutzmarken, eine pro sichtbarer Schildkröte.",
          "Brunnenstoß: trifft alle, wenn keine Schutzmarke in der Runde entfernt wurde."
        ],
        "phase_rule": "Keine Phase; Hidden-Version besitzt alle vier Marken, Questversion kann ohne Kampf gelöst werden.",
        "target_rule": "Teamweit, sonst letzter Angreifer.",
        "counterplay": "Vier unterschiedliche Aktionen entfernen alle Marken; Bildhauer-Schwachstelle zählt doppelt.",
        "status_target_rules": [
          "SHELL_GUARD",
          "SPLASH"
        ],
        "behavior": {
          "type": "COUNTER_TANK",
          "powerAttackEvery": 3,
          "powerAttackMultiplier": 1.35,
          "targetStrategy": "THREAT"
        },
        "hp": 200,
        "atk": 20,
        "def": 16,
        "initiative": 11,
        "statusChance": 0.18,
        "content_status": "APPROVED",
        "publishable": true,
        "aggro_radius_m": 20,
        "respawn_scope": "QUEST_INSTANCE_NO_RESPAWN",
        "unique": false
      }
    },
    {
      "type": "Feature",
      "id": "enemy:quest:D1-Q16-S15",
      "geometry": {
        "type": "Point",
        "coordinates": [
          12.460117,
          41.8934109
        ]
      },
      "properties": {
        "feature_type": "enemy_encounter",
        "encounter_id": "QE-D1-Q16-S15",
        "candidate_id": "place_day_1_monumento_ad_anita_garibaldi",
        "quest_id": "D1-Q16",
        "quest_step_id": "D1-Q16-S15",
        "combat_profile_id": "CP-QE-GARIBALDINO",
        "system_type": "QUEST_ENEMY",
        "name": "Garibaldino delle Mura",
        "day": "DAY_1",
        "cluster": "D1_GIANICOLO",
        "description": "Ein verwitterter Freiheitskämpfergeist erhebt eine rote Standarte über der Mauerlinie.",
        "rarity": "SSR",
        "combat_role": "COMMANDER",
        "combat_pattern": "Ruft Erinnerungsmarken der Route auf; korrekt geordnete Stationen werden zu Team-Buffs statt gegnerischen Verstärkungen.",
        "abilities": [
          "Standarte halten: baut jede Runde Führung auf, bis ein Kontroll-/Schwachstellenangriff trifft.",
          "Salve der Erinnerung: markiert zwei Spieler; beide müssen unterschiedliche defensive Antworten wählen."
        ],
        "phase_rule": "Bei halber Vitalität zerreißt die Standarte und er wird schneller, verliert aber Gruppenbuffs.",
        "target_rule": "Zielt abwechselnd auf Frontlinie und Unterstützer.",
        "counterplay": "Vollständige Routenreihenfolge gewährt Startbuff; koordinierte Rollen brechen Standarte.",
        "status_target_rules": [
          "RALLY",
          "MARKED_PAIR",
          "HASTE"
        ],
        "behavior": {
          "type": "COMMANDER",
          "powerAttackEvery": 3,
          "powerAttackMultiplier": 1.45,
          "targetStrategy": "THREAT"
        },
        "hp": 360,
        "atk": 30,
        "def": 22,
        "initiative": 12,
        "statusChance": 0.3,
        "content_status": "APPROVED",
        "publishable": true,
        "aggro_radius_m": 20,
        "respawn_scope": "QUEST_INSTANCE_NO_RESPAWN",
        "unique": false
      }
    },
    {
      "type": "Feature",
      "id": "enemy:quest:D2-Q03-S10",
      "geometry": {
        "type": "Point",
        "coordinates": [
          12.494955,
          41.8901133
        ]
      },
      "properties": {
        "feature_type": "enemy_encounter",
        "encounter_id": "QE-D2-Q03-S10",
        "candidate_id": "place_day_2_ludus_magnus",
        "quest_id": "D2-Q03",
        "quest_step_id": "D2-Q03-S10",
        "combat_profile_id": "CP-QE-LUDUS",
        "system_type": "QUEST_ENEMY",
        "name": "Gladiator des Ludus",
        "day": "DAY_2",
        "cluster": "D2_FORUM_COLOSSEO",
        "description": "Ein Trainingsgladiator tritt aus der ovalen Arena und bewertet die Formation wie ein strenger Coach.",
        "rarity": "SR",
        "combat_role": "TACTICAL_BRUISER",
        "combat_pattern": "Telegraphiert Stoß, Feger oder Schilddruck; die korrekte Funktionszuordnung zeigt den ersten Angriff früh.",
        "abilities": [
          "Arena-Feger: trifft Frontlinie und verschiebt Initiative.",
          "Publikumsruf: verstärkt sich, wenn das Team dreimal dieselbe Aktion wählt."
        ],
        "phase_rule": "Bei halber Vitalität wechselt er vom Schild zur Doppelklinge und verliert Verteidigung.",
        "target_rule": "Frontlinie, dann niedrigste Initiative.",
        "counterplay": "Aktionsvielfalt verhindert Publikumsruf; Condottiere-Formation reduziert Feger.",
        "status_target_rules": [
          "INITIATIVE_DOWN",
          "CROWD_FAVOR"
        ],
        "behavior": {
          "type": "TACTICAL_BRUISER",
          "powerAttackEvery": 3,
          "powerAttackMultiplier": 1.35,
          "targetStrategy": "THREAT"
        },
        "hp": 240,
        "atk": 27,
        "def": 18,
        "initiative": 14,
        "statusChance": 0.24,
        "content_status": "APPROVED",
        "publishable": true,
        "aggro_radius_m": 20,
        "respawn_scope": "QUEST_INSTANCE_NO_RESPAWN",
        "unique": false
      }
    },
    {
      "type": "Feature",
      "id": "enemy:quest:D2-Q04-S12",
      "geometry": {
        "type": "Point",
        "coordinates": [
          12.4827682,
          41.889353
        ]
      },
      "properties": {
        "feature_type": "enemy_encounter",
        "encounter_id": "QE-D2-Q04-S12",
        "candidate_id": "place_day_2_arco_di_giano",
        "quest_id": "D2-Q04",
        "quest_step_id": "D2-Q04-S12",
        "combat_profile_id": "CP-QE-GIANO",
        "system_type": "QUEST_ENEMY",
        "name": "Custode di Giano",
        "day": "DAY_2",
        "cluster": "D2_AVENTINO_FORUM_BOARIUM",
        "description": "Ein viergesichtiger Torwächter dreht sich nach jeder Runde zu einer anderen Himmelsrichtung.",
        "rarity": "SSR",
        "combat_role": "STANCE_SWITCHER",
        "combat_pattern": "Wechselt Schutz-, Handels-, Kult- und Täuschungshaltung; nur die zur sichtbaren Monumentform passende Antwort öffnet eine Schwachstelle.",
        "abilities": [
          "Vier Tore: verschließt eine Aktionskategorie für die nächste Runde.",
          "Doppeltes Gesicht: täuscht Zieltelegraphen, falls Fakt und Legende falsch klassifiziert wurden."
        ],
        "phase_rule": "Vier Haltungen zyklisch; keine zusätzliche Lebensphase.",
        "target_rule": "Zielregel wechselt je Haltung.",
        "counterplay": "VERITAS oder richtige Klassifikation deckt echte Haltung auf; unterschiedliche Klassenaktionen öffnen Tore.",
        "status_target_rules": [
          "STANCE_LOCK",
          "DECEPTION"
        ],
        "behavior": {
          "type": "STANCE_SWITCHER",
          "powerAttackEvery": 3,
          "powerAttackMultiplier": 1.45,
          "targetStrategy": "THREAT"
        },
        "hp": 365,
        "atk": 29,
        "def": 22,
        "initiative": 13,
        "statusChance": 0.33999999999999997,
        "content_status": "APPROVED",
        "publishable": true,
        "aggro_radius_m": 20,
        "respawn_scope": "QUEST_INSTANCE_NO_RESPAWN",
        "unique": false
      }
    },
    {
      "type": "Feature",
      "id": "enemy:quest:D2-Q05-S10",
      "geometry": {
        "type": "Point",
        "coordinates": [
          12.480147,
          41.88441
        ]
      },
      "properties": {
        "feature_type": "enemy_encounter",
        "encounter_id": "QE-D2-Q05-S10",
        "candidate_id": "place_day_2_fontana_del_mascherone_di_santa_sabina",
        "quest_id": "D2-Q05",
        "quest_step_id": "D2-Q05-S10",
        "combat_profile_id": "CP-QE-MASCHERONE",
        "system_type": "QUEST_ENEMY",
        "name": "Mascherone dell’Aventino",
        "day": "DAY_2",
        "cluster": "D2_AVENTINO_FORUM_BOARIUM",
        "description": "Ein riesiges steinernes Maskengesicht löst sich als schwebender Wasserspeier aus dem Brunnen.",
        "rarity": "SR",
        "combat_role": "AREA_CONTROL",
        "combat_pattern": "Markiert eine Blickrichtung und flutet in der Folgerunde alle Ziele, die dieselbe Haltung behalten.",
        "abilities": [
          "Mundstrom: telegraphierter Flächenangriff.",
          "Falscher Hügel: verwirrt Zielauswahl, wenn Panoramaantwort fehlt."
        ],
        "phase_rule": "Optionaler Kampf; bei halber Vitalität bricht die Maske und verliert Verwirrung.",
        "target_rule": "Teamweite Reihen, priorisiert gruppierte Ziele.",
        "counterplay": "Korrekte Palatin-Zuordnung zeigt sichere Reihe; Schutzaktionen teilen Schaden.",
        "status_target_rules": [
          "SOAKED",
          "CONFUSED"
        ],
        "behavior": {
          "type": "AREA_CONTROL",
          "powerAttackEvery": 3,
          "powerAttackMultiplier": 1.35,
          "targetStrategy": "THREAT"
        },
        "hp": 255,
        "atk": 24,
        "def": 18,
        "initiative": 13,
        "statusChance": 0.27999999999999997,
        "content_status": "APPROVED",
        "publishable": true,
        "aggro_radius_m": 20,
        "respawn_scope": "QUEST_INSTANCE_NO_RESPAWN",
        "unique": false
      }
    },
    {
      "type": "Feature",
      "id": "enemy:quest:D2-Q08-S09",
      "geometry": {
        "type": "Point",
        "coordinates": [
          12.4986395,
          41.8823233
        ]
      },
      "properties": {
        "feature_type": "enemy_encounter",
        "encounter_id": "QE-D2-Q08-S09",
        "candidate_id": "place_day_2_porta_metronia",
        "quest_id": "D2-Q08",
        "quest_step_id": "D2-Q08-S09",
        "combat_profile_id": "CP-QE-SCORPIONE",
        "system_type": "QUEST_ENEMY",
        "name": "Scorpione delle Mura",
        "day": "DAY_2",
        "cluster": "D2_CELIO_SAN_GIOVANNI",
        "description": "Ein Ziegelskorpion kriecht aus der Mauerfuge und legt falsche Wegmarken.",
        "rarity": "SR",
        "combat_role": "ARMORED_TRAPPER",
        "combat_pattern": "Beginnt stark gepanzert; öffnet die Scheren nach richtiger Torzustands-Zuordnung.",
        "abilities": [
          "Mauerklammer: bindet einen Spieler an eine defensive Aktion.",
          "Giftiger Umweg: verzögert die nächste Teamaktion, wenn Navigationsrollen fehlen."
        ],
        "phase_rule": "Keine Phase; Panzerbruch ist der zentrale Zustandswechsel.",
        "target_rule": "Zielt auf Navigator, danach niedrigste Verteidigung.",
        "counterplay": "Latina/Metronia-Zuordnung senkt Panzer; Schweizergardist schützt Navigator.",
        "status_target_rules": [
          "ARMORED",
          "BOUND",
          "DELAYED"
        ],
        "behavior": {
          "type": "ARMORED_TRAPPER",
          "powerAttackEvery": 3,
          "powerAttackMultiplier": 1.35,
          "targetStrategy": "LOWEST_DEFENSE"
        },
        "hp": 270,
        "atk": 25,
        "def": 21,
        "initiative": 10,
        "statusChance": 0.24,
        "content_status": "APPROVED",
        "publishable": true,
        "aggro_radius_m": 20,
        "respawn_scope": "QUEST_INSTANCE_NO_RESPAWN",
        "unique": false
      }
    },
    {
      "type": "Feature",
      "id": "enemy:quest:D2-Q09-S10",
      "geometry": {
        "type": "Point",
        "coordinates": [
          12.4972974,
          41.8923984
        ]
      },
      "properties": {
        "feature_type": "enemy_encounter",
        "encounter_id": "QE-D2-Q09-S10",
        "candidate_id": "place_day_2_thermae_traianae",
        "quest_id": "D2-Q09",
        "quest_step_id": "D2-Q09-S10",
        "combat_profile_id": "CP-QE-VAPORE",
        "system_type": "QUEST_ENEMY",
        "name": "Vapore delle Terme",
        "day": "DAY_2",
        "cluster": "D2_MONTI_ESQUILINO",
        "description": "Ein humanoider Dampfgeist steigt aus den Ziegelruinen und legt feuchte Schleier über Erinnerungen.",
        "rarity": "R",
        "combat_role": "DOT_SUPPORT",
        "combat_pattern": "Erzeugt Nebelstapel, die Treffer ungenauer machen; wird durch Materialcode kurz kondensiert.",
        "abilities": [
          "Thermenschleier: senkt Zielgenauigkeit des Teams.",
          "Heißer Rückstrom: kleiner Schaden über Zeit auf zwei Ziele."
        ],
        "phase_rule": "Optionaler Kampf; keine Phase, aber Kondensation öffnet ein kurzes Burstfenster.",
        "target_rule": "Zufällige zwei Ziele, bevorzugt ungeschützte.",
        "counterplay": "LATERES kondensiert den Nebel; Reinigungs- und Windfähigkeiten entfernen Stapel.",
        "status_target_rules": [
          "OBSCURED",
          "HEAT_DOT"
        ],
        "behavior": {
          "type": "DOT_SUPPORT",
          "powerAttackEvery": 3,
          "powerAttackMultiplier": 1.35,
          "targetStrategy": "THREAT"
        },
        "hp": 185,
        "atk": 19,
        "def": 13,
        "initiative": 14,
        "statusChance": 0.22,
        "content_status": "APPROVED",
        "publishable": true,
        "aggro_radius_m": 20,
        "respawn_scope": "QUEST_INSTANCE_NO_RESPAWN",
        "unique": false
      }
    },
    {
      "type": "Feature",
      "id": "enemy:quest:D2-Q10-S07",
      "geometry": {
        "type": "Point",
        "coordinates": [
          12.51572,
          41.89118
        ]
      },
      "properties": {
        "feature_type": "enemy_encounter",
        "encounter_id": "QE-D2-Q10-S07",
        "candidate_id": "place_day_2_porta_maggiore_aqua_claudia",
        "quest_id": "D2-Q10",
        "quest_step_id": "D2-Q10-S07",
        "combat_profile_id": "CP-QE-IDRA",
        "system_type": "QUEST_ENEMY",
        "name": "Idra dell’Aqua Claudia",
        "day": "DAY_2",
        "cluster": "D2_SANTA_MARIA_MAGGIORE",
        "description": "Eine steinerne Wasserhydra windet mehrere Hälse durch die Aquäduktkanäle.",
        "rarity": "SSR",
        "combat_role": "MULTI_ATTACKER",
        "combat_pattern": "Jeder aktive Kopf bereitet einen anderen Angriff vor; die Bleiplombe entfernt vorab einen Kopf und dessen Mechanik.",
        "abilities": [
          "Dreifacher Wasserstoß: getrennte Ziele, klar telegraphiert.",
          "Leitungsbruch: teamweiter Angriff, wenn zwei Köpfe dieselbe Runde ungestört bleiben."
        ],
        "phase_rule": "Köpfe werden mechanisch deaktiviert, nicht einzeln mit separaten HP geführt.",
        "target_rule": "Verteilt Ziele, danach höchster Unterstützungswert.",
        "counterplay": "Bleiplombe deaktiviert Mehrfachangriff; Schwachstellen- und Kontrollaktionen unterbrechen Leitungsbruch.",
        "status_target_rules": [
          "SOAKED",
          "PRESSURE_MARK",
          "INTERRUPTIBLE"
        ],
        "behavior": {
          "type": "MULTI_ATTACKER",
          "powerAttackEvery": 3,
          "powerAttackMultiplier": 1.45,
          "targetStrategy": "THREAT"
        },
        "hp": 350,
        "atk": 32,
        "def": 22,
        "initiative": 14,
        "statusChance": 0.3,
        "content_status": "APPROVED",
        "publishable": true,
        "aggro_radius_m": 20,
        "respawn_scope": "QUEST_INSTANCE_NO_RESPAWN",
        "unique": false
      }
    },
    {
      "type": "Feature",
      "id": "enemy:quest:H-D1-01-S05",
      "geometry": {
        "type": "Point",
        "coordinates": [
          12.477456,
          41.893782
        ]
      },
      "properties": {
        "feature_type": "enemy_encounter",
        "encounter_id": "QE-H-D1-01-S05",
        "candidate_id": "place_day_1_fontana_delle_tartarughe",
        "quest_id": "H-D1-01",
        "quest_step_id": "H-D1-01-S05",
        "combat_profile_id": "CP-QE-TARTARUGHE",
        "system_type": "QUEST_ENEMY",
        "name": "Custode delle Tartarughe",
        "day": "DAY_1",
        "cluster": "D1_TREVI_QUIRINALE",
        "description": "Vier kleine Bronzeschatten formen gemeinsam einen überraschend standhaften Wächter.",
        "rarity": "R",
        "combat_role": "COUNTER_TANK",
        "combat_pattern": "Zieht sich in den Panzer zurück, wenn mehrere Spieler dasselbe Ziel fokussieren; öffnet sich nach unterschiedlichen Aktionstypen.",
        "abilities": [
          "Vierfacher Panzer: erhält vier Schutzmarken, eine pro sichtbarer Schildkröte.",
          "Brunnenstoß: trifft alle, wenn keine Schutzmarke in der Runde entfernt wurde."
        ],
        "phase_rule": "Keine Phase; Hidden-Version besitzt alle vier Marken, Questversion kann ohne Kampf gelöst werden.",
        "target_rule": "Teamweit, sonst letzter Angreifer.",
        "counterplay": "Vier unterschiedliche Aktionen entfernen alle Marken; Bildhauer-Schwachstelle zählt doppelt.",
        "status_target_rules": [
          "SHELL_GUARD",
          "SPLASH"
        ],
        "behavior": {
          "type": "COUNTER_TANK",
          "powerAttackEvery": 3,
          "powerAttackMultiplier": 1.35,
          "targetStrategy": "THREAT"
        },
        "hp": 200,
        "atk": 20,
        "def": 16,
        "initiative": 11,
        "statusChance": 0.18,
        "content_status": "APPROVED",
        "publishable": true,
        "aggro_radius_m": 20,
        "respawn_scope": "QUEST_INSTANCE_NO_RESPAWN",
        "unique": false
      }
    },
    {
      "type": "Feature",
      "id": "enemy:quest:H-D1-02-S05",
      "geometry": {
        "type": "Point",
        "coordinates": [
          12.4837108,
          41.9026109
        ]
      },
      "properties": {
        "feature_type": "enemy_encounter",
        "encounter_id": "QE-H-D1-02-S05",
        "candidate_id": "place_day_1_acquedotto_vergine",
        "quest_id": "H-D1-02",
        "quest_step_id": "H-D1-02-S05",
        "combat_profile_id": "CP-QE-RATTO",
        "system_type": "QUEST_ENEMY",
        "name": "Ratto dell’Acqua Virgo",
        "day": "DAY_1",
        "cluster": "D1_TREVI_QUIRINALE",
        "description": "Eine übergroße Kanalratte schüttelt Travertinstaub aus dem Fell und verteidigt gestohlene Münzen.",
        "rarity": "R",
        "combat_role": "SKIRMISHER",
        "combat_pattern": "Wechselt zwischen schnellem Biss und Rückzug; baut Schmutzstapel auf, wenn das Team denselben Angriff wiederholt.",
        "abilities": [
          "Schmutzspritzer: teamweiter kleiner Debuff auf Heilung.",
          "Münzflucht: erhält Ausweichen und versucht in der Folgerunde einen Denareneffekt auszulösen."
        ],
        "phase_rule": "Keine Phase; Hidden-Variante startet mit Ausweichen, reguläre Questvariante mit Schmutz.",
        "target_rule": "Zielt auf den Charakter mit niedrigster aktueller Vitalität.",
        "counterplay": "Ampulla Virgo reinigt Schmutz; abwechslungsreiche Aktionen verhindern Ausweichen.",
        "status_target_rules": [
          "DIRTY",
          "HEALING_REDUCED",
          "EVASIVE"
        ],
        "behavior": {
          "type": "SKIRMISHER",
          "powerAttackEvery": 3,
          "powerAttackMultiplier": 1.35,
          "targetStrategy": "LOWEST_HP"
        },
        "hp": 170,
        "atk": 22,
        "def": 13,
        "initiative": 15,
        "statusChance": 0.18,
        "content_status": "APPROVED",
        "publishable": true,
        "aggro_radius_m": 20,
        "respawn_scope": "QUEST_INSTANCE_NO_RESPAWN",
        "unique": false
      }
    },
    {
      "type": "Feature",
      "id": "enemy:quest:H-D1-03-S05",
      "geometry": {
        "type": "Point",
        "coordinates": [
          12.4635989,
          41.8847241
        ]
      },
      "properties": {
        "feature_type": "enemy_encounter",
        "encounter_id": "QE-H-D1-03-S05",
        "candidate_id": "place_day_1_fontana_dei_satirelli",
        "quest_id": "H-D1-03",
        "quest_step_id": "H-D1-03-S05",
        "combat_profile_id": "CP-QE-SATIRELLI",
        "system_type": "QUEST_ENEMY",
        "name": "I Satirelli Gemelli",
        "day": "DAY_1",
        "cluster": "D1_TRASTEVERE_TIBER_ISLAND",
        "description": "Zwei Satyrzwillinge kämpfen als gemeinsame Einheit und tauschen ständig Attribute.",
        "rarity": "R",
        "combat_role": "DUO_TRICKSTER",
        "combat_pattern": "Einer verspottet, einer greift an; Zuordnung zeigt, welcher gerade verwundbar ist.",
        "abilities": [
          "Flötentaumel: zufällige Zielverwechslung.",
          "Traubenwurf: kleiner Flächendebuff auf Initiative."
        ],
        "phase_rule": "Keine zweite Phase; Rollenwechsel jede Runde.",
        "target_rule": "Zufälliges Ziel, dann schnellster Spieler.",
        "counterplay": "Korrekte Attributzuordnung markiert den verwundbaren Zwilling.",
        "status_target_rules": [
          "CONFUSED",
          "INITIATIVE_DOWN"
        ],
        "behavior": {
          "type": "DUO_TRICKSTER",
          "powerAttackEvery": 3,
          "powerAttackMultiplier": 1.35,
          "targetStrategy": "THREAT"
        },
        "hp": 180,
        "atk": 20,
        "def": 13,
        "initiative": 13,
        "statusChance": 0.18,
        "content_status": "APPROVED",
        "publishable": true,
        "aggro_radius_m": 20,
        "respawn_scope": "QUEST_INSTANCE_NO_RESPAWN",
        "unique": false
      }
    },
    {
      "type": "Feature",
      "id": "enemy:quest:H-D2-02-S05",
      "geometry": {
        "type": "Point",
        "coordinates": [
          12.5039912,
          41.8919766
        ]
      },
      "properties": {
        "feature_type": "enemy_encounter",
        "encounter_id": "QE-H-D2-02-S05",
        "candidate_id": "place_day_2_piazza_dante",
        "quest_id": "H-D2-02",
        "quest_step_id": "H-D2-02-S05",
        "combat_profile_id": "CP-QE-INFERNO",
        "system_type": "QUEST_ENEMY",
        "name": "Custode dell’Inferno",
        "day": "DAY_2",
        "cluster": "D2_MONTI_ESQUILINO",
        "description": "Ein roter Windwächter dreht den Kampfkompass und zwingt das Team zu Richtungsentscheidungen.",
        "rarity": "SR",
        "combat_role": "DIRECTION_CONTROLLER",
        "combat_pattern": "Telegraphiert Nord, Ost, Süd oder West; falsche Orientierung verstärkt den nächsten Angriff.",
        "abilities": [
          "Gedrehte Rose: vertauscht zwei Aktionssymbole.",
          "Verlorener Kreis: teamweiter Debuff nach zweimal falscher Richtung."
        ],
        "phase_rule": "Keine Phase; wird durch USCITA-Code direkt geschwächt.",
        "target_rule": "Zielt auf zuletzt antwortenden Spieler.",
        "counterplay": "Korrekte Windrose und Code USCITA fixieren Norden; klare Teamansage verhindert Verwechslung.",
        "status_target_rules": [
          "DIRECTION_SWAP",
          "LOST"
        ],
        "behavior": {
          "type": "DIRECTION_CONTROLLER",
          "powerAttackEvery": 3,
          "powerAttackMultiplier": 1.35,
          "targetStrategy": "THREAT"
        },
        "hp": 250,
        "atk": 25,
        "def": 18,
        "initiative": 12,
        "statusChance": 0.24,
        "content_status": "APPROVED",
        "publishable": true,
        "aggro_radius_m": 20,
        "respawn_scope": "QUEST_INSTANCE_NO_RESPAWN",
        "unique": false
      }
    }
  ]
}
